,Note,Note série,Note 1 an,Nb match,Nb match série,Nb match 1 an,Variation,Titu,Titu série,Titu 1 an,Temps,Tps série,Tps 1 an,Tps moy,Tps moy série,Tps moy 1 an,Min/But,Min/But 1 an,moy_j,moy_j_10,j-1,j-2,j-3,j-4,j-5,j-6,j-7,j-8,j-9,j-10,j-11,j-12,j-13,j-14,j-15,Titu_4,Titu_10,Cleansheet,Pass decis.,Occas° créée,Passes,Ballons,Fautes,But évité,Action stoppée,DMI
0,7.0,0.0,6.17,1,0,3,0.0,1.0,0.0,1.0,90,0,270,90.0,0.0,90.0,0.0,0.0,0.0,0.0,0.0,0.0,0.0,0.0,0.0,0.0,0.0,0.0,0.0,0.0,0.0,0.0,0.0,0.0,0.0,0,0,1.0,0.0,0.0,0.0,0.0,0.0,4.0,0.0,0.0
1,6.5,0.0,5.58,1,0,13,0.0,0.0,0.0,0.92,66,0,1146,66.0,0.0,88.15,0.0,0.0,0.0,6.5,0.0,0.0,0.0,0.0,0.0,6.5,0.0,0.0,0.0,0.0,0.0,0.0,0.0,0.0,0.0,0,1,0.0,0.0,0.0,0.0,0.0,0.0,2.0,3.0,0.0
2,6.0,6.0,6.0,26,26,27,0.98,1.0,1.0,1.0,2340,2340,2430,90.0,90.0,90.0,0.0,0.0,4.666666666666667,5.611111111111111,5.5,0.0,4.0,4.5,5.0,8.0,6.0,6.0,5.5,6.0,7.0,5.5,6.0,6.0,5.5,3,9,7.0,0.0,0.0,0.0,0.0,0.0,78.0,25.0,0.0
3,5.84,5.84,5.76,28,28,38,1.23,1.0,1.0,1.0,2520,2520,3420,90.0,90.0,90.0,0.0,0.0,5.625,6.0,7.0,4.5,5.5,5.5,0.0,5.5,6.0,7.0,7.0,6.0,6.0,7.5,6.0,7.0,6.0,4,9,9.0,0.0,0.0,0.0,0.0,0.0,65.0,54.0,5.5
4,5.8,5.0,5.8,5,3,5,1.3,1.0,1.0,1.0,450,270,450,90.0,90.0,90.0,0.0,0.0,5.0,5.0,4.0,0.0,5.0,6.0,0.0,0.0,0.0,0.0,0.0,0.0,0.0,0.0,0.0,0.0,0.0,3,3,3.0,0.0,0.0,0.0,0.0,0.0,9.0,3.0,0.0
5,5.74,5.74,5.74,27,27,39,1.1,1.0,1.0,1.0,2362,2362,3442,87.48,87.48,88.26,0.0,0.0,5.25,5.0,6.0,5.0,6.0,4.0,0.0,2.5,6.0,4.0,6.0,5.5,7.0,6.0,6.0,6.0,5.5,4,9,13.0,0.0,0.0,0.0,0.0,0.0,38.0,23.0,7.5
6,5.68,5.68,5.72,28,28,39,1.11,1.0,1.0,1.0,2520,2520,3510,90.0,90.0,90.0,0.0,0.0,5.0,5.388888888888889,3.5,0.0,4.5,7.0,6.0,7.5,6.0,4.0,6.0,4.0,4.5,5.5,6.5,6.0,6.5,3,9,11.0,0.0,0.0,0.0,0.0,0.0,62.0,21.0,5.0
7,5.65,5.5,5.69,27,1,34,1.26,1.0,1.0,1.0,2430,90,3060,90.0,90.0,90.0,0.0,0.0,5.5,6.0,5.5,0.0,6.0,5.0,6.0,6.0,7.0,5.5,7.5,5.5,2.5,6.5,6.0,5.5,5.0,3,9,6.0,0.0,0.0,0.0,0.0,0.0,62.0,22.0,6.0
8,5.62,5.38,5.62,21,13,21,1.13,1.0,1.0,1.0,1845,1170,1845,87.86,90.0,87.86,0.0,0.0,4.875,5.3,3.5,4.0,6.0,6.0,4.0,5.0,5.0,6.0,6.5,7.0,5.0,6.0,6.0,0.0,0.0,4,10,9.0,0.0,0.0,0.0,0.0,0.0,36.0,25.0,6.0
9,5.57,5.73,5.47,27,11,38,1.26,1.0,1.0,1.0,2375,990,3365,87.96,90.0,88.55,0.0,0.0,6.5,5.75,8.0,6.0,6.0,6.0,7.0,2.5,5.5,3.0,7.5,6.0,5.5,0.0,0.0,5.0,6.0,4,10,8.0,0.0,0.0,0.0,0.0,0.0,54.0,24.0,5.0
10,5.53,5.53,5.35,29,29,42,0.94,1.0,1.0,1.0,2610,2610,3780,90.0,90.0,90.0,0.0,0.0,5.75,5.45,6.0,6.0,6.0,5.0,5.0,5.5,4.5,4.5,4.0,8.0,5.5,6.0,6.0,6.0,6.0,4,10,12.0,0.0,0.0,0.0,0.0,0.0,53.0,16.0,4.5
11,5.5,0.0,5.5,2,0,2,0.71,1.0,0.0,1.0,180,0,180,90.0,0.0,90.0,0.0,0.0,0.0,5.0,0.0,0.0,0.0,0.0,0.0,0.0,0.0,0.0,5.0,0.0,0.0,0.0,6.0,0.0,0.0,0,1,0.0,0.0,0.0,0.0,0.0,0.0,6.0,1.0,0.0
12,5.47,5.45,5.5,19,10,20,1.14,1.0,1.0,1.0,1665,900,1755,87.63,90.0,87.75,0.0,0.0,5.5,5.45,5.0,4.5,7.0,5.5,3.0,7.5,6.0,6.0,6.0,4.0,0.0,0.0,0.0,0.0,0.0,4,10,4.0,0.0,0.0,0.0,0.0,0.0,46.0,22.0,6.0
13,5.42,6.5,5.47,25,1,35,0.8,1.0,1.0,1.0,2123,90,3023,84.92,90.0,86.37,0.0,0.0,6.5,5.571428571428571,6.5,0.0,0.0,0.0,5.5,5.0,5.5,5.0,6.0,5.5,5.0,4.5,4.0,6.0,5.5,1,7,5.0,0.0,0.0,0.0,0.0,0.0,37.0,34.0,6.5
14,5.36,0.0,5.09,7,0,16,1.35,1.0,0.0,1.0,630,0,1440,90.0,0.0,90.0,0.0,0.0,5.833333333333333,5.5,0.0,5.0,7.0,5.5,6.5,6.0,3.0,0.0,0.0,0.0,0.0,0.0,4.5,0.0,0.0,3,6,2.0,0.0,0.0,0.0,0.0,0.0,12.0,7.0,0.0
15,5.36,5.36,5.33,29,29,39,1.29,1.0,1.0,1.0,2610,2610,3475,90.0,90.0,89.1,0.0,0.0,5.25,5.3,3.5,7.0,5.0,5.5,6.0,6.0,4.5,4.5,6.0,5.0,4.0,8.0,6.0,4.0,5.0,4,10,5.0,0.0,0.0,0.0,0.0,0.0,60.0,21.0,6.5
16,5.36,5.36,5.31,29,29,39,1.33,1.0,1.0,1.0,2610,2610,3465,90.0,90.0,88.85,0.0,0.0,5.5,5.5,6.0,2.5,6.0,7.5,6.0,4.5,5.5,6.5,3.5,7.0,5.0,6.5,6.0,4.0,5.0,4,10,7.0,0.0,0.0,0.0,0.0,0.0,56.0,30.0,5.0
17,5.32,6.0,5.41,22,1,35,1.31,1.0,1.0,1.0,1980,90,3150,90.0,90.0,90.0,0.0,0.0,6.0,6.0,6.0,0.0,0.0,0.0,0.0,0.0,0.0,7.0,7.0,4.0,7.0,3.0,0.0,5.0,5.5,1,4,7.0,0.0,0.0,0.0,0.0,0.0,35.0,37.0,6.17
18,5.26,5.26,5.14,27,27,38,1.59,1.0,1.0,1.0,2430,2430,3420,90.0,90.0,90.0,0.0,0.0,4.0,5.0,4.5,0.0,6.5,1.0,0.0,6.5,7.5,5.5,4.0,4.5,7.0,6.0,6.0,7.0,3.5,3,8,11.0,0.0,0.0,0.0,0.0,0.0,50.0,24.0,4.5
19,5.25,0.0,5.25,18,0,18,1.93,1.0,0.0,1.0,1620,0,1620,90.0,0.0,90.0,0.0,0.0,0.0,6.0,0.0,0.0,0.0,0.0,0.0,0.0,0.0,0.0,0.0,6.0,6.0,4.5,0.0,6.0,3.5,0,1,6.0,0.0,0.0,0.0,0.0,0.0,40.0,14.0,5.0
20,5.21,5.1,5.2,28,21,40,1.29,1.0,1.0,1.0,2520,1890,3600,90.0,90.0,90.0,0.0,0.0,5.375,5.05,4.5,6.0,6.0,5.0,4.5,6.0,3.5,6.0,4.0,5.0,3.5,5.5,5.0,3.5,4.0,4,10,6.0,0.0,0.0,0.0,0.0,0.0,68.0,25.0,5.75
21,5.14,0.0,5.26,22,0,33,1.09,1.0,0.0,1.0,1980,0,2970,90.0,0.0,90.0,0.0,0.0,0.0,4.8,0.0,0.0,0.0,0.0,0.0,4.5,3.5,6.0,4.0,6.0,5.0,3.5,7.0,4.0,5.5,0,5,6.0,0.0,0.0,0.0,0.0,0.0,33.0,13.0,6.0
22,5.11,0.0,5.03,9,0,20,1.19,0.89,0.0,0.95,765,0,1755,85.0,0.0,87.75,0.0,0.0,0.0,0.0,0.0,0.0,0.0,0.0,0.0,0.0,0.0,0.0,0.0,0.0,0.0,0.0,0.0,5.0,5.5,0,0,1.0,0.0,0.0,0.0,0.0,0.0,19.0,6.0,4.5
23,5.07,5.07,5.1,28,28,39,0.87,1.0,1.0,1.0,2520,2520,3510,90.0,90.0,90.0,0.0,0.0,5.166666666666667,4.944444444444445,4.5,0.0,5.0,6.0,5.0,4.0,5.5,5.0,5.5,4.0,6.0,4.5,4.5,6.0,5.5,3,9,10.0,0.0,0.0,0.0,0.0,0.0,23.0,13.0,5.0
24,5.07,5.07,5.07,29,29,29,1.21,1.0,1.0,1.0,2610,2610,2610,90.0,90.0,90.0,0.0,0.0,5.5,5.35,5.5,4.0,7.5,5.0,5.5,7.0,4.0,3.0,6.0,6.0,4.0,5.5,2.5,6.0,2.5,4,10,4.0,0.0,0.0,0.0,0.0,0.0,49.0,13.0,4.5
25,5.02,0.0,5.06,26,0,27,1.43,1.0,0.0,1.0,2340,0,2430,90.0,0.0,90.0,0.0,0.0,5.5,4.875,0.0,0.0,4.0,7.0,4.5,4.0,6.0,5.0,4.5,4.0,4.5,6.0,3.5,7.5,7.0,2,8,6.0,0.0,0.0,0.0,0.0,0.0,51.0,25.0,4.5
26,5.0,0.0,4.75,3,0,4,1.0,0.67,0.0,0.75,235,0,325,78.33,0.0,81.25,0.0,0.0,0.0,0.0,0.0,0.0,0.0,0.0,0.0,0.0,0.0,0.0,0.0,0.0,0.0,6.0,5.0,0.0,0.0,0,0,1.0,0.0,0.0,0.0,0.0,0.0,6.0,3.0,0.0
27,5.0,0.0,5.0,2,0,2,0.71,1.0,0.0,1.0,180,0,180,90.0,0.0,90.0,0.0,0.0,0.0,0.0,0.0,0.0,0.0,0.0,0.0,0.0,0.0,0.0,0.0,0.0,0.0,0.0,0.0,0.0,0.0,0,0,1.0,0.0,0.0,0.0,0.0,0.0,2.0,0.0,4.5
28,5.0,5.25,5.0,3,2,3,0.87,1.0,1.0,1.0,270,180,270,90.0,90.0,90.0,0.0,0.0,5.25,5.25,6.0,4.5,0.0,0.0,0.0,0.0,0.0,0.0,0.0,0.0,0.0,0.0,0.0,0.0,0.0,2,2,0.0,0.0,0.0,0.0,0.0,0.0,5.0,7.0,0.0
29,4.94,4.94,5.11,9,8,14,1.31,1.0,1.0,1.0,810,720,1253,90.0,90.0,89.5,0.0,0.0,4.625,4.9375,4.5,4.5,5.0,4.5,3.0,7.0,4.0,7.0,0.0,0.0,0.0,0.0,0.0,0.0,0.0,4,8,1.0,0.0,0.0,0.0,0.0,0.0,16.0,6.0,0.0
30,4.9,0.0,4.9,5,0,5,0.89,0.4,0.0,0.4,307,0,307,61.4,0.0,61.4,0.0,0.0,5.0,5.166666666666667,0.0,0.0,6.0,4.0,5.5,0.0,0.0,0.0,0.0,0.0,0.0,0.0,0.0,0.0,0.0,2,3,0.0,0.0,0.0,0.0,0.0,0.0,7.0,2.0,4.0
31,4.75,0.0,4.75,2,0,2,1.77,1.0,0.0,1.0,180,0,180,90.0,0.0,90.0,0.0,0.0,3.5,3.5,0.0,3.5,0.0,0.0,0.0,0.0,0.0,0.0,0.0,0.0,0.0,0.0,0.0,0.0,0.0,1,1,0.0,0.0,0.0,0.0,0.0,0.0,3.0,2.0,0.0
32,4.55,0.0,4.55,11,0,11,1.19,0.91,0.0,0.91,945,0,945,85.91,0.0,85.91,0.0,0.0,0.0,0.0,0.0,0.0,0.0,0.0,0.0,0.0,0.0,0.0,0.0,0.0,4.0,4.5,5.0,6.5,3.5,0,0,2.0,0.0,0.0,0.0,0.0,0.0,22.0,9.0,0.0
33,0.0,0.0,0.0,0,0,0,0.0,0.0,0.0,0.0,0,0,0,0.0,0.0,0.0,0.0,0.0,0.0,0.0,0.0,0.0,0.0,0.0,0.0,0.0,0.0,0.0,0.0,0.0,0.0,0.0,0.0,0.0,0.0,0,0,0.0,0.0,0.0,0.0,0.0,0.0,0.0,0.0,0.0
34,0.0,0.0,0.0,0,0,0,0.0,0.0,0.0,0.0,0,0,0,0.0,0.0,0.0,0.0,0.0,0.0,0.0,0.0,0.0,0.0,0.0,0.0,0.0,0.0,0.0,0.0,0.0,0.0,0.0,0.0,0.0,0.0,0,0,0.0,0.0,0.0,0.0,0.0,0.0,0.0,0.0,0.0
35,0.0,0.0,0.0,0,0,0,0.0,0.0,0.0,0.0,0,0,0,0.0,0.0,0.0,0.0,0.0,0.0,0.0,0.0,0.0,0.0,0.0,0.0,0.0,0.0,0.0,0.0,0.0,0.0,0.0,0.0,0.0,0.0,0,0,0.0,0.0,0.0,0.0,0.0,0.0,0.0,0.0,0.0
36,0.0,0.0,0.0,0,0,0,0.0,0.0,0.0,0.0,0,0,0,0.0,0.0,0.0,0.0,0.0,0.0,0.0,0.0,0.0,0.0,0.0,0.0,0.0,0.0,0.0,0.0,0.0,0.0,0.0,0.0,0.0,0.0,0,0,0.0,0.0,0.0,0.0,0.0,0.0,0.0,0.0,0.0
37,0.0,0.0,0.0,0,0,0,0.0,0.0,0.0,0.0,0,0,0,0.0,0.0,0.0,0.0,0.0,0.0,0.0,0.0,0.0,0.0,0.0,0.0,0.0,0.0,0.0,0.0,0.0,0.0,0.0,0.0,0.0,0.0,0,0,0.0,0.0,0.0,0.0,0.0,0.0,0.0,0.0,0.0
38,0.0,0.0,3.75,0,0,2,0.0,0.0,0.0,1.0,0,0,180,0.0,0.0,90.0,0.0,0.0,0.0,0.0,0.0,0.0,0.0,0.0,0.0,0.0,0.0,0.0,0.0,0.0,0.0,0.0,0.0,0.0,0.0,0,0,0.0,0.0,0.0,0.0,0.0,0.0,0.0,0.0,0.0
39,0.0,0.0,0.0,0,0,0,0.0,0.0,0.0,0.0,0,0,0,0.0,0.0,0.0,0.0,0.0,0.0,0.0,0.0,0.0,0.0,0.0,0.0,0.0,0.0,0.0,0.0,0.0,0.0,0.0,0.0,0.0,0.0,0,0,0.0,0.0,0.0,0.0,0.0,0.0,0.0,0.0,0.0
40,0.0,0.0,5.0,0,0,3,0.0,0.0,0.0,1.0,0,0,270,0.0,0.0,90.0,0.0,0.0,0.0,0.0,0.0,0.0,0.0,0.0,0.0,0.0,0.0,0.0,0.0,0.0,0.0,0.0,0.0,0.0,0.0,0,0,0.0,0.0,0.0,0.0,0.0,0.0,0.0,0.0,0.0
41,0.0,0.0,0.0,0,0,0,0.0,0.0,0.0,0.0,0,0,0,0.0,0.0,0.0,0.0,0.0,0.0,0.0,0.0,0.0,0.0,0.0,0.0,0.0,0.0,0.0,0.0,0.0,0.0,0.0,0.0,0.0,0.0,0,0,0.0,0.0,0.0,0.0,0.0,0.0,0.0,0.0,0.0
42,0.0,0.0,0.0,0,0,0,0.0,0.0,0.0,0.0,0,0,0,0.0,0.0,0.0,0.0,0.0,0.0,0.0,0.0,0.0,0.0,0.0,0.0,0.0,0.0,0.0,0.0,0.0,0.0,0.0,0.0,0.0,0.0,0,0,0.0,0.0,0.0,0.0,0.0,0.0,0.0,0.0,0.0
43,0.0,0.0,0.0,0,0,0,0.0,0.0,0.0,0.0,0,0,0,0.0,0.0,0.0,0.0,0.0,0.0,0.0,0.0,0.0,0.0,0.0,0.0,0.0,0.0,0.0,0.0,0.0,0.0,0.0,0.0,0.0,0.0,0,0,0.0,0.0,0.0,0.0,0.0,0.0,0.0,0.0,0.0
44,0.0,0.0,4.83,0,0,9,0.0,0.0,0.0,1.0,0,0,810,0.0,0.0,90.0,0.0,0.0,0.0,0.0,0.0,0.0,0.0,0.0,0.0,0.0,0.0,0.0,0.0,0.0,0.0,0.0,0.0,0.0,0.0,0,0,0.0,0.0,0.0,0.0,0.0,0.0,0.0,0.0,0.0
45,0.0,0.0,0.0,0,0,0,0.0,0.0,0.0,0.0,0,0,0,0.0,0.0,0.0,0.0,0.0,0.0,0.0,0.0,0.0,0.0,0.0,0.0,0.0,0.0,0.0,0.0,0.0,0.0,0.0,0.0,0.0,0.0,0,0,0.0,0.0,0.0,0.0,0.0,0.0,0.0,0.0,0.0
46,0.0,0.0,0.0,0,0,0,0.0,0.0,0.0,0.0,0,0,0,0.0,0.0,0.0,0.0,0.0,0.0,0.0,0.0,0.0,0.0,0.0,0.0,0.0,0.0,0.0,0.0,0.0,0.0,0.0,0.0,0.0,0.0,0,0,0.0,0.0,0.0,0.0,0.0,0.0,0.0,0.0,0.0
47,0.0,0.0,0.0,0,0,0,0.0,0.0,0.0,0.0,0,0,0,0.0,0.0,0.0,0.0,0.0,0.0,0.0,0.0,0.0,0.0,0.0,0.0,0.0,0.0,0.0,0.0,0.0,0.0,0.0,0.0,0.0,0.0,0,0,0.0,0.0,0.0,0.0,0.0,0.0,0.0,0.0,0.0
48,0.0,0.0,0.0,0,0,0,0.0,0.0,0.0,0.0,0,0,0,0.0,0.0,0.0,0.0,0.0,0.0,0.0,0.0,0.0,0.0,0.0,0.0,0.0,0.0,0.0,0.0,0.0,0.0,0.0,0.0,0.0,0.0,0,0,0.0,0.0,0.0,0.0,0.0,0.0,0.0,0.0,0.0
49,0.0,0.0,0.0,0,0,0,0.0,0.0,0.0,0.0,0,0,0,0.0,0.0,0.0,0.0,0.0,0.0,0.0,0.0,0.0,0.0,0.0,0.0,0.0,0.0,0.0,0.0,0.0,0.0,0.0,0.0,0.0,0.0,0,0,0.0,0.0,0.0,0.0,0.0,0.0,0.0,0.0,0.0
50,0.0,0.0,6.0,0,0,1,0.0,0.0,0.0,0.0,0,0,35,0.0,0.0,35.0,0.0,0.0,0.0,0.0,0.0,0.0,0.0,0.0,0.0,0.0,0.0,0.0,0.0,0.0,0.0,0.0,0.0,0.0,0.0,0,0,0.0,0.0,0.0,0.0,0.0,0.0,0.0,0.0,0.0
51,0.0,0.0,0.0,0,0,0,0.0,0.0,0.0,0.0,0,0,0,0.0,0.0,0.0,0.0,0.0,0.0,0.0,0.0,0.0,0.0,0.0,0.0,0.0,0.0,0.0,0.0,0.0,0.0,0.0,0.0,0.0,0.0,0,0,0.0,0.0,0.0,0.0,0.0,0.0,0.0,0.0,0.0
52,0.0,0.0,0.0,0,0,0,0.0,0.0,0.0,0.0,0,0,0,0.0,0.0,0.0,0.0,0.0,0.0,0.0,0.0,0.0,0.0,0.0,0.0,0.0,0.0,0.0,0.0,0.0,0.0,0.0,0.0,0.0,0.0,0,0,0.0,0.0,0.0,0.0,0.0,0.0,0.0,0.0,0.0
53,0.0,0.0,0.0,0,0,0,0.0,0.0,0.0,0.0,0,0,0,0.0,0.0,0.0,0.0,0.0,0.0,0.0,0.0,0.0,0.0,0.0,0.0,0.0,0.0,0.0,0.0,0.0,0.0,0.0,0.0,0.0,0.0,0,0,0.0,0.0,0.0,0.0,0.0,0.0,0.0,0.0,0.0
54,0.0,0.0,0.0,0,0,0,0.0,0.0,0.0,0.0,0,0,0,0.0,0.0,0.0,0.0,0.0,0.0,0.0,0.0,0.0,0.0,0.0,0.0,0.0,0.0,0.0,0.0,0.0,0.0,0.0,0.0,0.0,0.0,0,0,0.0,0.0,0.0,0.0,0.0,0.0,0.0,0.0,0.0
55,0.0,0.0,0.0,0,0,0,0.0,0.0,0.0,0.0,0,0,0,0.0,0.0,0.0,0.0,0.0,0.0,0.0,0.0,0.0,0.0,0.0,0.0,0.0,0.0,0.0,0.0,0.0,0.0,0.0,0.0,0.0,0.0,0,0,0.0,0.0,0.0,0.0,0.0,0.0,0.0,0.0,0.0
56,0.0,0.0,0.0,0,0,0,0.0,0.0,0.0,0.0,0,0,0,0.0,0.0,0.0,0.0,0.0,0.0,0.0,0.0,0.0,0.0,0.0,0.0,0.0,0.0,0.0,0.0,0.0,0.0,0.0,0.0,0.0,0.0,0,0,0.0,0.0,0.0,0.0,0.0,0.0,0.0,0.0,0.0
57,6.2,6.2,5.48,10,10,20,1.32,1.0,1.0,1.0,900,900,1799,90.0,90.0,89.95,0.0,0.0,6.125,6.2,5.0,7.0,6.0,6.5,6.5,6.0,6.0,3.5,7.0,8.5,0.0,0.0,0.0,0.0,0.0,4,10,5.0,0.0,0.0,0.0,0.0,0.0,24.0,7.0,0.0
58,6.0,0.0,6.0,1,0,1,0.0,1.0,0.0,1.0,90,0,90,90.0,0.0,90.0,0.0,0.0,0.0,0.0,0.0,0.0,0.0,0.0,0.0,0.0,0.0,0.0,0.0,0.0,0.0,0.0,0.0,0.0,0.0,0,0,0.0,0.0,0.0,0.0,0.0,0.0,2.0,3.0,0.0
59,6.0,0.0,6.0,1,0,1,0.0,0.0,0.0,0.0,81,0,81,81.0,0.0,81.0,0.0,0.0,0.0,0.0,0.0,0.0,0.0,0.0,0.0,0.0,0.0,0.0,0.0,0.0,0.0,0.0,0.0,0.0,0.0,0,0,0.0,0.0,0.0,0.0,0.0,0.0,3.0,1.0,0.0
60,6.0,0.0,6.0,1,0,1,0.0,1.0,0.0,1.0,90,0,90,90.0,0.0,90.0,0.0,0.0,0.0,0.0,0.0,0.0,0.0,0.0,0.0,0.0,0.0,0.0,0.0,0.0,0.0,0.0,0.0,0.0,0.0,0,0,1.0,0.0,0.0,0.0,0.0,0.0,2.0,1.0,6.0
61,5.95,5.95,5.95,22,22,22,0.9,1.0,1.0,1.0,1980,1980,1980,90.0,90.0,90.0,0.0,0.0,6.0,5.85,7.0,5.0,6.5,5.5,7.5,6.0,6.0,6.0,4.0,5.0,6.5,6.0,6.0,6.0,6.5,4,10,13.0,0.0,0.0,0.0,0.0,0.0,42.0,35.0,7.0
62,5.85,0.0,5.56,24,0,31,1.04,1.0,0.0,1.0,2160,0,2790,90.0,0.0,90.0,0.0,0.0,6.833333333333333,5.75,0.0,7.5,7.0,6.0,4.0,6.0,6.5,3.0,6.0,0.0,5.0,6.0,4.0,6.0,6.0,3,8,9.0,0.0,0.0,0.0,0.0,0.0,50.0,26.0,5.0
63,5.85,5.85,5.48,10,10,20,0.94,1.0,1.0,1.0,900,900,1800,90.0,90.0,90.0,0.0,0.0,6.25,5.85,6.0,6.0,6.0,7.0,6.0,6.0,6.0,7.0,4.5,4.0,0.0,0.0,0.0,0.0,0.0,4,10,4.0,0.0,0.0,0.0,0.0,0.0,22.0,9.0,0.0
64,5.67,5.67,5.67,29,29,29,0.66,1.0,1.0,1.0,2610,2610,2610,90.0,90.0,90.0,0.0,0.0,6.125,5.5,6.5,5.0,7.0,6.0,5.0,5.0,5.0,5.0,6.0,4.5,5.5,5.5,5.5,7.0,5.5,4,10,12.0,0.0,0.0,0.0,0.0,0.0,49.0,29.0,5.5
65,5.64,5.64,5.54,29,29,35,1.22,1.0,1.0,1.0,2610,2610,3150,90.0,90.0,90.0,0.0,0.0,4.25,5.35,4.0,4.0,5.0,4.0,8.0,5.5,5.5,6.0,5.5,6.0,6.0,5.5,3.0,6.0,6.0,4,10,11.0,0.0,0.0,0.0,0.0,0.0,52.0,34.0,4.5
66,5.63,5.81,5.72,27,21,39,1.14,1.0,1.0,1.0,2430,1890,3510,90.0,90.0,90.0,0.0,0.0,4.75,6.05,6.0,4.5,4.0,4.5,7.0,7.5,6.0,6.5,7.0,7.5,6.0,5.0,5.0,6.5,5.5,4,10,9.0,0.0,0.0,0.0,0.0,0.0,46.0,30.0,4.0
67,5.57,6.0,5.49,28,16,40,1.32,1.0,1.0,1.0,2519,1440,3599,89.96,90.0,89.98,0.0,0.0,6.0,5.6,5.0,7.0,6.0,6.0,5.0,4.0,7.0,6.0,4.0,6.0,7.0,7.0,7.5,6.0,4.5,4,10,9.0,0.0,0.0,0.0,0.0,0.0,61.0,39.0,3.5
68,5.54,5.54,5.46,23,23,34,0.99,1.0,1.0,1.0,2070,2070,3060,90.0,90.0,90.0,0.0,0.0,5.375,5.6,5.0,7.0,4.5,5.0,4.5,5.5,5.0,6.5,7.0,6.0,5.0,5.5,6.0,6.0,6.0,4,10,8.0,0.0,0.0,0.0,0.0,0.0,39.0,21.0,6.0
69,5.5,5.5,5.53,27,25,32,1.12,1.0,1.0,1.0,2385,2250,2835,88.33,90.0,88.59,0.0,0.0,6.375,5.75,6.0,8.0,5.5,6.0,8.0,6.0,4.0,4.0,5.5,4.5,6.0,5.0,5.5,3.5,6.0,4,10,9.0,0.0,0.0,0.0,0.0,0.0,50.0,23.0,4.0
70,5.5,5.5,5.5,5,1,5,0.87,1.0,1.0,1.0,450,90,450,90.0,90.0,90.0,0.0,0.0,5.5,5.75,5.5,0.0,0.0,0.0,0.0,0.0,0.0,0.0,0.0,6.0,0.0,0.0,0.0,0.0,0.0,1,2,0.0,0.0,0.0,0.0,0.0,0.0,10.0,5.0,0.0
71,5.5,5.5,5.56,29,29,41,1.15,1.0,1.0,1.0,2610,2610,3690,90.0,90.0,90.0,0.0,0.0,5.25,4.95,5.0,5.5,6.0,4.5,4.0,4.0,5.0,6.5,4.5,4.5,5.0,5.0,7.0,6.0,3.5,4,10,8.0,0.0,0.0,0.0,0.0,0.0,58.0,46.0,5.5
72,5.5,0.0,5.5,7,0,7,1.41,1.0,0.0,1.0,630,0,630,90.0,0.0,90.0,0.0,0.0,0.0,0.0,0.0,0.0,0.0,0.0,0.0,0.0,0.0,0.0,0.0,0.0,4.0,4.0,6.0,7.0,5.5,0,0,1.0,0.0,0.0,0.0,0.0,0.0,22.0,10.0,0.0
73,5.45,5.45,5.45,29,29,29,1.27,1.0,1.0,1.0,2610,2610,2610,90.0,90.0,90.0,0.0,0.0,4.875,5.2,5.0,6.5,2.0,6.0,6.0,5.0,5.0,4.0,7.0,5.5,5.0,5.0,6.0,4.0,4.5,4,10,7.0,0.0,0.0,0.0,0.0,0.0,61.0,29.0,3.5
74,5.43,0.0,5.43,14,0,14,1.38,1.0,0.0,1.0,1183,0,1183,84.5,0.0,84.5,0.0,0.0,0.0,0.0,0.0,0.0,0.0,0.0,0.0,0.0,0.0,0.0,0.0,0.0,0.0,0.0,0.0,0.0,0.0,0,0,3.0,0.0,0.0,0.0,0.0,0.0,33.0,13.0,0.0
75,5.41,5.41,5.41,16,16,16,1.32,0.94,0.94,0.94,1427,1427,1427,89.19,89.19,89.19,0.0,0.0,5.375,5.5,4.0,4.0,6.5,7.0,4.0,6.5,6.0,7.0,4.0,6.0,3.0,4.5,7.0,5.0,6.0,4,10,4.0,0.0,0.0,0.0,0.0,0.0,38.0,18.0,3.0
76,5.39,7.0,5.37,23,1,31,1.25,1.0,1.0,1.0,2007,90,2667,87.26,90.0,86.03,0.0,0.0,7.0,5.714285714285714,7.0,0.0,0.0,0.0,5.0,4.5,6.0,5.0,5.5,7.0,4.0,7.0,5.0,5.5,5.5,1,7,6.0,0.0,0.0,0.0,0.0,0.0,38.0,23.0,3.25
77,5.36,0.0,5.61,7,0,14,0.56,0.86,0.0,0.93,600,0,1185,85.71,0.0,84.64,0.0,0.0,5.5,5.5,0.0,6.0,5.0,5.5,0.0,0.0,0.0,0.0,0.0,0.0,0.0,0.0,0.0,0.0,0.0,3,3,1.0,0.0,0.0,0.0,0.0,0.0,12.0,5.0,0.0
78,5.29,5.29,5.37,29,29,41,1.1,1.0,1.0,1.0,2610,2610,3690,90.0,90.0,90.0,0.0,0.0,4.75,4.75,4.0,4.0,6.0,5.0,4.0,4.5,6.0,5.0,4.0,5.0,5.0,7.0,5.5,2.5,6.0,4,10,5.0,0.0,0.0,0.0,0.0,0.0,63.0,33.0,6.0
79,5.21,5.21,5.26,29,29,41,1.11,1.0,1.0,1.0,2610,2610,3690,90.0,90.0,90.0,0.0,0.0,4.75,5.05,4.0,6.0,5.0,4.0,5.5,5.5,7.5,6.0,3.0,4.0,7.0,7.0,4.0,5.5,4.5,4,10,3.0,0.0,0.0,0.0,0.0,0.0,63.0,25.0,6.5
80,5.21,5.47,5.19,28,16,39,1.34,1.0,1.0,1.0,2520,1440,3510,90.0,90.0,90.0,0.0,0.0,5.5,5.25,5.5,5.0,4.5,7.0,3.0,4.0,4.5,5.0,8.0,6.0,6.0,6.5,6.0,4.0,5.5,4,10,4.0,0.0,0.0,0.0,0.0,0.0,69.0,31.0,0.0
81,5.0,0.0,5.0,2,0,2,0.0,1.0,0.0,1.0,180,0,180,90.0,0.0,90.0,0.0,0.0,0.0,0.0,0.0,0.0,0.0,0.0,0.0,0.0,0.0,0.0,0.0,0.0,0.0,0.0,0.0,0.0,0.0,0,0,0.0,0.0,0.0,0.0,0.0,0.0,4.0,0.0,0.0
82,5.0,0.0,5.09,8,0,17,1.16,1.0,0.0,1.0,720,0,1480,90.0,0.0,87.06,0.0,0.0,0.0,0.0,0.0,0.0,0.0,0.0,0.0,0.0,0.0,0.0,0.0,0.0,0.0,0.0,0.0,0.0,5.0,0,0,1.0,0.0,0.0,0.0,0.0,0.0,17.0,9.0,5.0
83,4.9,0.0,4.9,5,0,5,1.85,0.8,0.0,0.8,407,0,407,81.4,0.0,81.4,0.0,0.0,0.0,0.0,0.0,0.0,0.0,0.0,0.0,0.0,0.0,0.0,0.0,0.0,0.0,0.0,0.0,0.0,0.0,0,0,0.0,0.0,0.0,0.0,0.0,0.0,10.0,4.0,3.0
84,4.83,4.38,4.94,26,8,35,1.21,1.0,1.0,1.0,2259,720,2991,86.88,90.0,85.46,0.0,0.0,4.375,4.375,5.5,4.0,4.0,4.0,6.5,4.0,3.0,4.0,0.0,0.0,2.0,4.5,4.0,7.5,5.0,4,8,2.0,0.0,0.0,0.0,0.0,0.0,38.0,23.0,6.0
85,4.83,0.0,5.3,3,0,10,1.53,0.67,0.0,0.9,225,0,855,75.0,0.0,85.5,0.0,0.0,0.0,0.0,0.0,0.0,0.0,0.0,0.0,0.0,0.0,0.0,0.0,0.0,0.0,0.0,0.0,0.0,0.0,0,0,0.0,0.0,0.0,0.0,0.0,0.0,2.0,2.0,0.0
86,4.82,0.0,4.54,19,0,23,1.45,1.0,0.0,1.0,1710,0,2070,90.0,0.0,90.0,0.0,0.0,0.0,0.0,0.0,0.0,0.0,0.0,0.0,0.0,0.0,0.0,0.0,0.0,5.0,2.5,5.0,4.0,2.5,0,0,2.0,0.0,0.0,0.0,0.0,0.0,31.0,24.0,0.0
87,4.82,4.8,5.02,22,10,27,0.89,1.0,1.0,1.0,1980,900,2430,90.0,90.0,90.0,0.0,0.0,4.75,4.8,5.5,4.0,4.5,5.0,6.0,6.0,4.0,4.0,3.0,6.0,0.0,0.0,0.0,0.0,0.0,4,10,0.0,0.0,0.0,0.0,0.0,0.0,40.0,27.0,5.0
88,4.75,0.0,4.75,2,0,2,1.06,0.5,0.0,0.5,135,0,135,67.5,0.0,67.5,0.0,0.0,0.0,0.0,0.0,0.0,0.0,0.0,0.0,0.0,0.0,0.0,0.0,0.0,0.0,0.0,0.0,0.0,0.0,0,0,0.0,0.0,0.0,0.0,0.0,0.0,2.0,3.0,0.0
89,4.69,4.75,4.8,21,14,33,1.24,1.0,1.0,1.0,1890,1260,2970,90.0,90.0,90.0,0.0,0.0,4.0,4.5,5.5,4.0,4.0,2.5,4.0,5.0,6.0,6.0,5.0,3.0,5.0,6.0,6.0,4.5,0.0,4,10,2.0,0.0,0.0,0.0,0.0,0.0,44.0,22.0,0.0
90,4.17,0.0,4.67,3,0,6,1.26,1.0,0.0,0.83,270,0,528,90.0,0.0,88.0,0.0,0.0,0.0,4.75,0.0,0.0,0.0,0.0,0.0,0.0,0.0,0.0,5.5,4.0,0.0,0.0,0.0,0.0,0.0,0,2,0.0,0.0,0.0,0.0,0.0,0.0,0.0,1.0,0.0
91,0.0,0.0,5.88,0,0,4,0.0,0.0,0.0,1.0,0,0,289,0.0,0.0,72.25,0.0,0.0,0.0,0.0,0.0,0.0,0.0,0.0,0.0,0.0,0.0,0.0,0.0,0.0,0.0,0.0,0.0,0.0,0.0,0,0,0.0,0.0,0.0,0.0,0.0,0.0,0.0,0.0,6.0
92,0.0,0.0,5.5,0,0,7,0.0,0.0,0.0,1.0,0,0,630,0.0,0.0,90.0,0.0,0.0,0.0,0.0,0.0,0.0,0.0,0.0,0.0,0.0,0.0,0.0,0.0,0.0,0.0,0.0,0.0,0.0,0.0,0,0,0.0,0.0,0.0,0.0,0.0,0.0,0.0,0.0,4.5
93,0.0,0.0,0.0,0,0,0,0.0,0.0,0.0,0.0,0,0,0,0.0,0.0,0.0,0.0,0.0,0.0,0.0,0.0,0.0,0.0,0.0,0.0,0.0,0.0,0.0,0.0,0.0,0.0,0.0,0.0,0.0,0.0,0,0,0.0,0.0,0.0,0.0,0.0,0.0,0.0,0.0,0.0
94,0.0,0.0,0.0,1,0,1,0.0,0.0,0.0,0.0,80,0,80,80.0,0.0,80.0,0.0,0.0,0.0,0.0,0.0,0.0,0.0,0.0,0.0,0.0,0.0,0.0,0.0,0.0,0.0,0.0,0.0,0.0,0.0,0,0,0.0,0.0,0.0,0.0,0.0,0.0,0.0,0.0,0.0
95,0.0,0.0,0.0,0,0,0,0.0,0.0,0.0,0.0,0,0,0,0.0,0.0,0.0,0.0,0.0,0.0,0.0,0.0,0.0,0.0,0.0,0.0,0.0,0.0,0.0,0.0,0.0,0.0,0.0,0.0,0.0,0.0,0,0,0.0,0.0,0.0,0.0,0.0,0.0,0.0,0.0,0.0
96,0.0,0.0,5.55,0,0,20,0.0,0.0,0.0,1.0,0,0,1800,0.0,0.0,90.0,0.0,0.0,0.0,0.0,0.0,0.0,0.0,0.0,0.0,0.0,0.0,0.0,0.0,0.0,0.0,0.0,0.0,0.0,0.0,0,0,0.0,0.0,0.0,0.0,0.0,0.0,0.0,0.0,0.0
97,0.0,0.0,5.0,0,0,1,0.0,0.0,0.0,0.0,0,0,7,0.0,0.0,7.0,0.0,0.0,0.0,0.0,0.0,0.0,0.0,0.0,0.0,0.0,0.0,0.0,0.0,0.0,0.0,0.0,0.0,0.0,0.0,0,0,0.0,0.0,0.0,0.0,0.0,0.0,0.0,0.0,0.0
98,0.0,0.0,0.0,0,0,0,0.0,0.0,0.0,0.0,0,0,0,0.0,0.0,0.0,0.0,0.0,0.0,0.0,0.0,0.0,0.0,0.0,0.0,0.0,0.0,0.0,0.0,0.0,0.0,0.0,0.0,0.0,0.0,0,0,0.0,0.0,0.0,0.0,0.0,0.0,0.0,0.0,0.0
99,0.0,0.0,5.5,0,0,5,0.0,0.0,0.0,0.8,0,0,361,0.0,0.0,72.2,0.0,0.0,0.0,0.0,0.0,0.0,0.0,0.0,0.0,0.0,0.0,0.0,0.0,0.0,0.0,0.0,0.0,0.0,0.0,0,0,0.0,0.0,0.0,0.0,0.0,0.0,0.0,0.0,0.0
100,0.0,0.0,4.63,0,0,8,0.0,0.0,0.0,1.0,0,0,720,0.0,0.0,90.0,0.0,0.0,0.0,0.0,0.0,0.0,0.0,0.0,0.0,0.0,0.0,0.0,0.0,0.0,0.0,0.0,0.0,0.0,0.0,0,0,0.0,0.0,0.0,0.0,0.0,0.0,0.0,0.0,0.0
101,0.0,0.0,5.14,0,0,11,0.0,0.0,0.0,1.0,0,0,990,0.0,0.0,90.0,0.0,0.0,0.0,0.0,0.0,0.0,0.0,0.0,0.0,0.0,0.0,0.0,0.0,0.0,0.0,0.0,0.0,0.0,0.0,0,0,0.0,0.0,0.0,0.0,0.0,0.0,0.0,0.0,0.0
102,0.0,0.0,0.0,0,0,0,0.0,0.0,0.0,0.0,0,0,0,0.0,0.0,0.0,0.0,0.0,0.0,0.0,0.0,0.0,0.0,0.0,0.0,0.0,0.0,0.0,0.0,0.0,0.0,0.0,0.0,0.0,0.0,0,0,0.0,0.0,0.0,0.0,0.0,0.0,0.0,0.0,0.0
103,0.0,0.0,4.73,0,0,11,0.0,0.0,0.0,0.91,0,0,945,0.0,0.0,85.91,0.0,0.0,0.0,0.0,0.0,0.0,0.0,0.0,0.0,0.0,0.0,0.0,0.0,0.0,0.0,0.0,0.0,0.0,0.0,0,0,0.0,0.0,0.0,0.0,0.0,0.0,0.0,0.0,6.5
104,0.0,0.0,0.0,0,0,0,0.0,0.0,0.0,0.0,0,0,0,0.0,0.0,0.0,0.0,0.0,0.0,0.0,0.0,0.0,0.0,0.0,0.0,0.0,0.0,0.0,0.0,0.0,0.0,0.0,0.0,0.0,0.0,0,0,0.0,0.0,0.0,0.0,0.0,0.0,0.0,0.0,0.0
105,0.0,0.0,5.5,0,0,8,0.0,0.0,0.0,0.88,0,0,699,0.0,0.0,87.38,0.0,0.0,0.0,0.0,0.0,0.0,0.0,0.0,0.0,0.0,0.0,0.0,0.0,0.0,0.0,0.0,0.0,0.0,0.0,0,0,0.0,0.0,0.0,0.0,0.0,0.0,0.0,0.0,0.0
106,0.0,0.0,0.0,0,0,0,0.0,0.0,0.0,0.0,0,0,0,0.0,0.0,0.0,0.0,0.0,0.0,0.0,0.0,0.0,0.0,0.0,0.0,0.0,0.0,0.0,0.0,0.0,0.0,0.0,0.0,0.0,0.0,0,0,0.0,0.0,0.0,0.0,0.0,0.0,0.0,0.0,0.0
107,0.0,0.0,0.0,0,0,0,0.0,0.0,0.0,0.0,0,0,0,0.0,0.0,0.0,0.0,0.0,0.0,0.0,0.0,0.0,0.0,0.0,0.0,0.0,0.0,0.0,0.0,0.0,0.0,0.0,0.0,0.0,0.0,0,0,0.0,0.0,0.0,0.0,0.0,0.0,0.0,0.0,0.0
108,0.0,0.0,5.5,0,0,4,0.0,0.0,0.0,0.75,0,0,330,0.0,0.0,82.5,0.0,0.0,0.0,0.0,0.0,0.0,0.0,0.0,0.0,0.0,0.0,0.0,0.0,0.0,0.0,0.0,0.0,0.0,0.0,0,0,0.0,0.0,0.0,0.0,0.0,0.0,0.0,0.0,0.0
109,0.0,0.0,0.0,0,0,0,0.0,0.0,0.0,0.0,0,0,0,0.0,0.0,0.0,0.0,0.0,0.0,0.0,0.0,0.0,0.0,0.0,0.0,0.0,0.0,0.0,0.0,0.0,0.0,0.0,0.0,0.0,0.0,0,0,0.0,0.0,0.0,0.0,0.0,0.0,0.0,0.0,0.0
110,0.0,0.0,0.0,0,0,0,0.0,0.0,0.0,0.0,0,0,0,0.0,0.0,0.0,0.0,0.0,0.0,0.0,0.0,0.0,0.0,0.0,0.0,0.0,0.0,0.0,0.0,0.0,0.0,0.0,0.0,0.0,0.0,0,0,0.0,0.0,0.0,0.0,0.0,0.0,0.0,0.0,0.0
111,0.0,0.0,0.0,0,0,0,0.0,0.0,0.0,0.0,0,0,0,0.0,0.0,0.0,0.0,0.0,0.0,0.0,0.0,0.0,0.0,0.0,0.0,0.0,0.0,0.0,0.0,0.0,0.0,0.0,0.0,0.0,0.0,0,0,0.0,0.0,0.0,0.0,0.0,0.0,0.0,0.0,0.0
112,0.0,0.0,0.0,0,0,0,0.0,0.0,0.0,0.0,0,0,0,0.0,0.0,0.0,0.0,0.0,0.0,0.0,0.0,0.0,0.0,0.0,0.0,0.0,0.0,0.0,0.0,0.0,0.0,0.0,0.0,0.0,0.0,0,0,0.0,0.0,0.0,0.0,0.0,0.0,0.0,0.0,0.0
113,0.0,0.0,0.0,0,0,0,0.0,0.0,0.0,0.0,0,0,0,0.0,0.0,0.0,0.0,0.0,0.0,0.0,0.0,0.0,0.0,0.0,0.0,0.0,0.0,0.0,0.0,0.0,0.0,0.0,0.0,0.0,0.0,0,0,0.0,0.0,0.0,0.0,0.0,0.0,0.0,0.0,0.0
114,0.0,0.0,0.0,0,0,0,0.0,0.0,0.0,0.0,0,0,0,0.0,0.0,0.0,0.0,0.0,0.0,0.0,0.0,0.0,0.0,0.0,0.0,0.0,0.0,0.0,0.0,0.0,0.0,0.0,0.0,0.0,0.0,0,0,0.0,0.0,0.0,0.0,0.0,0.0,0.0,0.0,0.0
115,0.0,0.0,0.0,0,0,0,0.0,0.0,0.0,0.0,0,0,0,0.0,0.0,0.0,0.0,0.0,0.0,0.0,0.0,0.0,0.0,0.0,0.0,0.0,0.0,0.0,0.0,0.0,0.0,0.0,0.0,0.0,0.0,0,0,0.0,0.0,0.0,0.0,0.0,0.0,0.0,0.0,0.0
116,0.0,0.0,0.0,0,0,0,0.0,0.0,0.0,0.0,0,0,0,0.0,0.0,0.0,0.0,0.0,0.0,0.0,0.0,0.0,0.0,0.0,0.0,0.0,0.0,0.0,0.0,0.0,0.0,0.0,0.0,0.0,0.0,0,0,0.0,0.0,0.0,0.0,0.0,0.0,0.0,0.0,0.0
117,0.0,0.0,0.0,0,0,0,0.0,0.0,0.0,0.0,0,0,0,0.0,0.0,0.0,0.0,0.0,0.0,0.0,0.0,0.0,0.0,0.0,0.0,0.0,0.0,0.0,0.0,0.0,0.0,0.0,0.0,0.0,0.0,0,0,0.0,0.0,0.0,0.0,0.0,0.0,0.0,0.0,0.0
118,0.0,0.0,0.0,0,0,0,0.0,0.0,0.0,0.0,0,0,0,0.0,0.0,0.0,0.0,0.0,0.0,0.0,0.0,0.0,0.0,0.0,0.0,0.0,0.0,0.0,0.0,0.0,0.0,0.0,0.0,0.0,0.0,0,0,0.0,0.0,0.0,0.0,0.0,0.0,0.0,0.0,0.0
119,0.0,0.0,0.0,0,0,0,0.0,0.0,0.0,0.0,0,0,0,0.0,0.0,0.0,0.0,0.0,0.0,0.0,0.0,0.0,0.0,0.0,0.0,0.0,0.0,0.0,0.0,0.0,0.0,0.0,0.0,0.0,0.0,0,0,0.0,0.0,0.0,0.0,0.0,0.0,0.0,0.0,0.0
120,0.0,0.0,0.0,0,0,0,0.0,0.0,0.0,0.0,0,0,0,0.0,0.0,0.0,0.0,0.0,0.0,0.0,0.0,0.0,0.0,0.0,0.0,0.0,0.0,0.0,0.0,0.0,0.0,0.0,0.0,0.0,0.0,0,0,0.0,0.0,0.0,0.0,0.0,0.0,0.0,0.0,0.0
121,0.0,0.0,0.0,0,0,0,0.0,0.0,0.0,0.0,0,0,0,0.0,0.0,0.0,0.0,0.0,0.0,0.0,0.0,0.0,0.0,0.0,0.0,0.0,0.0,0.0,0.0,0.0,0.0,0.0,0.0,0.0,0.0,0,0,0.0,0.0,0.0,0.0,0.0,0.0,0.0,0.0,0.0
122,0.0,0.0,0.0,0,0,0,0.0,0.0,0.0,0.0,0,0,0,0.0,0.0,0.0,0.0,0.0,0.0,0.0,0.0,0.0,0.0,0.0,0.0,0.0,0.0,0.0,0.0,0.0,0.0,0.0,0.0,0.0,0.0,0,0,0.0,0.0,0.0,0.0,0.0,0.0,0.0,0.0,0.0
123,0.0,0.0,0.0,0,0,0,0.0,0.0,0.0,0.0,0,0,0,0.0,0.0,0.0,0.0,0.0,0.0,0.0,0.0,0.0,0.0,0.0,0.0,0.0,0.0,0.0,0.0,0.0,0.0,0.0,0.0,0.0,0.0,0,0,0.0,0.0,0.0,0.0,0.0,0.0,0.0,0.0,0.0
124,0.0,0.0,0.0,0,0,0,0.0,0.0,0.0,0.0,0,0,0,0.0,0.0,0.0,0.0,0.0,0.0,0.0,0.0,0.0,0.0,0.0,0.0,0.0,0.0,0.0,0.0,0.0,0.0,0.0,0.0,0.0,0.0,0,0,0.0,0.0,0.0,0.0,0.0,0.0,0.0,0.0,0.0
125,0.0,0.0,0.0,0,0,0,0.0,0.0,0.0,0.0,0,0,0,0.0,0.0,0.0,0.0,0.0,0.0,0.0,0.0,0.0,0.0,0.0,0.0,0.0,0.0,0.0,0.0,0.0,0.0,0.0,0.0,0.0,0.0,0,0,0.0,0.0,0.0,0.0,0.0,0.0,0.0,0.0,0.0
126,0.0,0.0,0.0,0,0,0,0.0,0.0,0.0,0.0,0,0,0,0.0,0.0,0.0,0.0,0.0,0.0,0.0,0.0,0.0,0.0,0.0,0.0,0.0,0.0,0.0,0.0,0.0,0.0,0.0,0.0,0.0,0.0,0,0,0.0,0.0,0.0,0.0,0.0,0.0,0.0,0.0,0.0
127,6.0,0.0,6.0,1,0,1,0.0,0.0,0.0,0.0,12,0,12,12.0,0.0,12.0,0.0,0.0,0.0,6.0,0.0,0.0,0.0,0.0,0.0,6.0,0.0,0.0,0.0,0.0,0.0,0.0,0.0,0.0,0.0,0,1,0.0,0.0,0.0,0.0,0.0,0.0,2.0,1.0,0.0
128,5.94,0.0,5.94,17,0,17,0.92,1.0,0.0,1.0,1518,0,1518,89.29,0.0,89.29,0.0,0.0,0.0,6.2,0.0,0.0,0.0,0.0,0.0,6.0,7.0,7.0,6.0,5.0,7.0,5.5,6.0,4.0,5.0,0,5,5.0,0.0,0.0,0.0,0.0,0.0,40.0,23.0,5.5
129,5.9,6.5,5.93,5,1,7,0.42,0.6,1.0,0.71,368,90,548,73.6,90.0,78.29,0.0,0.0,6.25,6.25,6.5,0.0,6.0,0.0,0.0,0.0,0.0,0.0,0.0,0.0,0.0,0.0,0.0,0.0,0.0,2,2,1.0,0.0,0.0,0.0,0.0,0.0,12.0,5.0,0.0
130,5.76,0.0,5.77,25,0,37,1.42,1.0,0.0,1.0,2250,0,3330,90.0,0.0,90.0,0.0,0.0,6.75,6.0,0.0,0.0,7.5,6.0,6.5,4.5,6.0,4.0,6.0,7.5,6.0,6.5,8.0,5.0,6.0,2,8,9.0,0.0,0.0,0.0,0.0,0.0,67.0,34.0,5.25
131,5.75,0.0,5.58,6,0,13,0.88,1.0,0.0,1.0,540,0,1097,90.0,0.0,84.38,0.0,0.0,7.0,5.5,0.0,0.0,0.0,7.0,5.0,5.0,0.0,0.0,0.0,5.0,0.0,0.0,0.0,0.0,6.0,1,4,2.0,0.0,0.0,0.0,0.0,0.0,11.0,4.0,6.0
132,5.75,0.0,5.75,14,0,14,0.98,1.0,0.0,1.0,1260,0,1260,90.0,0.0,90.0,0.0,0.0,4.75,5.714285714285714,0.0,4.0,0.0,5.5,6.5,0.0,6.5,6.0,6.0,5.5,6.0,7.0,4.0,4.5,6.0,2,7,6.0,0.0,0.0,0.0,0.0,0.0,24.0,14.0,5.5
133,5.74,6.08,5.7,21,6,30,0.7,1.0,1.0,1.0,1890,540,2700,90.0,90.0,90.0,0.0,0.0,6.25,6.125,6.0,7.0,5.5,6.5,5.0,6.5,0.0,0.0,6.0,6.5,5.5,5.0,6.5,4.5,5.0,4,8,7.0,0.0,0.0,0.0,0.0,0.0,33.0,23.0,5.0
134,5.72,5.72,5.69,27,27,37,0.74,1.0,1.0,1.0,2430,2430,3330,90.0,90.0,90.0,0.0,0.0,5.875,5.9,6.0,5.5,7.0,5.0,5.0,6.5,6.0,6.0,6.0,6.0,5.0,6.0,4.5,5.5,5.5,4,10,20.0,0.0,0.0,0.0,0.0,0.0,40.0,15.0,6.0
135,5.71,6.0,5.81,21,3,27,1.16,1.0,1.0,0.96,1890,270,2413,90.0,90.0,89.37,0.0,0.0,6.0,5.75,6.5,6.0,5.5,0.0,0.0,0.0,7.0,3.5,6.0,0.0,4.0,5.5,6.0,4.5,0.0,3,6,8.0,0.0,0.0,0.0,0.0,0.0,41.0,19.0,0.0
136,5.69,5.69,5.69,8,8,8,0.88,1.0,1.0,1.0,720,720,720,90.0,90.0,90.0,0.0,0.0,5.625,5.6875,4.0,5.5,6.0,7.0,6.0,6.0,5.0,6.0,0.0,0.0,0.0,0.0,0.0,0.0,0.0,4,8,3.0,0.0,0.0,0.0,0.0,0.0,16.0,5.0,0.0
137,5.63,0.0,5.63,4,0,4,0.48,0.5,0.0,0.5,206,0,206,51.5,0.0,51.5,0.0,0.0,0.0,0.0,0.0,0.0,0.0,0.0,0.0,0.0,0.0,0.0,0.0,0.0,0.0,0.0,0.0,0.0,0.0,0,0,0.0,0.0,0.0,0.0,0.0,0.0,5.0,2.0,5.5
138,5.61,5.61,5.66,27,27,38,1.51,1.0,1.0,1.0,2430,2430,3420,90.0,90.0,90.0,0.0,0.0,5.875,6.0,6.0,7.0,5.0,5.5,5.5,7.0,7.0,6.0,5.0,6.0,4.0,5.0,5.5,5.0,6.5,4,10,9.0,0.0,0.0,0.0,0.0,0.0,47.0,41.0,6.0
139,5.59,5.59,5.59,27,27,38,0.87,1.0,1.0,1.0,2430,2430,3420,90.0,90.0,90.0,0.0,0.0,5.25,5.7,4.5,6.0,5.0,5.5,6.0,6.0,5.5,5.0,7.0,6.5,5.0,6.0,6.5,5.5,6.0,4,10,10.0,0.0,0.0,0.0,0.0,0.0,46.0,25.0,6.0
140,5.54,5.59,5.51,25,17,37,0.88,1.0,1.0,1.0,2224,1530,3304,88.96,90.0,89.3,0.0,0.0,5.75,5.95,6.0,5.5,7.0,4.5,6.5,6.5,6.5,4.5,7.0,5.5,5.0,4.5,6.0,5.0,4.5,4,10,11.0,0.0,0.0,0.0,0.0,0.0,26.0,28.0,6.5
141,5.5,5.5,5.5,6,6,6,0.55,0.83,0.83,0.83,495,495,495,82.5,82.5,82.5,0.0,0.0,5.375,5.5,5.5,5.5,4.5,6.0,5.5,6.0,0.0,0.0,0.0,0.0,0.0,0.0,0.0,0.0,0.0,4,6,2.0,0.0,0.0,0.0,0.0,0.0,8.0,3.0,0.0
142,5.48,5.34,5.48,26,16,26,1.34,1.0,1.0,1.0,2295,1395,2295,88.27,87.19,88.27,0.0,0.0,5.0,4.95,4.5,5.5,4.5,5.5,6.0,2.0,4.5,6.0,5.5,5.5,6.5,4.0,6.0,6.0,8.0,4,10,2.0,0.0,0.0,0.0,0.0,0.0,70.0,28.0,5.5
143,5.43,5.43,5.59,27,27,39,1.14,1.0,1.0,1.0,2430,2430,3510,90.0,90.0,90.0,0.0,0.0,5.625,5.3,6.0,5.0,5.0,6.5,3.0,5.0,4.5,7.0,4.5,6.5,5.5,6.0,4.5,7.0,6.0,4,10,9.0,0.0,0.0,0.0,0.0,0.0,36.0,28.0,6.0
144,5.43,5.43,5.54,27,27,35,0.95,1.0,1.0,1.0,2430,2430,3150,90.0,90.0,90.0,0.0,0.0,4.75,5.3,5.0,4.0,6.0,4.0,7.0,6.0,4.0,7.0,6.0,4.0,6.0,5.0,6.5,6.0,5.5,4,10,5.0,0.0,0.0,0.0,0.0,0.0,51.0,28.0,4.0
145,5.42,0.0,5.63,6,0,8,0.86,1.0,0.0,1.0,540,0,720,90.0,0.0,90.0,0.0,0.0,0.0,4.75,0.0,0.0,0.0,0.0,0.0,0.0,5.0,4.5,0.0,0.0,0.0,0.0,0.0,0.0,0.0,0,2,3.0,0.0,0.0,0.0,0.0,0.0,6.0,5.0,0.0
146,5.38,6.0,5.45,13,1,22,0.85,1.0,1.0,1.0,1101,90,1911,84.69,90.0,86.86,0.0,0.0,6.5,5.833333333333333,6.0,0.0,7.0,0.0,0.0,4.5,0.0,0.0,0.0,0.0,0.0,0.0,0.0,0.0,0.0,2,3,3.0,0.0,0.0,0.0,0.0,0.0,21.0,12.0,5.0
147,5.38,5.13,5.38,12,8,12,1.15,1.0,1.0,1.0,1080,720,1080,90.0,90.0,90.0,0.0,0.0,5.625,5.222222222222222,6.5,6.0,4.0,6.0,5.5,2.5,6.0,4.5,0.0,6.0,6.0,5.5,6.0,0.0,0.0,4,9,4.0,0.0,0.0,0.0,0.0,0.0,20.0,10.0,5.5
148,5.31,5.47,5.35,26,19,37,1.09,1.0,1.0,1.0,2340,1710,3330,90.0,90.0,90.0,0.0,0.0,5.25,5.35,5.5,5.0,4.0,6.5,5.5,4.5,4.0,7.0,6.5,5.0,6.5,4.0,6.0,6.5,4.5,4,10,9.0,0.0,0.0,0.0,0.0,0.0,44.0,26.0,5.5
149,5.29,5.17,5.12,7,6,17,1.15,1.0,1.0,1.0,630,540,1530,90.0,90.0,90.0,0.0,0.0,4.5,5.166666666666667,5.0,3.5,4.5,5.0,6.0,7.0,0.0,0.0,0.0,0.0,0.0,0.0,0.0,0.0,0.0,4,6,1.0,0.0,0.0,0.0,0.0,0.0,13.0,8.0,0.0
150,5.24,5.24,5.28,27,27,36,1.2,1.0,1.0,1.0,2430,2430,3240,90.0,90.0,90.0,0.0,0.0,4.625,5.2,3.0,5.0,4.0,6.5,7.5,5.0,6.0,5.5,4.0,5.5,5.0,6.0,5.0,4.0,8.0,4,10,1.0,0.0,0.0,0.0,0.0,0.0,70.0,34.0,5.25
151,5.23,0.0,5.28,22,0,34,1.05,1.0,0.0,1.0,1935,0,3015,87.95,0.0,88.68,0.0,0.0,0.0,5.2,0.0,0.0,0.0,0.0,4.0,0.0,7.0,5.5,5.5,4.0,4.0,5.5,7.0,5.5,6.0,0,5,8.0,0.0,0.0,0.0,0.0,0.0,33.0,17.0,5.0
152,5.21,5.21,5.21,17,17,17,1.19,1.0,1.0,1.0,1530,1530,1530,90.0,90.0,90.0,0.0,0.0,4.75,5.1,5.0,4.0,5.5,4.5,3.5,5.0,4.0,7.0,4.5,8.0,5.0,4.5,4.5,5.5,6.5,4,10,1.0,0.0,0.0,0.0,0.0,0.0,24.0,21.0,4.5
153,5.17,0.0,5.26,24,0,33,1.19,1.0,0.0,1.0,2062,0,2872,85.92,0.0,87.03,0.0,0.0,3.5,4.722222222222222,0.0,4.0,4.5,2.0,4.0,6.0,6.0,4.5,6.0,5.5,6.0,5.0,6.0,7.0,6.0,3,9,4.0,0.0,0.0,0.0,0.0,0.0,44.0,22.0,6.0
154,5.14,0.0,5.14,11,0,11,1.03,1.0,0.0,1.0,990,0,990,90.0,0.0,90.0,0.0,0.0,0.0,5.125,0.0,0.0,0.0,0.0,0.0,0.0,4.0,5.5,4.5,6.5,5.0,5.0,7.0,0.0,0.0,0,4,2.0,0.0,0.0,0.0,0.0,0.0,19.0,14.0,6.0
155,5.13,0.0,5.13,19,0,19,1.16,1.0,0.0,1.0,1710,0,1710,90.0,0.0,90.0,0.0,0.0,0.0,5.5,0.0,0.0,0.0,0.0,0.0,0.0,0.0,0.0,6.0,5.0,4.5,7.0,6.0,6.5,4.5,0,2,6.0,0.0,0.0,0.0,0.0,0.0,31.0,13.0,6.0
156,5.0,5.0,5.0,2,2,2,1.41,1.0,1.0,1.0,180,180,180,90.0,90.0,90.0,0.0,0.0,5.0,5.0,4.0,6.0,0.0,0.0,0.0,0.0,0.0,0.0,0.0,0.0,0.0,0.0,0.0,0.0,0.0,2,2,0.0,0.0,0.0,0.0,0.0,0.0,3.0,4.0,0.0
157,5.0,0.0,5.0,1,0,1,0.0,1.0,0.0,1.0,90,0,90,90.0,0.0,90.0,0.0,0.0,0.0,5.0,0.0,0.0,0.0,0.0,0.0,0.0,0.0,0.0,5.0,0.0,0.0,0.0,0.0,0.0,0.0,0,1,0.0,0.0,0.0,0.0,0.0,0.0,1.0,1.0,0.0
158,5.0,0.0,5.0,1,0,1,0.0,0.0,0.0,0.0,45,0,45,45.0,0.0,45.0,0.0,0.0,5.0,5.0,0.0,0.0,0.0,5.0,0.0,0.0,0.0,0.0,0.0,0.0,0.0,0.0,0.0,0.0,0.0,1,1,0.0,0.0,0.0,0.0,0.0,0.0,3.0,0.0,0.0
159,4.9,0.0,4.9,10,0,10,1.05,1.0,0.0,1.0,900,0,900,90.0,0.0,90.0,0.0,0.0,0.0,0.0,0.0,0.0,0.0,0.0,0.0,0.0,0.0,0.0,0.0,0.0,0.0,0.0,0.0,0.0,0.0,0,0,0.0,0.0,0.0,0.0,0.0,0.0,17.0,8.0,0.0
160,4.6,4.9,4.85,10,5,13,1.41,1.0,1.0,1.0,900,450,1170,90.0,90.0,90.0,0.0,0.0,5.375,4.9,5.0,4.0,7.5,5.0,3.0,0.0,0.0,0.0,0.0,0.0,0.0,0.0,0.0,0.0,0.0,4,5,1.0,0.0,0.0,0.0,0.0,0.0,26.0,4.0,0.0
161,2.5,0.0,5.23,1,0,11,0.0,1.0,0.0,1.0,90,0,928,90.0,0.0,84.36,0.0,0.0,0.0,0.0,0.0,0.0,0.0,0.0,0.0,0.0,0.0,0.0,0.0,0.0,0.0,0.0,0.0,0.0,0.0,0,0,0.0,0.0,0.0,0.0,0.0,0.0,0.0,1.0,0.0
162,0.0,0.0,6.5,0,0,1,0.0,0.0,0.0,1.0,0,0,90,0.0,0.0,90.0,0.0,0.0,0.0,0.0,0.0,0.0,0.0,0.0,0.0,0.0,0.0,0.0,0.0,0.0,0.0,0.0,0.0,0.0,0.0,0,0,0.0,0.0,0.0,0.0,0.0,0.0,0.0,0.0,0.0
163,0.0,0.0,0.0,0,0,0,0.0,0.0,0.0,0.0,0,0,0,0.0,0.0,0.0,0.0,0.0,0.0,0.0,0.0,0.0,0.0,0.0,0.0,0.0,0.0,0.0,0.0,0.0,0.0,0.0,0.0,0.0,0.0,0,0,0.0,0.0,0.0,0.0,0.0,0.0,0.0,0.0,0.0
164,0.0,0.0,5.25,0,0,2,0.0,0.0,0.0,1.0,0,0,180,0.0,0.0,90.0,0.0,0.0,0.0,0.0,0.0,0.0,0.0,0.0,0.0,0.0,0.0,0.0,0.0,0.0,0.0,0.0,0.0,0.0,0.0,0,0,0.0,0.0,0.0,0.0,0.0,0.0,0.0,0.0,0.0
165,0.0,0.0,0.0,0,0,0,0.0,0.0,0.0,0.0,0,0,0,0.0,0.0,0.0,0.0,0.0,0.0,0.0,0.0,0.0,0.0,0.0,0.0,0.0,0.0,0.0,0.0,0.0,0.0,0.0,0.0,0.0,0.0,0,0,0.0,0.0,0.0,0.0,0.0,0.0,0.0,0.0,0.0
166,0.0,0.0,0.0,0,0,0,0.0,0.0,0.0,0.0,0,0,0,0.0,0.0,0.0,0.0,0.0,0.0,0.0,0.0,0.0,0.0,0.0,0.0,0.0,0.0,0.0,0.0,0.0,0.0,0.0,0.0,0.0,0.0,0,0,0.0,0.0,0.0,0.0,0.0,0.0,0.0,0.0,0.0
167,0.0,0.0,0.0,0,0,0,0.0,0.0,0.0,0.0,0,0,0,0.0,0.0,0.0,0.0,0.0,0.0,0.0,0.0,0.0,0.0,0.0,0.0,0.0,0.0,0.0,0.0,0.0,0.0,0.0,0.0,0.0,0.0,0,0,0.0,0.0,0.0,0.0,0.0,0.0,0.0,0.0,0.0
168,0.0,0.0,0.0,0,0,0,0.0,0.0,0.0,0.0,0,0,0,0.0,0.0,0.0,0.0,0.0,0.0,0.0,0.0,0.0,0.0,0.0,0.0,0.0,0.0,0.0,0.0,0.0,0.0,0.0,0.0,0.0,0.0,0,0,0.0,0.0,0.0,0.0,0.0,0.0,0.0,0.0,0.0
169,0.0,0.0,0.0,0,0,0,0.0,0.0,0.0,0.0,0,0,0,0.0,0.0,0.0,0.0,0.0,0.0,0.0,0.0,0.0,0.0,0.0,0.0,0.0,0.0,0.0,0.0,0.0,0.0,0.0,0.0,0.0,0.0,0,0,0.0,0.0,0.0,0.0,0.0,0.0,0.0,0.0,0.0
170,0.0,0.0,0.0,0,0,0,0.0,0.0,0.0,0.0,0,0,0,0.0,0.0,0.0,0.0,0.0,0.0,0.0,0.0,0.0,0.0,0.0,0.0,0.0,0.0,0.0,0.0,0.0,0.0,0.0,0.0,0.0,0.0,0,0,0.0,0.0,0.0,0.0,0.0,0.0,0.0,0.0,0.0
171,0.0,0.0,0.0,0,0,0,0.0,0.0,0.0,0.0,0,0,0,0.0,0.0,0.0,0.0,0.0,0.0,0.0,0.0,0.0,0.0,0.0,0.0,0.0,0.0,0.0,0.0,0.0,0.0,0.0,0.0,0.0,0.0,0,0,0.0,0.0,0.0,0.0,0.0,0.0,0.0,0.0,0.0
172,0.0,0.0,0.0,0,0,0,0.0,0.0,0.0,0.0,0,0,0,0.0,0.0,0.0,0.0,0.0,0.0,0.0,0.0,0.0,0.0,0.0,0.0,0.0,0.0,0.0,0.0,0.0,0.0,0.0,0.0,0.0,0.0,0,0,0.0,0.0,0.0,0.0,0.0,0.0,0.0,0.0,0.0
173,0.0,0.0,0.0,0,0,0,0.0,0.0,0.0,0.0,0,0,0,0.0,0.0,0.0,0.0,0.0,0.0,0.0,0.0,0.0,0.0,0.0,0.0,0.0,0.0,0.0,0.0,0.0,0.0,0.0,0.0,0.0,0.0,0,0,0.0,0.0,0.0,0.0,0.0,0.0,0.0,0.0,0.0
174,0.0,0.0,0.0,0,0,0,0.0,0.0,0.0,0.0,0,0,0,0.0,0.0,0.0,0.0,0.0,0.0,0.0,0.0,0.0,0.0,0.0,0.0,0.0,0.0,0.0,0.0,0.0,0.0,0.0,0.0,0.0,0.0,0,0,0.0,0.0,0.0,0.0,0.0,0.0,0.0,0.0,0.0
175,0.0,0.0,0.0,0,0,0,0.0,0.0,0.0,0.0,0,0,0,0.0,0.0,0.0,0.0,0.0,0.0,0.0,0.0,0.0,0.0,0.0,0.0,0.0,0.0,0.0,0.0,0.0,0.0,0.0,0.0,0.0,0.0,0,0,0.0,0.0,0.0,0.0,0.0,0.0,0.0,0.0,0.0
176,0.0,0.0,0.0,0,0,0,0.0,0.0,0.0,0.0,0,0,0,0.0,0.0,0.0,0.0,0.0,0.0,0.0,0.0,0.0,0.0,0.0,0.0,0.0,0.0,0.0,0.0,0.0,0.0,0.0,0.0,0.0,0.0,0,0,0.0,0.0,0.0,0.0,0.0,0.0,0.0,0.0,0.0
177,0.0,0.0,0.0,0,0,0,0.0,0.0,0.0,0.0,0,0,0,0.0,0.0,0.0,0.0,0.0,0.0,0.0,0.0,0.0,0.0,0.0,0.0,0.0,0.0,0.0,0.0,0.0,0.0,0.0,0.0,0.0,0.0,0,0,0.0,0.0,0.0,0.0,0.0,0.0,0.0,0.0,0.0
178,0.0,0.0,0.0,0,0,0,0.0,0.0,0.0,0.0,0,0,0,0.0,0.0,0.0,0.0,0.0,0.0,0.0,0.0,0.0,0.0,0.0,0.0,0.0,0.0,0.0,0.0,0.0,0.0,0.0,0.0,0.0,0.0,0,0,0.0,0.0,0.0,0.0,0.0,0.0,0.0,0.0,0.0
179,0.0,0.0,3.5,0,0,1,0.0,0.0,0.0,0.0,0,0,17,0.0,0.0,17.0,0.0,0.0,0.0,0.0,0.0,0.0,0.0,0.0,0.0,0.0,0.0,0.0,0.0,0.0,0.0,0.0,0.0,0.0,0.0,0,0,0.0,0.0,0.0,0.0,0.0,0.0,0.0,0.0,0.0
180,0.0,0.0,0.0,0,0,0,0.0,0.0,0.0,0.0,0,0,0,0.0,0.0,0.0,0.0,0.0,0.0,0.0,0.0,0.0,0.0,0.0,0.0,0.0,0.0,0.0,0.0,0.0,0.0,0.0,0.0,0.0,0.0,0,0,0.0,0.0,0.0,0.0,0.0,0.0,0.0,0.0,0.0
181,0.0,0.0,0.0,0,0,0,0.0,0.0,0.0,0.0,0,0,0,0.0,0.0,0.0,0.0,0.0,0.0,0.0,0.0,0.0,0.0,0.0,0.0,0.0,0.0,0.0,0.0,0.0,0.0,0.0,0.0,0.0,0.0,0,0,0.0,0.0,0.0,0.0,0.0,0.0,0.0,0.0,0.0
182,0.0,0.0,0.0,0,0,0,0.0,0.0,0.0,0.0,0,0,0,0.0,0.0,0.0,0.0,0.0,0.0,0.0,0.0,0.0,0.0,0.0,0.0,0.0,0.0,0.0,0.0,0.0,0.0,0.0,0.0,0.0,0.0,0,0,0.0,0.0,0.0,0.0,0.0,0.0,0.0,0.0,0.0
183,0.0,0.0,0.0,0,0,0,0.0,0.0,0.0,0.0,0,0,0,0.0,0.0,0.0,0.0,0.0,0.0,0.0,0.0,0.0,0.0,0.0,0.0,0.0,0.0,0.0,0.0,0.0,0.0,0.0,0.0,0.0,0.0,0,0,0.0,0.0,0.0,0.0,0.0,0.0,0.0,0.0,0.0
184,0.0,0.0,0.0,0,0,0,0.0,0.0,0.0,0.0,0,0,0,0.0,0.0,0.0,0.0,0.0,0.0,0.0,0.0,0.0,0.0,0.0,0.0,0.0,0.0,0.0,0.0,0.0,0.0,0.0,0.0,0.0,0.0,0,0,0.0,0.0,0.0,0.0,0.0,0.0,0.0,0.0,0.0
185,0.0,0.0,0.0,0,0,0,0.0,0.0,0.0,0.0,0,0,0,0.0,0.0,0.0,0.0,0.0,0.0,0.0,0.0,0.0,0.0,0.0,0.0,0.0,0.0,0.0,0.0,0.0,0.0,0.0,0.0,0.0,0.0,0,0,0.0,0.0,0.0,0.0,0.0,0.0,0.0,0.0,0.0
186,0.0,0.0,0.0,0,0,0,0.0,0.0,0.0,0.0,0,0,0,0.0,0.0,0.0,0.0,0.0,0.0,0.0,0.0,0.0,0.0,0.0,0.0,0.0,0.0,0.0,0.0,0.0,0.0,0.0,0.0,0.0,0.0,0,0,0.0,0.0,0.0,0.0,0.0,0.0,0.0,0.0,0.0
187,0.0,0.0,0.0,0,0,0,0.0,0.0,0.0,0.0,0,0,0,0.0,0.0,0.0,0.0,0.0,0.0,0.0,0.0,0.0,0.0,0.0,0.0,0.0,0.0,0.0,0.0,0.0,0.0,0.0,0.0,0.0,0.0,0,0,0.0,0.0,0.0,0.0,0.0,0.0,0.0,0.0,0.0
188,0.0,0.0,0.0,0,0,0,0.0,0.0,0.0,0.0,0,0,0,0.0,0.0,0.0,0.0,0.0,0.0,0.0,0.0,0.0,0.0,0.0,0.0,0.0,0.0,0.0,0.0,0.0,0.0,0.0,0.0,0.0,0.0,0,0,0.0,0.0,0.0,0.0,0.0,0.0,0.0,0.0,0.0
189,6.5,0.0,5.5,1,0,11,0.0,1.0,0.0,1.0,90,0,990,90.0,0.0,90.0,0.0,0.0,6.5,6.5,0.0,6.5,0.0,0.0,0.0,0.0,0.0,0.0,0.0,0.0,0.0,0.0,0.0,0.0,0.0,1,1,1.0,0.0,0.0,0.0,0.0,0.0,4.0,1.0,0.0
190,6.5,0.0,6.5,1,0,1,0.0,1.0,0.0,1.0,90,0,90,90.0,0.0,90.0,0.0,0.0,6.5,6.5,0.0,0.0,6.5,0.0,0.0,0.0,0.0,0.0,0.0,0.0,0.0,0.0,0.0,0.0,0.0,1,1,1.0,0.0,0.0,0.0,0.0,0.0,2.0,2.0,0.0
191,5.94,0.0,5.82,9,0,11,1.24,0.89,0.0,0.91,767,0,902,85.22,0.0,82.0,0.0,0.0,4.5,6.25,0.0,4.5,0.0,0.0,8.0,0.0,0.0,0.0,0.0,0.0,0.0,0.0,0.0,5.5,0.0,1,2,4.0,0.0,0.0,0.0,0.0,0.0,13.0,15.0,5.5
192,5.88,0.0,5.88,4,0,4,0.25,1.0,0.0,1.0,360,0,360,90.0,0.0,90.0,0.0,0.0,6.0,6.0,0.0,6.0,0.0,0.0,0.0,0.0,0.0,0.0,0.0,0.0,0.0,0.0,0.0,0.0,0.0,1,1,3.0,0.0,0.0,0.0,0.0,0.0,8.0,1.0,0.0
193,5.83,5.83,5.78,27,27,39,0.87,0.96,0.96,0.97,2422,2422,3474,89.7,89.7,89.08,0.0,0.0,6.25,6.1,6.5,6.0,6.5,6.0,6.0,6.0,5.5,6.0,6.5,6.0,4.0,4.0,4.5,5.5,6.5,4,10,16.0,0.0,0.0,0.0,0.0,0.0,43.0,28.0,5.5
194,5.71,0.0,5.64,17,0,29,1.0,1.0,0.0,1.0,1530,0,2564,90.0,0.0,88.41,0.0,0.0,0.0,5.5,0.0,0.0,0.0,0.0,6.0,5.0,0.0,0.0,0.0,0.0,0.0,0.0,4.0,6.0,6.5,0,2,3.0,0.0,0.0,0.0,0.0,0.0,45.0,15.0,6.5
195,5.68,5.0,5.68,17,1,17,0.81,1.0,1.0,1.0,1530,90,1530,90.0,90.0,90.0,0.0,0.0,5.5,5.875,5.0,0.0,5.5,6.0,0.0,6.0,6.0,5.5,7.0,6.0,5.0,6.5,6.0,5.5,4.0,3,8,7.0,0.0,0.0,0.0,0.0,0.0,25.0,16.0,4.0
196,5.6,6.0,5.59,26,1,29,0.92,1.0,1.0,1.0,2340,90,2600,90.0,90.0,89.66,0.0,0.0,5.333333333333333,5.666666666666667,6.0,0.0,4.0,6.0,6.0,5.5,6.0,6.0,6.0,5.5,6.0,4.0,5.0,5.5,6.0,3,9,13.0,0.0,0.0,0.0,0.0,0.0,28.0,20.0,6.0
197,5.6,0.0,5.76,24,0,35,1.12,1.0,0.0,1.0,2160,0,3150,90.0,0.0,90.0,0.0,0.0,6.0,5.785714285714286,0.0,0.0,0.0,6.0,5.5,4.5,5.5,5.0,6.0,8.0,4.5,5.0,7.5,4.5,6.5,1,7,7.0,0.0,0.0,0.0,0.0,0.0,50.0,24.0,6.0
198,5.52,5.68,5.52,25,11,25,1.33,1.0,1.0,1.0,2138,925,2138,85.52,84.09,85.52,0.0,0.0,6.25,5.55,6.0,8.0,6.5,4.5,5.0,6.0,3.5,5.0,4.0,7.0,7.0,0.0,4.5,0.0,7.5,4,10,4.0,0.0,0.0,0.0,0.0,0.0,59.0,33.0,6.0
199,5.52,5.52,5.64,27,27,37,1.11,1.0,1.0,1.0,2430,2430,3330,90.0,90.0,90.0,0.0,0.0,5.75,6.0,5.0,6.0,5.5,6.5,7.5,5.5,6.5,7.0,4.5,6.0,4.0,6.0,6.5,2.5,5.0,4,10,5.0,0.0,0.0,0.0,0.0,0.0,58.0,24.0,6.0
200,5.52,5.52,5.45,27,27,29,0.94,1.0,1.0,1.0,2430,2430,2610,90.0,90.0,90.0,0.0,0.0,4.625,5.1,5.5,3.5,4.5,5.0,7.0,6.0,6.5,5.0,4.0,4.0,6.0,5.5,6.5,6.0,6.0,4,10,3.0,0.0,0.0,0.0,0.0,0.0,56.0,30.0,5.5
201,5.5,5.13,5.66,11,4,22,0.89,1.0,1.0,1.0,990,360,1980,90.0,90.0,90.0,0.0,0.0,5.125,5.125,4.0,5.0,6.0,5.5,0.0,0.0,0.0,0.0,0.0,0.0,0.0,0.0,0.0,0.0,0.0,4,4,3.0,0.0,0.0,0.0,0.0,0.0,14.0,9.0,5.5
202,5.5,5.5,5.5,18,18,18,1.34,1.0,1.0,1.0,1620,1620,1620,90.0,90.0,90.0,0.0,0.0,5.5,5.55,7.0,4.0,5.0,6.0,6.0,5.5,4.0,7.0,7.0,4.0,4.5,7.0,4.0,7.0,3.0,4,10,2.0,0.0,0.0,0.0,0.0,0.0,39.0,30.0,0.0
203,5.48,0.0,5.5,25,0,34,1.35,1.0,0.0,1.0,2250,0,3056,90.0,0.0,89.88,0.0,0.0,6.0,5.8125,0.0,0.0,7.0,5.0,5.0,7.0,6.0,4.5,6.0,6.0,8.0,6.0,4.0,4.5,4.0,2,8,4.0,0.0,0.0,0.0,0.0,0.0,64.0,20.0,5.25
204,5.45,6.5,5.55,19,1,28,1.14,1.0,1.0,1.0,1663,90,2473,87.53,90.0,88.32,0.0,0.0,5.166666666666667,4.75,6.5,0.0,4.5,4.5,0.0,6.0,5.5,4.0,4.0,3.0,6.5,6.5,7.0,0.0,6.5,3,8,11.0,0.0,0.0,0.0,0.0,0.0,21.0,18.0,0.0
205,5.45,5.75,5.45,10,4,10,1.54,1.0,1.0,1.0,900,360,900,90.0,90.0,90.0,0.0,0.0,5.75,5.0,4.0,5.5,6.5,7.0,0.0,0.0,4.0,5.5,4.5,3.0,7.0,7.5,0.0,0.0,0.0,4,8,2.0,0.0,0.0,0.0,0.0,0.0,30.0,6.0,0.0
206,5.43,5.41,5.39,21,11,31,1.08,1.0,1.0,1.0,1808,990,2708,86.1,90.0,87.35,0.0,0.0,4.75,5.45,5.0,5.0,5.5,3.5,4.0,7.0,7.0,7.0,6.0,4.5,5.0,0.0,4.0,0.0,5.0,4,10,7.0,0.0,0.0,0.0,0.0,0.0,30.0,25.0,4.0
207,5.4,5.33,5.4,26,3,26,1.16,1.0,1.0,1.0,2340,270,2340,90.0,90.0,90.0,0.0,0.0,5.333333333333333,6.0,5.0,5.5,5.5,0.0,6.5,6.5,6.0,8.0,4.5,6.5,4.0,6.0,6.0,4.0,6.0,3,9,7.0,0.0,0.0,0.0,0.0,0.0,57.0,19.0,4.0
208,5.33,0.0,5.33,3,0,3,0.58,0.67,0.0,0.67,155,0,155,51.67,0.0,51.67,0.0,0.0,0.0,0.0,0.0,0.0,0.0,0.0,0.0,0.0,0.0,0.0,0.0,0.0,0.0,5.0,6.0,5.0,0.0,0,0,0.0,0.0,0.0,0.0,0.0,0.0,3.0,2.0,0.0
209,5.31,4.25,5.33,26,2,36,1.22,1.0,1.0,1.0,2340,180,3240,90.0,90.0,90.0,0.0,0.0,4.166666666666667,5.388888888888889,3.0,5.5,0.0,4.0,6.0,6.0,5.5,6.5,7.0,5.0,7.0,4.5,6.5,5.0,4.0,3,9,3.0,0.0,0.0,0.0,0.0,0.0,46.0,43.0,5.0
210,5.3,5.3,5.38,27,27,39,1.06,1.0,1.0,1.0,2430,2430,3510,90.0,90.0,90.0,0.0,0.0,6.0,5.3,6.5,6.5,7.0,4.0,5.0,4.0,5.5,4.5,6.0,4.0,5.5,4.0,4.0,6.0,4.0,4,10,8.0,0.0,0.0,0.0,0.0,0.0,43.0,22.0,4.0
211,5.25,0.0,5.25,16,0,16,1.25,1.0,0.0,1.0,1440,0,1440,90.0,0.0,90.0,0.0,0.0,0.0,4.75,0.0,0.0,0.0,0.0,7.0,6.0,6.0,2.5,3.0,4.0,4.5,5.0,6.0,5.5,6.0,0,6,4.0,0.0,0.0,0.0,0.0,0.0,27.0,13.0,0.0
212,5.24,5.24,5.38,27,27,39,0.99,1.0,1.0,1.0,2430,2430,3510,90.0,90.0,90.0,0.0,0.0,5.625,5.6,6.0,5.5,7.0,4.0,5.5,5.0,6.0,5.0,6.0,6.0,4.5,5.5,4.5,6.0,4.5,4,10,10.0,0.0,0.0,0.0,0.0,0.0,25.0,36.0,6.0
213,5.22,6.0,5.07,23,1,35,1.03,1.0,1.0,1.0,2070,90,3150,90.0,90.0,90.0,0.0,0.0,6.5,5.5,6.0,0.0,6.5,7.0,5.5,5.5,5.5,4.5,5.0,4.0,6.0,5.5,4.0,4.5,6.0,3,9,4.0,0.0,0.0,0.0,0.0,0.0,39.0,11.0,5.0
214,5.22,5.22,5.17,27,27,29,0.97,1.0,1.0,1.0,2430,2430,2610,90.0,90.0,90.0,0.0,0.0,4.5,5.1,3.0,6.0,6.0,3.0,4.0,5.5,6.0,4.5,7.0,6.0,5.5,5.0,5.0,5.5,5.0,4,10,7.0,0.0,0.0,0.0,0.0,0.0,39.0,30.0,6.0
215,5.04,5.5,5.01,25,8,35,1.11,1.0,1.0,1.0,2250,720,3142,90.0,90.0,89.77,0.0,0.0,5.625,5.5,6.0,5.5,5.5,5.5,3.5,6.0,7.0,5.0,0.0,0.0,5.0,4.5,3.0,6.0,4.0,4,8,8.0,0.0,0.0,0.0,0.0,0.0,30.0,17.0,6.0
216,5.0,0.0,5.22,7,0,9,1.32,0.86,0.0,0.89,622,0,802,88.86,0.0,89.11,0.0,0.0,0.0,0.0,0.0,0.0,0.0,0.0,0.0,0.0,0.0,0.0,0.0,0.0,0.0,4.0,0.0,4.0,0.0,0,0,1.0,0.0,0.0,0.0,0.0,0.0,7.0,10.0,0.0
217,5.0,5.0,5.0,2,2,2,1.41,1.0,1.0,1.0,180,180,180,90.0,90.0,90.0,0.0,0.0,5.0,5.0,6.0,4.0,0.0,0.0,0.0,0.0,0.0,0.0,0.0,0.0,0.0,0.0,0.0,0.0,0.0,2,2,0.0,0.0,0.0,0.0,0.0,0.0,4.0,4.0,0.0
218,4.95,0.0,5.24,10,0,21,1.32,1.0,0.0,1.0,900,0,1890,90.0,0.0,90.0,0.0,0.0,4.0,4.25,0.0,4.0,0.0,0.0,4.5,0.0,0.0,0.0,0.0,0.0,0.0,0.0,0.0,0.0,0.0,1,2,2.0,0.0,0.0,0.0,0.0,0.0,16.0,8.0,5.5
219,4.75,0.0,4.75,2,0,2,1.06,1.0,0.0,1.0,180,0,180,90.0,0.0,90.0,0.0,0.0,0.0,4.75,0.0,0.0,0.0,0.0,0.0,0.0,0.0,0.0,5.5,4.0,0.0,0.0,0.0,0.0,0.0,0,2,0.0,0.0,0.0,0.0,0.0,0.0,2.0,1.0,0.0
220,4.67,4.67,4.67,3,3,3,0.58,1.0,1.0,1.0,270,270,270,90.0,90.0,90.0,0.0,0.0,4.666666666666667,4.666666666666667,5.0,5.0,4.0,0.0,0.0,0.0,0.0,0.0,0.0,0.0,0.0,0.0,0.0,0.0,0.0,3,3,0.0,0.0,0.0,0.0,0.0,0.0,5.0,1.0,0.0
221,4.5,0.0,4.75,1,0,2,0.0,0.0,0.0,0.0,72,0,100,72.0,0.0,50.0,0.0,0.0,0.0,0.0,0.0,0.0,0.0,0.0,0.0,0.0,0.0,0.0,0.0,0.0,0.0,4.5,0.0,0.0,0.0,0,0,0.0,0.0,0.0,0.0,0.0,0.0,1.0,0.0,0.0
222,3.5,0.0,5.32,1,0,14,0.0,1.0,0.0,1.0,6,0,1176,6.0,0.0,84.0,0.0,0.0,0.0,0.0,0.0,0.0,0.0,0.0,0.0,0.0,0.0,0.0,0.0,0.0,0.0,0.0,0.0,0.0,0.0,0,0,0.0,0.0,0.0,0.0,0.0,0.0,0.0,0.0,0.0
223,3.0,0.0,4.92,1,0,12,0.0,1.0,0.0,1.0,90,0,1080,90.0,0.0,90.0,0.0,0.0,3.0,3.0,0.0,0.0,0.0,3.0,0.0,0.0,0.0,0.0,0.0,0.0,0.0,0.0,0.0,0.0,0.0,1,1,0.0,0.0,0.0,0.0,0.0,0.0,0.0,2.0,0.0
224,2.0,0.0,2.0,2,0,2,2.83,0.0,0.0,0.0,146,0,146,73.0,0.0,73.0,0.0,0.0,0.0,4.0,0.0,0.0,0.0,0.0,4.0,0.0,0.0,0.0,0.0,0.0,0.0,0.0,0.0,0.0,0.0,0,1,0.0,0.0,0.0,0.0,0.0,0.0,0.0,1.0,0.0
225,0.0,0.0,0.0,0,0,0,0.0,0.0,0.0,0.0,0,0,0,0.0,0.0,0.0,0.0,0.0,0.0,0.0,0.0,0.0,0.0,0.0,0.0,0.0,0.0,0.0,0.0,0.0,0.0,0.0,0.0,0.0,0.0,0,0,0.0,0.0,0.0,0.0,0.0,0.0,0.0,0.0,0.0
226,0.0,0.0,5.5,0,0,1,0.0,0.0,0.0,0.0,0,0,10,0.0,0.0,10.0,0.0,0.0,0.0,0.0,0.0,0.0,0.0,0.0,0.0,0.0,0.0,0.0,0.0,0.0,0.0,0.0,0.0,0.0,0.0,0,0,0.0,0.0,0.0,0.0,0.0,0.0,0.0,0.0,0.0
227,0.0,0.0,0.0,0,0,0,0.0,0.0,0.0,0.0,0,0,0,0.0,0.0,0.0,0.0,0.0,0.0,0.0,0.0,0.0,0.0,0.0,0.0,0.0,0.0,0.0,0.0,0.0,0.0,0.0,0.0,0.0,0.0,0,0,0.0,0.0,0.0,0.0,0.0,0.0,0.0,0.0,0.0
228,0.0,0.0,0.0,0,0,0,0.0,0.0,0.0,0.0,0,0,0,0.0,0.0,0.0,0.0,0.0,0.0,0.0,0.0,0.0,0.0,0.0,0.0,0.0,0.0,0.0,0.0,0.0,0.0,0.0,0.0,0.0,0.0,0,0,0.0,0.0,0.0,0.0,0.0,0.0,0.0,0.0,0.0
229,0.0,0.0,0.0,0,0,0,0.0,0.0,0.0,0.0,0,0,0,0.0,0.0,0.0,0.0,0.0,0.0,0.0,0.0,0.0,0.0,0.0,0.0,0.0,0.0,0.0,0.0,0.0,0.0,0.0,0.0,0.0,0.0,0,0,0.0,0.0,0.0,0.0,0.0,0.0,0.0,0.0,0.0
230,0.0,0.0,0.0,0,0,0,0.0,0.0,0.0,0.0,0,0,0,0.0,0.0,0.0,0.0,0.0,0.0,0.0,0.0,0.0,0.0,0.0,0.0,0.0,0.0,0.0,0.0,0.0,0.0,0.0,0.0,0.0,0.0,0,0,0.0,0.0,0.0,0.0,0.0,0.0,0.0,0.0,0.0
231,0.0,0.0,0.0,0,0,0,0.0,0.0,0.0,0.0,0,0,0,0.0,0.0,0.0,0.0,0.0,0.0,0.0,0.0,0.0,0.0,0.0,0.0,0.0,0.0,0.0,0.0,0.0,0.0,0.0,0.0,0.0,0.0,0,0,0.0,0.0,0.0,0.0,0.0,0.0,0.0,0.0,0.0
232,0.0,0.0,0.0,0,0,0,0.0,0.0,0.0,0.0,0,0,0,0.0,0.0,0.0,0.0,0.0,0.0,0.0,0.0,0.0,0.0,0.0,0.0,0.0,0.0,0.0,0.0,0.0,0.0,0.0,0.0,0.0,0.0,0,0,0.0,0.0,0.0,0.0,0.0,0.0,0.0,0.0,0.0
233,0.0,0.0,0.0,0,0,0,0.0,0.0,0.0,0.0,0,0,0,0.0,0.0,0.0,0.0,0.0,0.0,0.0,0.0,0.0,0.0,0.0,0.0,0.0,0.0,0.0,0.0,0.0,0.0,0.0,0.0,0.0,0.0,0,0,0.0,0.0,0.0,0.0,0.0,0.0,0.0,0.0,0.0
234,0.0,0.0,5.0,0,0,1,0.0,0.0,0.0,1.0,0,0,90,0.0,0.0,90.0,0.0,0.0,0.0,0.0,0.0,0.0,0.0,0.0,0.0,0.0,0.0,0.0,0.0,0.0,0.0,0.0,0.0,0.0,0.0,0,0,0.0,0.0,0.0,0.0,0.0,0.0,0.0,0.0,0.0
235,0.0,0.0,0.0,0,0,0,0.0,0.0,0.0,0.0,0,0,0,0.0,0.0,0.0,0.0,0.0,0.0,0.0,0.0,0.0,0.0,0.0,0.0,0.0,0.0,0.0,0.0,0.0,0.0,0.0,0.0,0.0,0.0,0,0,0.0,0.0,0.0,0.0,0.0,0.0,0.0,0.0,0.0
236,0.0,0.0,6.0,0,0,10,0.0,0.0,0.0,1.0,0,0,900,0.0,0.0,90.0,0.0,0.0,0.0,0.0,0.0,0.0,0.0,0.0,0.0,0.0,0.0,0.0,0.0,0.0,0.0,0.0,0.0,0.0,0.0,0,0,0.0,0.0,0.0,0.0,0.0,0.0,0.0,0.0,0.0
237,0.0,0.0,5.0,0,0,1,0.0,0.0,0.0,0.0,0,0,45,0.0,0.0,45.0,0.0,0.0,0.0,0.0,0.0,0.0,0.0,0.0,0.0,0.0,0.0,0.0,0.0,0.0,0.0,0.0,0.0,0.0,0.0,0,0,0.0,0.0,0.0,0.0,0.0,0.0,0.0,0.0,0.0
238,0.0,0.0,8.5,0,0,1,0.0,0.0,0.0,1.0,0,0,90,0.0,0.0,90.0,0.0,0.0,0.0,0.0,0.0,0.0,0.0,0.0,0.0,0.0,0.0,0.0,0.0,0.0,0.0,0.0,0.0,0.0,0.0,0,0,0.0,0.0,0.0,0.0,0.0,0.0,0.0,0.0,0.0
239,0.0,0.0,0.0,0,0,0,0.0,0.0,0.0,0.0,0,0,0,0.0,0.0,0.0,0.0,0.0,0.0,0.0,0.0,0.0,0.0,0.0,0.0,0.0,0.0,0.0,0.0,0.0,0.0,0.0,0.0,0.0,0.0,0,0,0.0,0.0,0.0,0.0,0.0,0.0,0.0,0.0,0.0
240,0.0,0.0,0.0,0,0,0,0.0,0.0,0.0,0.0,0,0,0,0.0,0.0,0.0,0.0,0.0,0.0,0.0,0.0,0.0,0.0,0.0,0.0,0.0,0.0,0.0,0.0,0.0,0.0,0.0,0.0,0.0,0.0,0,0,0.0,0.0,0.0,0.0,0.0,0.0,0.0,0.0,0.0
241,0.0,0.0,0.0,0,0,0,0.0,0.0,0.0,0.0,0,0,0,0.0,0.0,0.0,0.0,0.0,0.0,0.0,0.0,0.0,0.0,0.0,0.0,0.0,0.0,0.0,0.0,0.0,0.0,0.0,0.0,0.0,0.0,0,0,0.0,0.0,0.0,0.0,0.0,0.0,0.0,0.0,0.0
242,0.0,0.0,0.0,0,0,0,0.0,0.0,0.0,0.0,0,0,0,0.0,0.0,0.0,0.0,0.0,0.0,0.0,0.0,0.0,0.0,0.0,0.0,0.0,0.0,0.0,0.0,0.0,0.0,0.0,0.0,0.0,0.0,0,0,0.0,0.0,0.0,0.0,0.0,0.0,0.0,0.0,0.0
243,0.0,0.0,5.0,0,0,1,0.0,0.0,0.0,0.0,0,0,4,0.0,0.0,4.0,0.0,0.0,0.0,0.0,0.0,0.0,0.0,0.0,0.0,0.0,0.0,0.0,0.0,0.0,0.0,0.0,0.0,0.0,0.0,0,0,0.0,0.0,0.0,0.0,0.0,0.0,0.0,0.0,0.0
244,0.0,0.0,0.0,0,0,0,0.0,0.0,0.0,0.0,0,0,0,0.0,0.0,0.0,0.0,0.0,0.0,0.0,0.0,0.0,0.0,0.0,0.0,0.0,0.0,0.0,0.0,0.0,0.0,0.0,0.0,0.0,0.0,0,0,0.0,0.0,0.0,0.0,0.0,0.0,0.0,0.0,0.0
245,0.0,0.0,0.0,0,0,0,0.0,0.0,0.0,0.0,0,0,0,0.0,0.0,0.0,0.0,0.0,0.0,0.0,0.0,0.0,0.0,0.0,0.0,0.0,0.0,0.0,0.0,0.0,0.0,0.0,0.0,0.0,0.0,0,0,0.0,0.0,0.0,0.0,0.0,0.0,0.0,0.0,0.0
246,0.0,0.0,0.0,0,0,0,0.0,0.0,0.0,0.0,0,0,0,0.0,0.0,0.0,0.0,0.0,0.0,0.0,0.0,0.0,0.0,0.0,0.0,0.0,0.0,0.0,0.0,0.0,0.0,0.0,0.0,0.0,0.0,0,0,0.0,0.0,0.0,0.0,0.0,0.0,0.0,0.0,0.0
247,0.0,0.0,5.5,0,0,2,0.0,0.0,0.0,1.0,0,0,178,0.0,0.0,89.0,0.0,0.0,0.0,0.0,0.0,0.0,0.0,0.0,0.0,0.0,0.0,0.0,0.0,0.0,0.0,0.0,0.0,0.0,0.0,0,0,0.0,0.0,0.0,0.0,0.0,0.0,0.0,0.0,5.0
248,0.0,0.0,0.0,0,0,0,0.0,0.0,0.0,0.0,0,0,0,0.0,0.0,0.0,0.0,0.0,0.0,0.0,0.0,0.0,0.0,0.0,0.0,0.0,0.0,0.0,0.0,0.0,0.0,0.0,0.0,0.0,0.0,0,0,0.0,0.0,0.0,0.0,0.0,0.0,0.0,0.0,0.0
249,0.0,0.0,0.0,0,0,0,0.0,0.0,0.0,0.0,0,0,0,0.0,0.0,0.0,0.0,0.0,0.0,0.0,0.0,0.0,0.0,0.0,0.0,0.0,0.0,0.0,0.0,0.0,0.0,0.0,0.0,0.0,0.0,0,0,0.0,0.0,0.0,0.0,0.0,0.0,0.0,0.0,0.0
250,0.0,0.0,0.0,0,0,0,0.0,0.0,0.0,0.0,0,0,0,0.0,0.0,0.0,0.0,0.0,0.0,0.0,0.0,0.0,0.0,0.0,0.0,0.0,0.0,0.0,0.0,0.0,0.0,0.0,0.0,0.0,0.0,0,0,0.0,0.0,0.0,0.0,0.0,0.0,0.0,0.0,0.0
251,0.0,0.0,0.0,0,0,0,0.0,0.0,0.0,0.0,0,0,0,0.0,0.0,0.0,0.0,0.0,0.0,0.0,0.0,0.0,0.0,0.0,0.0,0.0,0.0,0.0,0.0,0.0,0.0,0.0,0.0,0.0,0.0,0,0,0.0,0.0,0.0,0.0,0.0,0.0,0.0,0.0,0.0
252,0.0,0.0,0.0,0,0,0,0.0,0.0,0.0,0.0,0,0,0,0.0,0.0,0.0,0.0,0.0,0.0,0.0,0.0,0.0,0.0,0.0,0.0,0.0,0.0,0.0,0.0,0.0,0.0,0.0,0.0,0.0,0.0,0,0,0.0,0.0,0.0,0.0,0.0,0.0,0.0,0.0,0.0
253,0.0,0.0,0.0,0,0,0,0.0,0.0,0.0,0.0,0,0,0,0.0,0.0,0.0,0.0,0.0,0.0,0.0,0.0,0.0,0.0,0.0,0.0,0.0,0.0,0.0,0.0,0.0,0.0,0.0,0.0,0.0,0.0,0,0,0.0,0.0,0.0,0.0,0.0,0.0,0.0,0.0,0.0
254,0.0,0.0,0.0,0,0,0,0.0,0.0,0.0,0.0,0,0,0,0.0,0.0,0.0,0.0,0.0,0.0,0.0,0.0,0.0,0.0,0.0,0.0,0.0,0.0,0.0,0.0,0.0,0.0,0.0,0.0,0.0,0.0,0,0,0.0,0.0,0.0,0.0,0.0,0.0,0.0,0.0,0.0
255,5.9,5.9,5.84,15,15,37,0.89,0.93,0.93,0.97,1342,1342,3294,89.47,89.47,89.03,0.0,0.0,5.125,5.9,4.5,5.5,6.5,4.0,6.0,6.5,7.0,6.0,7.0,6.0,6.0,5.0,7.0,5.5,6.0,4,10,9.0,0.0,0.0,0.0,0.0,0.0,25.0,12.0,0.0
256,5.86,0.0,5.72,7,0,9,0.99,0.86,0.0,0.89,587,0,722,83.86,0.0,80.22,0.0,0.0,5.5,5.333333333333333,0.0,5.5,0.0,0.0,0.0,0.0,0.0,0.0,5.5,5.0,7.0,5.0,0.0,5.5,7.5,1,3,3.0,0.0,0.0,0.0,0.0,0.0,7.0,13.0,0.0
257,5.83,0.0,5.83,3,0,3,0.29,1.0,0.0,1.0,270,0,270,90.0,0.0,90.0,0.0,0.0,0.0,0.0,0.0,0.0,0.0,0.0,0.0,0.0,0.0,0.0,0.0,0.0,0.0,0.0,6.0,6.0,5.5,0,0,2.0,0.0,0.0,0.0,0.0,0.0,5.0,1.0,0.0
258,5.83,7.0,5.73,9,1,28,0.9,1.0,1.0,1.0,763,90,2473,84.78,90.0,88.32,0.0,0.0,6.333333333333333,5.928571428571429,7.0,0.0,6.5,5.5,6.5,6.0,4.0,6.0,0.0,0.0,0.0,5.0,6.0,0.0,0.0,3,7,6.0,0.0,0.0,0.0,0.0,0.0,11.0,7.0,0.0
259,5.77,5.77,5.88,15,15,24,0.75,1.0,1.0,0.96,1350,1350,2115,90.0,90.0,88.13,0.0,0.0,6.125,5.7,6.5,6.0,6.0,6.0,4.5,6.0,6.5,5.0,6.0,4.5,5.5,6.5,5.5,5.0,7.0,4,10,1.0,0.0,0.0,0.0,0.0,0.0,36.0,15.0,0.0
260,5.75,5.75,5.75,8,8,8,0.6,1.0,1.0,1.0,720,720,720,90.0,90.0,90.0,0.0,0.0,5.5,5.75,6.0,5.5,6.0,4.5,6.0,5.5,6.5,6.0,0.0,0.0,0.0,0.0,0.0,0.0,0.0,4,8,2.0,0.0,0.0,0.0,0.0,0.0,17.0,7.0,0.0
261,5.73,5.73,5.63,15,15,30,1.05,1.0,1.0,1.0,1350,1350,2654,90.0,90.0,88.47,0.0,0.0,5.625,5.55,4.0,6.0,6.5,6.0,6.5,6.0,5.5,4.0,4.0,7.0,5.5,6.0,7.5,6.0,5.5,4,10,3.0,0.0,0.0,0.0,0.0,0.0,41.0,11.0,5.5
262,5.71,0.0,5.73,7,0,31,0.91,1.0,0.0,1.0,630,0,2790,90.0,0.0,90.0,0.0,0.0,0.0,5.5,0.0,0.0,0.0,0.0,0.0,0.0,0.0,0.0,5.0,6.0,5.5,7.5,6.0,5.0,5.0,0,2,2.0,0.0,0.0,0.0,0.0,0.0,9.0,5.0,4.5
263,5.63,5.63,5.55,15,15,19,1.03,1.0,1.0,1.0,1350,1350,1700,90.0,90.0,89.47,0.0,0.0,6.0,5.55,5.0,5.5,6.0,7.5,6.0,3.5,4.5,5.5,6.0,6.0,5.0,6.5,7.0,6.0,4.5,4,10,6.0,0.0,0.0,0.0,0.0,0.0,20.0,11.0,0.0
264,5.63,5.63,5.6,15,15,39,1.19,1.0,1.0,1.0,1350,1350,3510,90.0,90.0,90.0,0.0,0.0,6.125,5.8,7.5,4.5,6.5,6.0,3.5,7.0,6.5,4.0,6.5,6.0,5.0,5.5,6.0,6.0,4.0,4,10,5.0,0.0,0.0,0.0,0.0,0.0,33.0,15.0,5.0
265,5.5,5.5,5.5,2,2,2,0.71,0.5,0.5,0.5,137,137,137,68.5,68.5,68.5,0.0,0.0,5.5,5.5,6.0,5.0,0.0,0.0,0.0,0.0,0.0,0.0,0.0,0.0,0.0,0.0,0.0,0.0,0.0,2,2,0.0,0.0,0.0,0.0,0.0,0.0,3.0,2.0,0.0
266,5.45,4.0,5.31,10,1,27,0.96,1.0,1.0,1.0,818,90,2348,81.8,90.0,86.96,0.0,0.0,5.166666666666667,4.9,4.0,0.0,5.0,6.5,0.0,0.0,0.0,0.0,5.0,4.0,6.5,5.5,6.5,6.0,5.5,3,5,4.0,0.0,0.0,0.0,0.0,0.0,9.0,14.0,4.5
267,5.43,5.43,5.43,7,7,7,1.02,1.0,1.0,1.0,630,630,630,90.0,90.0,90.0,0.0,0.0,5.375,5.428571428571429,6.0,5.5,4.0,6.0,4.0,6.5,6.0,0.0,0.0,0.0,0.0,0.0,0.0,0.0,0.0,4,7,2.0,0.0,0.0,0.0,0.0,0.0,11.0,6.0,0.0
268,5.39,4.5,5.44,14,1,16,1.32,1.0,1.0,1.0,1213,43,1393,86.64,43.0,87.06,0.0,0.0,5.666666666666667,5.333333333333333,4.5,0.0,7.5,5.0,6.0,4.5,4.0,3.5,7.0,6.0,5.5,4.0,4.5,6.0,7.5,3,9,1.0,0.0,0.0,0.0,0.0,0.0,37.0,16.0,0.0
269,5.37,5.37,5.28,15,15,36,1.04,1.0,1.0,1.0,1350,1350,3240,90.0,90.0,90.0,0.0,0.0,5.0,5.25,4.0,6.0,4.0,6.0,5.0,6.0,5.5,5.0,6.0,5.0,6.0,6.0,6.0,7.0,3.0,4,10,5.0,0.0,0.0,0.0,0.0,0.0,27.0,12.0,5.25
270,5.33,5.33,5.33,6,6,6,1.6,1.0,1.0,1.0,540,540,540,90.0,90.0,90.0,0.0,0.0,5.25,5.333333333333333,4.0,7.0,3.0,7.0,5.5,5.5,0.0,0.0,0.0,0.0,0.0,0.0,0.0,0.0,0.0,4,6,2.0,0.0,0.0,0.0,0.0,0.0,11.0,8.0,0.0
271,5.33,0.0,5.1,9,0,10,1.7,1.0,0.0,1.0,810,0,900,90.0,0.0,90.0,0.0,0.0,0.0,4.5,0.0,0.0,0.0,0.0,0.0,0.0,4.5,4.5,3.0,6.0,8.0,4.5,5.0,8.0,4.5,0,4,1.0,0.0,0.0,0.0,0.0,0.0,31.0,14.0,0.0
272,5.3,5.3,5.04,15,15,27,0.7,1.0,1.0,1.0,1350,1350,2430,90.0,90.0,90.0,0.0,0.0,5.125,5.25,5.0,5.5,5.0,5.0,6.0,6.0,5.0,4.0,6.0,5.0,6.0,4.0,6.0,6.0,5.0,4,10,3.0,0.0,0.0,0.0,0.0,0.0,24.0,18.0,6.0
273,5.27,5.27,5.55,15,15,33,1.16,1.0,1.0,1.0,1350,1350,2970,90.0,90.0,90.0,0.0,0.0,4.875,5.0,6.5,2.5,5.0,5.5,6.5,6.5,5.0,3.5,4.0,5.0,6.0,6.0,6.0,5.5,5.5,4,10,2.0,0.0,0.0,0.0,0.0,0.0,34.0,14.0,7.5
274,5.2,5.2,5.26,15,15,33,1.22,1.0,1.0,1.0,1350,1350,2970,90.0,90.0,90.0,0.0,0.0,4.875,5.2,6.5,5.0,4.0,4.0,4.0,6.0,4.5,6.0,7.0,5.0,5.5,6.0,6.5,5.5,2.5,4,10,0.0,0.0,0.0,0.0,0.0,0.0,30.0,26.0,5.25
275,5.17,0.0,5.4,6,0,10,1.37,0.83,0.0,0.9,532,0,892,88.67,0.0,89.2,0.0,0.0,4.0,5.166666666666667,0.0,4.0,0.0,0.0,4.0,5.5,4.0,7.0,6.5,0.0,0.0,0.0,0.0,0.0,0.0,1,6,1.0,0.0,0.0,0.0,0.0,0.0,6.0,10.0,0.0
276,5.13,0.0,5.44,8,0,31,1.43,1.0,0.0,1.0,720,0,2790,90.0,0.0,90.0,0.0,0.0,0.0,5.333333333333333,0.0,0.0,0.0,0.0,0.0,0.0,0.0,4.0,4.0,8.0,4.0,6.0,4.0,5.5,5.5,0,3,2.0,0.0,0.0,0.0,0.0,0.0,16.0,8.0,6.0
277,5.1,5.1,5.22,15,15,29,1.42,1.0,1.0,1.0,1350,1350,2561,90.0,90.0,88.31,0.0,0.0,4.375,5.05,4.0,4.5,4.0,5.0,8.0,6.0,5.5,4.0,4.5,5.0,7.0,6.0,2.5,6.5,4.0,4,10,2.0,0.0,0.0,0.0,0.0,0.0,35.0,11.0,0.0
278,5.1,5.1,5.1,15,15,15,1.14,1.0,1.0,1.0,1350,1350,1350,90.0,90.0,90.0,0.0,0.0,5.375,5.45,6.0,4.0,6.0,5.5,3.5,6.0,6.0,6.0,6.0,5.5,5.0,4.5,4.0,2.5,6.0,4,10,5.0,0.0,0.0,0.0,0.0,0.0,29.0,9.0,0.0
279,5.03,5.03,5.26,15,15,38,1.11,1.0,1.0,1.0,1350,1350,3420,90.0,90.0,90.0,0.0,0.0,5.125,5.05,4.5,6.0,4.5,5.5,6.0,5.5,5.0,4.0,4.0,5.5,2.0,6.0,5.0,6.0,6.0,4,10,4.0,0.0,0.0,0.0,0.0,0.0,11.0,19.0,6.0
280,4.92,4.92,4.91,12,12,33,1.12,1.0,1.0,1.0,1080,1080,2970,90.0,90.0,90.0,0.0,0.0,5.375,4.95,4.0,4.5,6.0,7.0,4.0,4.5,3.0,6.0,6.0,4.5,4.5,5.0,0.0,0.0,0.0,4,10,2.0,0.0,0.0,0.0,0.0,0.0,19.0,4.0,0.0
281,4.83,4.83,5.0,15,15,37,1.19,1.0,1.0,1.0,1350,1350,3322,90.0,90.0,89.78,0.0,0.0,4.125,4.75,3.0,6.0,4.0,3.5,6.5,4.0,4.5,6.0,6.0,4.0,5.5,6.0,4.0,6.0,3.5,4,10,5.0,0.0,0.0,0.0,0.0,0.0,16.0,7.0,2.5
282,3.5,0.0,5.23,1,0,22,0.0,1.0,0.0,1.0,6,0,1896,6.0,0.0,86.18,0.0,0.0,0.0,0.0,0.0,0.0,0.0,0.0,0.0,0.0,0.0,0.0,0.0,0.0,0.0,0.0,0.0,0.0,3.5,0,0,0.0,0.0,0.0,0.0,0.0,0.0,0.0,0.0,0.0
283,0.0,0.0,7.0,0,0,1,0.0,0.0,0.0,1.0,0,0,90,0.0,0.0,90.0,0.0,0.0,0.0,0.0,0.0,0.0,0.0,0.0,0.0,0.0,0.0,0.0,0.0,0.0,0.0,0.0,0.0,0.0,0.0,0,0,0.0,0.0,0.0,0.0,0.0,0.0,0.0,0.0,0.0
284,0.0,0.0,0.0,0,0,0,0.0,0.0,0.0,0.0,0,0,0,0.0,0.0,0.0,0.0,0.0,0.0,0.0,0.0,0.0,0.0,0.0,0.0,0.0,0.0,0.0,0.0,0.0,0.0,0.0,0.0,0.0,0.0,0,0,0.0,0.0,0.0,0.0,0.0,0.0,0.0,0.0,0.0
285,0.0,0.0,5.5,0,0,1,0.0,0.0,0.0,0.0,0,0,10,0.0,0.0,10.0,0.0,0.0,0.0,0.0,0.0,0.0,0.0,0.0,0.0,0.0,0.0,0.0,0.0,0.0,0.0,0.0,0.0,0.0,0.0,0,0,0.0,0.0,0.0,0.0,0.0,0.0,0.0,0.0,0.0
286,0.0,0.0,0.0,0,0,0,0.0,0.0,0.0,0.0,0,0,0,0.0,0.0,0.0,0.0,0.0,0.0,0.0,0.0,0.0,0.0,0.0,0.0,0.0,0.0,0.0,0.0,0.0,0.0,0.0,0.0,0.0,0.0,0,0,0.0,0.0,0.0,0.0,0.0,0.0,0.0,0.0,0.0
287,0.0,0.0,0.0,0,0,0,0.0,0.0,0.0,0.0,0,0,0,0.0,0.0,0.0,0.0,0.0,0.0,0.0,0.0,0.0,0.0,0.0,0.0,0.0,0.0,0.0,0.0,0.0,0.0,0.0,0.0,0.0,0.0,0,0,0.0,0.0,0.0,0.0,0.0,0.0,0.0,0.0,0.0
288,0.0,0.0,0.0,0,0,0,0.0,0.0,0.0,0.0,0,0,0,0.0,0.0,0.0,0.0,0.0,0.0,0.0,0.0,0.0,0.0,0.0,0.0,0.0,0.0,0.0,0.0,0.0,0.0,0.0,0.0,0.0,0.0,0,0,0.0,0.0,0.0,0.0,0.0,0.0,0.0,0.0,0.0
289,0.0,0.0,0.0,0,0,0,0.0,0.0,0.0,0.0,0,0,0,0.0,0.0,0.0,0.0,0.0,0.0,0.0,0.0,0.0,0.0,0.0,0.0,0.0,0.0,0.0,0.0,0.0,0.0,0.0,0.0,0.0,0.0,0,0,0.0,0.0,0.0,0.0,0.0,0.0,0.0,0.0,0.0
290,0.0,0.0,0.0,0,0,0,0.0,0.0,0.0,0.0,0,0,0,0.0,0.0,0.0,0.0,0.0,0.0,0.0,0.0,0.0,0.0,0.0,0.0,0.0,0.0,0.0,0.0,0.0,0.0,0.0,0.0,0.0,0.0,0,0,0.0,0.0,0.0,0.0,0.0,0.0,0.0,0.0,0.0
291,0.0,0.0,0.0,0,0,0,0.0,0.0,0.0,0.0,0,0,0,0.0,0.0,0.0,0.0,0.0,0.0,0.0,0.0,0.0,0.0,0.0,0.0,0.0,0.0,0.0,0.0,0.0,0.0,0.0,0.0,0.0,0.0,0,0,0.0,0.0,0.0,0.0,0.0,0.0,0.0,0.0,0.0
292,0.0,0.0,0.0,0,0,0,0.0,0.0,0.0,0.0,0,0,0,0.0,0.0,0.0,0.0,0.0,0.0,0.0,0.0,0.0,0.0,0.0,0.0,0.0,0.0,0.0,0.0,0.0,0.0,0.0,0.0,0.0,0.0,0,0,0.0,0.0,0.0,0.0,0.0,0.0,0.0,0.0,0.0
293,0.0,0.0,5.2,0,0,20,0.0,0.0,0.0,1.0,0,0,1800,0.0,0.0,90.0,0.0,0.0,0.0,0.0,0.0,0.0,0.0,0.0,0.0,0.0,0.0,0.0,0.0,0.0,0.0,0.0,0.0,0.0,0.0,0,0,0.0,0.0,0.0,0.0,0.0,0.0,0.0,0.0,0.0
294,0.0,0.0,5.0,0,0,1,0.0,0.0,0.0,1.0,0,0,90,0.0,0.0,90.0,0.0,0.0,0.0,0.0,0.0,0.0,0.0,0.0,0.0,0.0,0.0,0.0,0.0,0.0,0.0,0.0,0.0,0.0,0.0,0,0,0.0,0.0,0.0,0.0,0.0,0.0,0.0,0.0,0.0
295,0.0,0.0,0.0,0,0,0,0.0,0.0,0.0,0.0,0,0,0,0.0,0.0,0.0,0.0,0.0,0.0,0.0,0.0,0.0,0.0,0.0,0.0,0.0,0.0,0.0,0.0,0.0,0.0,0.0,0.0,0.0,0.0,0,0,0.0,0.0,0.0,0.0,0.0,0.0,0.0,0.0,0.0
296,0.0,0.0,6.0,0,0,10,0.0,0.0,0.0,1.0,0,0,900,0.0,0.0,90.0,0.0,0.0,0.0,0.0,0.0,0.0,0.0,0.0,0.0,0.0,0.0,0.0,0.0,0.0,0.0,0.0,0.0,0.0,0.0,0,0,0.0,0.0,0.0,0.0,0.0,0.0,0.0,0.0,7.0
297,0.0,0.0,5.0,0,0,1,0.0,0.0,0.0,0.0,0,0,45,0.0,0.0,45.0,0.0,0.0,0.0,0.0,0.0,0.0,0.0,0.0,0.0,0.0,0.0,0.0,0.0,0.0,0.0,0.0,0.0,0.0,0.0,0,0,0.0,0.0,0.0,0.0,0.0,0.0,0.0,0.0,0.0
298,0.0,0.0,5.39,0,0,22,0.0,0.0,0.0,1.0,0,0,1980,0.0,0.0,90.0,0.0,0.0,0.0,0.0,0.0,0.0,0.0,0.0,0.0,0.0,0.0,0.0,0.0,0.0,0.0,0.0,0.0,0.0,0.0,0,0,0.0,0.0,0.0,0.0,0.0,0.0,0.0,0.0,0.0
299,0.0,0.0,4.67,0,0,3,0.0,0.0,0.0,1.0,0,0,270,0.0,0.0,90.0,0.0,0.0,0.0,0.0,0.0,0.0,0.0,0.0,0.0,0.0,0.0,0.0,0.0,0.0,0.0,0.0,0.0,0.0,0.0,0,0,0.0,0.0,0.0,0.0,0.0,0.0,0.0,0.0,0.0
300,0.0,0.0,0.0,0,0,0,0.0,0.0,0.0,0.0,0,0,0,0.0,0.0,0.0,0.0,0.0,0.0,0.0,0.0,0.0,0.0,0.0,0.0,0.0,0.0,0.0,0.0,0.0,0.0,0.0,0.0,0.0,0.0,0,0,0.0,0.0,0.0,0.0,0.0,0.0,0.0,0.0,0.0
301,0.0,0.0,2.5,0,0,1,0.0,0.0,0.0,1.0,0,0,90,0.0,0.0,90.0,0.0,0.0,0.0,0.0,0.0,0.0,0.0,0.0,0.0,0.0,0.0,0.0,0.0,0.0,0.0,0.0,0.0,0.0,0.0,0,0,0.0,0.0,0.0,0.0,0.0,0.0,0.0,0.0,0.0
302,0.0,0.0,0.0,0,0,0,0.0,0.0,0.0,0.0,0,0,0,0.0,0.0,0.0,0.0,0.0,0.0,0.0,0.0,0.0,0.0,0.0,0.0,0.0,0.0,0.0,0.0,0.0,0.0,0.0,0.0,0.0,0.0,0,0,0.0,0.0,0.0,0.0,0.0,0.0,0.0,0.0,0.0
303,0.0,0.0,0.0,0,0,0,0.0,0.0,0.0,0.0,0,0,0,0.0,0.0,0.0,0.0,0.0,0.0,0.0,0.0,0.0,0.0,0.0,0.0,0.0,0.0,0.0,0.0,0.0,0.0,0.0,0.0,0.0,0.0,0,0,0.0,0.0,0.0,0.0,0.0,0.0,0.0,0.0,0.0
304,0.0,0.0,0.0,0,0,0,0.0,0.0,0.0,0.0,0,0,0,0.0,0.0,0.0,0.0,0.0,0.0,0.0,0.0,0.0,0.0,0.0,0.0,0.0,0.0,0.0,0.0,0.0,0.0,0.0,0.0,0.0,0.0,0,0,0.0,0.0,0.0,0.0,0.0,0.0,0.0,0.0,0.0
305,0.0,0.0,0.0,0,0,0,0.0,0.0,0.0,0.0,0,0,0,0.0,0.0,0.0,0.0,0.0,0.0,0.0,0.0,0.0,0.0,0.0,0.0,0.0,0.0,0.0,0.0,0.0,0.0,0.0,0.0,0.0,0.0,0,0,0.0,0.0,0.0,0.0,0.0,0.0,0.0,0.0,0.0
306,0.0,0.0,0.0,0,0,0,0.0,0.0,0.0,0.0,0,0,0,0.0,0.0,0.0,0.0,0.0,0.0,0.0,0.0,0.0,0.0,0.0,0.0,0.0,0.0,0.0,0.0,0.0,0.0,0.0,0.0,0.0,0.0,0,0,0.0,0.0,0.0,0.0,0.0,0.0,0.0,0.0,0.0
307,0.0,0.0,5.0,0,0,1,0.0,0.0,0.0,0.0,0,0,4,0.0,0.0,4.0,0.0,0.0,0.0,0.0,0.0,0.0,0.0,0.0,0.0,0.0,0.0,0.0,0.0,0.0,0.0,0.0,0.0,0.0,0.0,0,0,0.0,0.0,0.0,0.0,0.0,0.0,0.0,0.0,0.0
308,0.0,0.0,0.0,0,0,0,0.0,0.0,0.0,0.0,0,0,0,0.0,0.0,0.0,0.0,0.0,0.0,0.0,0.0,0.0,0.0,0.0,0.0,0.0,0.0,0.0,0.0,0.0,0.0,0.0,0.0,0.0,0.0,0,0,0.0,0.0,0.0,0.0,0.0,0.0,0.0,0.0,0.0
309,0.0,0.0,0.0,0,0,0,0.0,0.0,0.0,0.0,0,0,0,0.0,0.0,0.0,0.0,0.0,0.0,0.0,0.0,0.0,0.0,0.0,0.0,0.0,0.0,0.0,0.0,0.0,0.0,0.0,0.0,0.0,0.0,0,0,0.0,0.0,0.0,0.0,0.0,0.0,0.0,0.0,0.0
310,0.0,0.0,0.0,0,0,0,0.0,0.0,0.0,0.0,0,0,0,0.0,0.0,0.0,0.0,0.0,0.0,0.0,0.0,0.0,0.0,0.0,0.0,0.0,0.0,0.0,0.0,0.0,0.0,0.0,0.0,0.0,0.0,0,0,0.0,0.0,0.0,0.0,0.0,0.0,0.0,0.0,0.0
311,0.0,0.0,5.5,0,0,2,0.0,0.0,0.0,1.0,0,0,178,0.0,0.0,89.0,0.0,0.0,0.0,0.0,0.0,0.0,0.0,0.0,0.0,0.0,0.0,0.0,0.0,0.0,0.0,0.0,0.0,0.0,0.0,0,0,0.0,0.0,0.0,0.0,0.0,0.0,0.0,0.0,0.0
312,0.0,0.0,5.0,0,0,1,0.0,0.0,0.0,0.0,0,0,28,0.0,0.0,28.0,0.0,0.0,0.0,0.0,0.0,0.0,0.0,0.0,0.0,0.0,0.0,0.0,0.0,0.0,0.0,0.0,0.0,0.0,0.0,0,0,0.0,0.0,0.0,0.0,0.0,0.0,0.0,0.0,0.0
313,0.0,0.0,2.5,0,0,1,0.0,0.0,0.0,1.0,0,0,90,0.0,0.0,90.0,0.0,0.0,0.0,0.0,0.0,0.0,0.0,0.0,0.0,0.0,0.0,0.0,0.0,0.0,0.0,0.0,0.0,0.0,0.0,0,0,0.0,0.0,0.0,0.0,0.0,0.0,0.0,0.0,0.0
314,0.0,0.0,0.0,0,0,0,0.0,0.0,0.0,0.0,0,0,0,0.0,0.0,0.0,0.0,0.0,0.0,0.0,0.0,0.0,0.0,0.0,0.0,0.0,0.0,0.0,0.0,0.0,0.0,0.0,0.0,0.0,0.0,0,0,0.0,0.0,0.0,0.0,0.0,0.0,0.0,0.0,0.0
315,0.0,0.0,0.0,0,0,0,0.0,0.0,0.0,0.0,0,0,0,0.0,0.0,0.0,0.0,0.0,0.0,0.0,0.0,0.0,0.0,0.0,0.0,0.0,0.0,0.0,0.0,0.0,0.0,0.0,0.0,0.0,0.0,0,0,0.0,0.0,0.0,0.0,0.0,0.0,0.0,0.0,0.0
316,0.0,0.0,0.0,0,0,0,0.0,0.0,0.0,0.0,0,0,0,0.0,0.0,0.0,0.0,0.0,0.0,0.0,0.0,0.0,0.0,0.0,0.0,0.0,0.0,0.0,0.0,0.0,0.0,0.0,0.0,0.0,0.0,0,0,0.0,0.0,0.0,0.0,0.0,0.0,0.0,0.0,0.0
317,0.0,0.0,0.0,0,0,0,0.0,0.0,0.0,0.0,0,0,0,0.0,0.0,0.0,0.0,0.0,0.0,0.0,0.0,0.0,0.0,0.0,0.0,0.0,0.0,0.0,0.0,0.0,0.0,0.0,0.0,0.0,0.0,0,0,0.0,0.0,0.0,0.0,0.0,0.0,0.0,0.0,0.0
318,0.0,0.0,0.0,0,0,0,0.0,0.0,0.0,0.0,0,0,0,0.0,0.0,0.0,0.0,0.0,0.0,0.0,0.0,0.0,0.0,0.0,0.0,0.0,0.0,0.0,0.0,0.0,0.0,0.0,0.0,0.0,0.0,0,0,0.0,0.0,0.0,0.0,0.0,0.0,0.0,0.0,0.0
319,0.0,0.0,0.0,0,0,0,0.0,0.0,0.0,0.0,0,0,0,0.0,0.0,0.0,0.0,0.0,0.0,0.0,0.0,0.0,0.0,0.0,0.0,0.0,0.0,0.0,0.0,0.0,0.0,0.0,0.0,0.0,0.0,0,0,0.0,0.0,0.0,0.0,0.0,0.0,0.0,0.0,0.0
320,6.13,0.0,6.13,4,0,4,1.38,1.0,0.0,1.0,360,0,360,90.0,0.0,90.0,0.0,0.0,6.25,6.125,0.0,7.0,5.5,0.0,0.0,4.5,7.5,0.0,0.0,0.0,0.0,0.0,0.0,0.0,0.0,2,4,1.0,0.0,0.0,0.0,0.0,0.0,13.0,4.0,0.0
321,6.12,0.0,5.47,13,0,31,0.55,1.0,0.0,1.0,1170,0,2790,90.0,0.0,90.0,0.0,0.0,6.333333333333333,6.375,0.0,6.0,6.0,7.0,6.0,6.0,7.0,0.0,7.0,6.0,5.5,6.0,5.5,6.0,5.5,3,8,5.0,0.0,0.0,0.0,0.0,0.0,29.0,13.0,0.0
322,6.0,0.0,6.0,1,0,1,0.0,1.0,0.0,1.0,90,0,90,90.0,0.0,90.0,0.0,0.0,0.0,6.0,0.0,0.0,0.0,0.0,6.0,0.0,0.0,0.0,0.0,0.0,0.0,0.0,0.0,0.0,0.0,0,1,0.0,0.0,0.0,0.0,0.0,0.0,2.0,3.0,0.0
323,6.0,6.0,6.0,4,4,4,0.82,0.75,0.75,0.75,347,347,347,86.75,86.75,86.75,0.0,0.0,6.0,6.0,7.0,5.0,6.0,6.0,0.0,0.0,0.0,0.0,0.0,0.0,0.0,0.0,0.0,0.0,0.0,4,4,0.0,0.0,0.0,0.0,0.0,0.0,14.0,2.0,0.0
324,6.0,0.0,6.0,9,0,9,0.94,1.0,0.0,1.0,810,0,810,90.0,0.0,90.0,0.0,0.0,6.333333333333333,6.0,0.0,6.0,6.5,6.5,7.0,5.0,6.5,6.5,4.0,6.0,0.0,0.0,0.0,0.0,0.0,3,9,4.0,0.0,0.0,0.0,0.0,0.0,22.0,16.0,0.0
325,6.0,0.0,6.0,1,0,1,0.0,0.0,0.0,0.0,81,0,81,81.0,0.0,81.0,0.0,0.0,0.0,6.0,0.0,0.0,0.0,0.0,0.0,0.0,0.0,0.0,0.0,6.0,0.0,0.0,0.0,0.0,0.0,0,1,0.0,0.0,0.0,0.0,0.0,0.0,3.0,1.0,0.0
326,6.0,0.0,6.0,1,0,1,0.0,1.0,0.0,1.0,90,0,90,90.0,0.0,90.0,0.0,0.0,0.0,6.0,0.0,0.0,0.0,0.0,6.0,0.0,0.0,0.0,0.0,0.0,0.0,0.0,0.0,0.0,0.0,0,1,1.0,0.0,0.0,0.0,0.0,0.0,2.0,1.0,0.0
327,5.88,5.88,5.76,17,17,39,1.24,1.0,1.0,1.0,1530,1530,3510,90.0,90.0,90.0,0.0,0.0,5.875,5.7,7.0,6.0,3.5,7.0,6.0,4.0,6.0,6.0,5.5,6.0,7.0,7.5,5.0,6.0,3.5,4,10,6.0,0.0,0.0,0.0,0.0,0.0,44.0,24.0,5.5
328,5.79,5.79,5.79,17,17,17,0.59,1.0,1.0,1.0,1530,1530,1530,90.0,90.0,90.0,0.0,0.0,5.875,5.95,5.5,7.0,5.5,5.5,5.5,6.5,5.5,6.0,6.0,6.5,6.0,5.5,4.5,6.0,6.0,4,10,8.0,0.0,0.0,0.0,0.0,0.0,26.0,19.0,0.0
329,5.79,5.79,5.72,17,17,27,1.3,1.0,1.0,1.0,1530,1530,2430,90.0,90.0,90.0,0.0,0.0,4.875,5.5,3.0,6.0,6.0,4.5,4.5,6.0,7.0,7.0,4.5,6.5,7.5,5.5,7.0,5.0,8.0,4,10,9.0,0.0,0.0,0.0,0.0,0.0,29.0,20.0,0.0
330,5.65,5.65,5.65,17,17,17,1.26,1.0,1.0,1.0,1530,1530,1530,90.0,90.0,90.0,0.0,0.0,4.875,5.15,6.0,4.0,4.5,5.0,5.5,6.0,7.0,5.0,5.0,3.5,6.5,7.0,8.0,6.5,7.0,4,10,4.0,0.0,0.0,0.0,0.0,0.0,41.0,18.0,0.0
331,5.64,0.0,5.48,11,0,28,1.12,1.0,0.0,1.0,898,0,2406,81.64,0.0,85.93,0.0,0.0,6.25,5.833333333333333,0.0,6.5,6.0,0.0,0.0,6.0,6.0,5.0,0.0,5.5,0.0,0.0,3.5,6.0,4.0,2,6,2.0,0.0,0.0,0.0,0.0,0.0,24.0,11.0,3.0
332,5.53,5.53,5.46,17,17,38,1.15,1.0,1.0,1.0,1530,1530,3420,90.0,90.0,90.0,0.0,0.0,5.0,5.5,5.5,2.5,6.0,6.0,6.0,6.5,5.0,7.0,6.0,4.5,5.5,4.0,7.0,4.5,6.5,4,10,3.0,0.0,0.0,0.0,0.0,0.0,41.0,20.0,0.0
333,5.5,0.0,5.38,10,0,30,1.18,1.0,0.0,1.0,900,0,2700,90.0,0.0,90.0,0.0,0.0,5.666666666666667,5.555555555555555,0.0,6.0,6.0,5.0,5.0,4.0,6.0,8.0,4.0,6.0,5.0,0.0,0.0,0.0,0.0,3,9,4.0,0.0,0.0,0.0,0.0,0.0,17.0,9.0,0.0
334,5.43,0.0,5.43,14,0,14,1.38,1.0,0.0,1.0,1183,0,1183,84.5,0.0,84.5,0.0,0.0,3.5,5.071428571428571,0.0,0.0,0.0,3.5,5.0,4.5,6.0,6.0,6.0,4.5,5.5,6.0,2.5,5.5,6.0,1,7,3.0,0.0,0.0,0.0,0.0,0.0,33.0,13.0,0.0
335,5.39,0.0,5.59,14,0,37,1.08,1.0,0.0,1.0,1260,0,3330,90.0,0.0,90.0,0.0,0.0,6.0,5.6875,0.0,6.5,5.5,6.0,7.0,5.5,5.0,6.0,4.0,0.0,6.0,4.5,6.0,3.0,4.5,3,8,3.0,0.0,0.0,0.0,0.0,0.0,23.0,15.0,0.0
336,5.38,6.5,5.54,16,4,38,1.47,1.0,1.0,1.0,1439,360,3419,89.94,90.0,89.97,0.0,0.0,6.5,5.277777777777778,7.5,6.0,4.5,8.0,0.0,4.0,5.0,3.0,3.5,6.0,4.0,5.0,4.5,5.5,6.0,4,9,4.0,0.0,0.0,0.0,0.0,0.0,31.0,18.0,3.5
337,5.33,0.0,5.33,3,0,3,1.15,1.0,0.0,1.0,270,0,270,90.0,0.0,90.0,0.0,0.0,0.0,4.0,0.0,0.0,0.0,0.0,0.0,0.0,0.0,4.0,0.0,0.0,0.0,0.0,0.0,0.0,0.0,0,1,0.0,0.0,0.0,0.0,0.0,0.0,5.0,4.0,0.0
338,5.32,0.0,5.42,14,0,19,0.99,1.0,0.0,1.0,1215,0,1665,86.79,0.0,87.63,0.0,0.0,5.0,5.277777777777778,0.0,3.5,6.0,5.5,6.0,5.0,4.0,6.5,5.5,5.5,7.0,4.0,5.0,0.0,0.0,3,9,3.0,0.0,0.0,0.0,0.0,0.0,21.0,13.0,0.0
339,5.25,0.0,5.45,4,0,21,0.65,0.75,0.0,0.95,330,0,1815,82.5,0.0,86.43,0.0,0.0,0.0,0.0,0.0,0.0,0.0,0.0,0.0,0.0,0.0,0.0,0.0,0.0,0.0,0.0,5.0,5.5,4.5,0,0,0.0,0.0,0.0,0.0,0.0,0.0,6.0,2.0,0.0
340,5.25,5.25,5.24,16,8,33,1.02,1.0,1.0,1.0,1359,720,2755,84.94,90.0,83.48,0.0,0.0,5.375,5.222222222222222,4.0,7.5,5.0,5.0,6.0,4.0,5.0,5.5,0.0,5.0,5.0,5.5,4.5,3.5,6.0,4,9,2.0,0.0,0.0,0.0,0.0,0.0,26.0,15.0,0.0
341,5.21,5.54,5.35,14,12,34,1.33,1.0,1.0,1.0,1197,1080,2937,85.5,90.0,86.38,0.0,0.0,5.125,5.65,5.0,5.5,5.5,4.5,7.5,6.0,4.0,5.0,7.0,6.5,4.0,6.0,0.0,0.0,0.0,4,10,2.0,0.0,0.0,0.0,0.0,0.0,25.0,12.0,6.0
342,5.16,0.0,5.3,16,0,37,0.85,1.0,0.0,1.0,1440,0,3330,90.0,0.0,90.0,0.0,0.0,4.666666666666667,4.777777777777778,0.0,5.5,4.5,4.0,4.0,5.5,4.5,6.0,4.0,5.0,6.0,5.0,5.0,5.0,6.0,3,9,1.0,0.0,0.0,0.0,0.0,0.0,34.0,21.0,5.5
343,5.06,5.63,5.19,16,4,37,1.33,1.0,1.0,1.0,1440,360,3330,90.0,90.0,90.0,0.0,0.0,5.625,5.333333333333333,6.0,4.0,5.5,7.0,0.0,6.0,4.0,5.5,5.0,5.0,5.5,5.5,5.5,1.0,6.0,4,9,0.0,0.0,0.0,0.0,0.0,0.0,35.0,18.0,7.5
344,5.0,0.0,5.33,2,0,3,0.0,1.0,0.0,1.0,180,0,270,90.0,0.0,90.0,0.0,0.0,0.0,5.0,0.0,0.0,0.0,0.0,0.0,0.0,0.0,0.0,0.0,5.0,0.0,0.0,0.0,0.0,0.0,0,1,0.0,0.0,0.0,0.0,0.0,0.0,4.0,0.0,0.0
345,5.0,0.0,5.04,8,0,25,1.16,1.0,0.0,1.0,720,0,2200,90.0,0.0,88.0,0.0,0.0,4.75,5.0,0.0,0.0,5.0,4.5,6.5,0.0,4.0,4.0,4.0,7.0,5.0,0.0,0.0,0.0,0.0,2,7,1.0,0.0,0.0,0.0,0.0,0.0,17.0,9.0,0.0
346,4.94,4.94,4.58,17,17,26,1.41,1.0,1.0,1.0,1530,1530,2340,90.0,90.0,90.0,0.0,0.0,4.375,4.95,5.0,4.0,2.5,6.0,6.0,7.0,4.5,5.0,5.5,4.0,3.0,5.0,5.5,7.0,7.0,4,10,2.0,0.0,0.0,0.0,0.0,0.0,29.0,23.0,0.0
347,4.9,0.0,4.9,5,0,5,1.85,0.8,0.0,0.8,407,0,407,81.4,0.0,81.4,0.0,0.0,7.5,5.0,0.0,0.0,0.0,7.5,3.5,6.0,0.0,0.0,3.0,0.0,4.5,0.0,0.0,0.0,0.0,1,4,0.0,0.0,0.0,0.0,0.0,0.0,10.0,4.0,0.0
348,4.83,0.0,5.08,12,0,24,0.78,1.0,0.0,1.0,1080,0,2160,90.0,0.0,90.0,0.0,0.0,4.5,4.8,0.0,0.0,0.0,4.5,5.5,0.0,0.0,5.0,4.0,5.0,5.0,6.0,6.0,5.0,4.5,1,5,0.0,0.0,0.0,0.0,0.0,0.0,21.0,12.0,0.0
349,4.83,0.0,5.23,3,0,15,1.53,0.67,0.0,0.93,225,0,1305,75.0,0.0,87.0,0.0,0.0,0.0,0.0,0.0,0.0,0.0,0.0,0.0,0.0,0.0,0.0,0.0,0.0,0.0,0.0,0.0,4.5,6.5,0,0,0.0,0.0,0.0,0.0,0.0,0.0,2.0,2.0,5.5
350,4.75,0.0,4.75,2,0,2,1.06,0.5,0.0,0.5,135,0,135,67.5,0.0,67.5,0.0,0.0,0.0,0.0,0.0,0.0,0.0,0.0,0.0,0.0,0.0,0.0,0.0,0.0,0.0,4.0,5.5,0.0,0.0,0,0,0.0,0.0,0.0,0.0,0.0,0.0,2.0,3.0,0.0
351,4.72,5.25,4.86,9,2,28,1.39,1.0,1.0,1.0,810,180,2520,90.0,90.0,90.0,0.0,0.0,5.25,5.166666666666667,6.0,4.5,0.0,0.0,0.0,5.0,0.0,0.0,0.0,0.0,0.0,2.0,3.5,6.5,4.5,2,3,1.0,0.0,0.0,0.0,0.0,0.0,18.0,14.0,0.0
352,4.57,0.0,4.57,7,0,7,1.1,1.0,0.0,1.0,630,0,630,90.0,0.0,90.0,0.0,0.0,0.0,0.0,0.0,0.0,0.0,0.0,0.0,0.0,0.0,0.0,0.0,0.0,5.0,5.5,5.0,5.5,5.0,0,0,0.0,0.0,0.0,0.0,0.0,0.0,10.0,6.0,0.0
353,4.17,0.0,5.21,6,0,21,1.21,1.0,0.0,1.0,540,0,1890,90.0,0.0,90.0,0.0,0.0,0.0,0.0,0.0,0.0,0.0,0.0,0.0,0.0,0.0,0.0,0.0,0.0,0.0,4.0,4.0,5.0,2.0,0,0,0.0,0.0,0.0,0.0,0.0,0.0,3.0,1.0,5.0
354,3.0,0.0,5.07,1,0,7,0.0,1.0,0.0,0.71,90,0,584,90.0,0.0,83.43,0.0,0.0,0.0,3.0,0.0,0.0,0.0,0.0,0.0,0.0,0.0,0.0,3.0,0.0,0.0,0.0,0.0,0.0,0.0,0,1,0.0,0.0,0.0,0.0,0.0,0.0,0.0,0.0,0.0
355,0.0,0.0,5.64,0,0,11,0.0,0.0,0.0,1.0,0,0,874,0.0,0.0,79.45,0.0,0.0,0.0,0.0,0.0,0.0,0.0,0.0,0.0,0.0,0.0,0.0,0.0,0.0,0.0,0.0,0.0,0.0,0.0,0,0,0.0,0.0,0.0,0.0,0.0,0.0,0.0,0.0,6.0
356,0.0,0.0,5.5,0,0,7,0.0,0.0,0.0,1.0,0,0,630,0.0,0.0,90.0,0.0,0.0,0.0,0.0,0.0,0.0,0.0,0.0,0.0,0.0,0.0,0.0,0.0,0.0,0.0,0.0,0.0,0.0,0.0,0,0,0.0,0.0,0.0,0.0,0.0,0.0,0.0,0.0,6.0
357,0.0,0.0,0.0,0,0,0,0.0,0.0,0.0,0.0,0,0,0,0.0,0.0,0.0,0.0,0.0,0.0,0.0,0.0,0.0,0.0,0.0,0.0,0.0,0.0,0.0,0.0,0.0,0.0,0.0,0.0,0.0,0.0,0,0,0.0,0.0,0.0,0.0,0.0,0.0,0.0,0.0,0.0
358,0.0,0.0,0.0,1,0,1,0.0,0.0,0.0,0.0,80,0,80,80.0,0.0,80.0,0.0,0.0,0.0,0.0,0.0,0.0,0.0,0.0,0.0,0.0,0.0,0.0,0.0,0.0,0.0,0.0,0.0,0.0,0.0,0,0,0.0,0.0,0.0,0.0,0.0,0.0,0.0,0.0,0.0
359,0.0,0.0,6.0,0,0,1,0.0,0.0,0.0,1.0,0,0,90,0.0,0.0,90.0,0.0,0.0,0.0,0.0,0.0,0.0,0.0,0.0,0.0,0.0,0.0,0.0,0.0,0.0,0.0,0.0,0.0,0.0,0.0,0,0,0.0,0.0,0.0,0.0,0.0,0.0,0.0,0.0,0.0
360,0.0,0.0,5.0,0,0,1,0.0,0.0,0.0,0.0,0,0,7,0.0,0.0,7.0,0.0,0.0,0.0,0.0,0.0,0.0,0.0,0.0,0.0,0.0,0.0,0.0,0.0,0.0,0.0,0.0,0.0,0.0,0.0,0,0,0.0,0.0,0.0,0.0,0.0,0.0,0.0,0.0,0.0
361,0.0,0.0,0.0,0,0,0,0.0,0.0,0.0,0.0,0,0,0,0.0,0.0,0.0,0.0,0.0,0.0,0.0,0.0,0.0,0.0,0.0,0.0,0.0,0.0,0.0,0.0,0.0,0.0,0.0,0.0,0.0,0.0,0,0,0.0,0.0,0.0,0.0,0.0,0.0,0.0,0.0,0.0
362,0.0,0.0,5.17,0,0,6,0.0,0.0,0.0,0.67,0,0,382,0.0,0.0,63.67,0.0,0.0,0.0,0.0,0.0,0.0,0.0,0.0,0.0,0.0,0.0,0.0,0.0,0.0,0.0,0.0,0.0,0.0,0.0,0,0,0.0,0.0,0.0,0.0,0.0,0.0,0.0,0.0,5.0
363,0.0,0.0,5.46,0,0,12,0.0,0.0,0.0,1.0,0,0,1073,0.0,0.0,89.42,0.0,0.0,0.0,0.0,0.0,0.0,0.0,0.0,0.0,0.0,0.0,0.0,0.0,0.0,0.0,0.0,0.0,0.0,0.0,0,0,0.0,0.0,0.0,0.0,0.0,0.0,0.0,0.0,6.0
364,0.0,0.0,4.73,0,0,11,0.0,0.0,0.0,1.0,0,0,990,0.0,0.0,90.0,0.0,0.0,0.0,0.0,0.0,0.0,0.0,0.0,0.0,0.0,0.0,0.0,0.0,0.0,0.0,0.0,0.0,0.0,0.0,0,0,0.0,0.0,0.0,0.0,0.0,0.0,0.0,0.0,0.0
365,0.0,0.0,5.3,0,0,22,0.0,0.0,0.0,1.0,0,0,1980,0.0,0.0,90.0,0.0,0.0,0.0,0.0,0.0,0.0,0.0,0.0,0.0,0.0,0.0,0.0,0.0,0.0,0.0,0.0,0.0,0.0,0.0,0,0,0.0,0.0,0.0,0.0,0.0,0.0,0.0,0.0,0.0
366,0.0,0.0,4.9,0,0,10,0.0,0.0,0.0,1.0,0,0,900,0.0,0.0,90.0,0.0,0.0,0.0,0.0,0.0,0.0,0.0,0.0,0.0,0.0,0.0,0.0,0.0,0.0,0.0,0.0,0.0,0.0,0.0,0,0,0.0,0.0,0.0,0.0,0.0,0.0,0.0,0.0,4.5
367,0.0,0.0,0.0,0,0,0,0.0,0.0,0.0,0.0,0,0,0,0.0,0.0,0.0,0.0,0.0,0.0,0.0,0.0,0.0,0.0,0.0,0.0,0.0,0.0,0.0,0.0,0.0,0.0,0.0,0.0,0.0,0.0,0,0,0.0,0.0,0.0,0.0,0.0,0.0,0.0,0.0,0.0
368,0.0,0.0,5.0,0,0,20,0.0,0.0,0.0,0.95,0,0,1755,0.0,0.0,87.75,0.0,0.0,0.0,0.0,0.0,0.0,0.0,0.0,0.0,0.0,0.0,0.0,0.0,0.0,0.0,0.0,0.0,0.0,0.0,0,0,0.0,0.0,0.0,0.0,0.0,0.0,0.0,0.0,6.0
369,0.0,0.0,0.0,0,0,0,0.0,0.0,0.0,0.0,0,0,0,0.0,0.0,0.0,0.0,0.0,0.0,0.0,0.0,0.0,0.0,0.0,0.0,0.0,0.0,0.0,0.0,0.0,0.0,0.0,0.0,0.0,0.0,0,0,0.0,0.0,0.0,0.0,0.0,0.0,0.0,0.0,0.0
370,0.0,0.0,0.0,0,0,0,0.0,0.0,0.0,0.0,0,0,0,0.0,0.0,0.0,0.0,0.0,0.0,0.0,0.0,0.0,0.0,0.0,0.0,0.0,0.0,0.0,0.0,0.0,0.0,0.0,0.0,0.0,0.0,0,0,0.0,0.0,0.0,0.0,0.0,0.0,0.0,0.0,0.0
371,0.0,0.0,5.17,0,0,12,0.0,0.0,0.0,0.83,0,0,1014,0.0,0.0,84.5,0.0,0.0,0.0,0.0,0.0,0.0,0.0,0.0,0.0,0.0,0.0,0.0,0.0,0.0,0.0,0.0,0.0,0.0,0.0,0,0,0.0,0.0,0.0,0.0,0.0,0.0,0.0,0.0,0.0
372,0.0,0.0,0.0,0,0,0,0.0,0.0,0.0,0.0,0,0,0,0.0,0.0,0.0,0.0,0.0,0.0,0.0,0.0,0.0,0.0,0.0,0.0,0.0,0.0,0.0,0.0,0.0,0.0,0.0,0.0,0.0,0.0,0,0,0.0,0.0,0.0,0.0,0.0,0.0,0.0,0.0,0.0
373,0.0,0.0,0.0,0,0,0,0.0,0.0,0.0,0.0,0,0,0,0.0,0.0,0.0,0.0,0.0,0.0,0.0,0.0,0.0,0.0,0.0,0.0,0.0,0.0,0.0,0.0,0.0,0.0,0.0,0.0,0.0,0.0,0,0,0.0,0.0,0.0,0.0,0.0,0.0,0.0,0.0,0.0
374,0.0,0.0,5.5,0,0,4,0.0,0.0,0.0,0.75,0,0,330,0.0,0.0,82.5,0.0,0.0,0.0,0.0,0.0,0.0,0.0,0.0,0.0,0.0,0.0,0.0,0.0,0.0,0.0,0.0,0.0,0.0,0.0,0,0,0.0,0.0,0.0,0.0,0.0,0.0,0.0,0.0,0.0
375,0.0,0.0,0.0,0,0,0,0.0,0.0,0.0,0.0,0,0,0,0.0,0.0,0.0,0.0,0.0,0.0,0.0,0.0,0.0,0.0,0.0,0.0,0.0,0.0,0.0,0.0,0.0,0.0,0.0,0.0,0.0,0.0,0,0,0.0,0.0,0.0,0.0,0.0,0.0,0.0,0.0,0.0
376,0.0,0.0,0.0,0,0,0,0.0,0.0,0.0,0.0,0,0,0,0.0,0.0,0.0,0.0,0.0,0.0,0.0,0.0,0.0,0.0,0.0,0.0,0.0,0.0,0.0,0.0,0.0,0.0,0.0,0.0,0.0,0.0,0,0,0.0,0.0,0.0,0.0,0.0,0.0,0.0,0.0,0.0
377,0.0,0.0,0.0,0,0,0,0.0,0.0,0.0,0.0,0,0,0,0.0,0.0,0.0,0.0,0.0,0.0,0.0,0.0,0.0,0.0,0.0,0.0,0.0,0.0,0.0,0.0,0.0,0.0,0.0,0.0,0.0,0.0,0,0,0.0,0.0,0.0,0.0,0.0,0.0,0.0,0.0,0.0
378,0.0,0.0,0.0,0,0,0,0.0,0.0,0.0,0.0,0,0,0,0.0,0.0,0.0,0.0,0.0,0.0,0.0,0.0,0.0,0.0,0.0,0.0,0.0,0.0,0.0,0.0,0.0,0.0,0.0,0.0,0.0,0.0,0,0,0.0,0.0,0.0,0.0,0.0,0.0,0.0,0.0,0.0
379,0.0,0.0,0.0,0,0,0,0.0,0.0,0.0,0.0,0,0,0,0.0,0.0,0.0,0.0,0.0,0.0,0.0,0.0,0.0,0.0,0.0,0.0,0.0,0.0,0.0,0.0,0.0,0.0,0.0,0.0,0.0,0.0,0,0,0.0,0.0,0.0,0.0,0.0,0.0,0.0,0.0,0.0
380,0.0,0.0,0.0,0,0,0,0.0,0.0,0.0,0.0,0,0,0,0.0,0.0,0.0,0.0,0.0,0.0,0.0,0.0,0.0,0.0,0.0,0.0,0.0,0.0,0.0,0.0,0.0,0.0,0.0,0.0,0.0,0.0,0,0,0.0,0.0,0.0,0.0,0.0,0.0,0.0,0.0,0.0
381,0.0,0.0,0.0,0,0,0,0.0,0.0,0.0,0.0,0,0,0,0.0,0.0,0.0,0.0,0.0,0.0,0.0,0.0,0.0,0.0,0.0,0.0,0.0,0.0,0.0,0.0,0.0,0.0,0.0,0.0,0.0,0.0,0,0,0.0,0.0,0.0,0.0,0.0,0.0,0.0,0.0,0.0
382,0.0,0.0,0.0,0,0,0,0.0,0.0,0.0,0.0,0,0,0,0.0,0.0,0.0,0.0,0.0,0.0,0.0,0.0,0.0,0.0,0.0,0.0,0.0,0.0,0.0,0.0,0.0,0.0,0.0,0.0,0.0,0.0,0,0,0.0,0.0,0.0,0.0,0.0,0.0,0.0,0.0,0.0
383,0.0,0.0,0.0,0,0,0,0.0,0.0,0.0,0.0,0,0,0,0.0,0.0,0.0,0.0,0.0,0.0,0.0,0.0,0.0,0.0,0.0,0.0,0.0,0.0,0.0,0.0,0.0,0.0,0.0,0.0,0.0,0.0,0,0,0.0,0.0,0.0,0.0,0.0,0.0,0.0,0.0,0.0
384,0.0,0.0,0.0,0,0,0,0.0,0.0,0.0,0.0,0,0,0,0.0,0.0,0.0,0.0,0.0,0.0,0.0,0.0,0.0,0.0,0.0,0.0,0.0,0.0,0.0,0.0,0.0,0.0,0.0,0.0,0.0,0.0,0,0,0.0,0.0,0.0,0.0,0.0,0.0,0.0,0.0,0.0
385,0.0,0.0,0.0,0,0,0,0.0,0.0,0.0,0.0,0,0,0,0.0,0.0,0.0,0.0,0.0,0.0,0.0,0.0,0.0,0.0,0.0,0.0,0.0,0.0,0.0,0.0,0.0,0.0,0.0,0.0,0.0,0.0,0,0,0.0,0.0,0.0,0.0,0.0,0.0,0.0,0.0,0.0
386,0.0,0.0,0.0,0,0,0,0.0,0.0,0.0,0.0,0,0,0,0.0,0.0,0.0,0.0,0.0,0.0,0.0,0.0,0.0,0.0,0.0,0.0,0.0,0.0,0.0,0.0,0.0,0.0,0.0,0.0,0.0,0.0,0,0,0.0,0.0,0.0,0.0,0.0,0.0,0.0,0.0,0.0
387,0.0,0.0,0.0,0,0,0,0.0,0.0,0.0,0.0,0,0,0,0.0,0.0,0.0,0.0,0.0,0.0,0.0,0.0,0.0,0.0,0.0,0.0,0.0,0.0,0.0,0.0,0.0,0.0,0.0,0.0,0.0,0.0,0,0,0.0,0.0,0.0,0.0,0.0,0.0,0.0,0.0,0.0
388,0.0,0.0,0.0,0,0,0,0.0,0.0,0.0,0.0,0,0,0,0.0,0.0,0.0,0.0,0.0,0.0,0.0,0.0,0.0,0.0,0.0,0.0,0.0,0.0,0.0,0.0,0.0,0.0,0.0,0.0,0.0,0.0,0,0,0.0,0.0,0.0,0.0,0.0,0.0,0.0,0.0,0.0
389,0.0,0.0,0.0,0,0,0,0.0,0.0,0.0,0.0,0,0,0,0.0,0.0,0.0,0.0,0.0,0.0,0.0,0.0,0.0,0.0,0.0,0.0,0.0,0.0,0.0,0.0,0.0,0.0,0.0,0.0,0.0,0.0,0,0,0.0,0.0,0.0,0.0,0.0,0.0,0.0,0.0,0.0
390,0.0,0.0,0.0,0,0,0,0.0,0.0,0.0,0.0,0,0,0,0.0,0.0,0.0,0.0,0.0,0.0,0.0,0.0,0.0,0.0,0.0,0.0,0.0,0.0,0.0,0.0,0.0,0.0,0.0,0.0,0.0,0.0,0,0,0.0,0.0,0.0,0.0,0.0,0.0,0.0,0.0,0.0
391,0.0,0.0,0.0,0,0,0,0.0,0.0,0.0,0.0,0,0,0,0.0,0.0,0.0,0.0,0.0,0.0,0.0,0.0,0.0,0.0,0.0,0.0,0.0,0.0,0.0,0.0,0.0,0.0,0.0,0.0,0.0,0.0,0,0,0.0,0.0,0.0,0.0,0.0,0.0,0.0,0.0,0.0
392,7.0,0.0,6.17,1,0,3,0.0,1.0,0.0,1.0,90,0,270,90.0,0.0,90.0,0.0,0.0,0.0,0.0,0.0,0.0,0.0,0.0,0.0,0.0,0.0,0.0,0.0,0.0,0.0,0.0,0.0,0.0,0.0,0,0,1.0,0.0,0.0,0.0,0.0,0.0,4.0,0.0,0.0
393,6.14,6.14,6.14,21,21,22,0.78,1.0,1.0,1.0,1890,1890,1980,90.0,90.0,90.0,0.0,0.0,5.875,6.05,6.0,6.0,5.5,6.0,7.0,5.5,6.0,6.0,5.5,7.0,6.0,7.5,5.5,5.0,6.0,4,10,6.0,0.0,0.0,0.0,0.0,0.0,62.0,22.0,6.0
394,5.98,5.98,5.85,22,22,43,0.88,1.0,1.0,1.0,1980,1980,3870,90.0,90.0,90.0,0.0,0.0,5.375,5.8,6.0,4.0,6.0,5.5,7.0,6.0,6.0,6.0,5.5,6.0,6.0,5.5,6.0,6.0,4.5,4,10,12.0,0.0,0.0,0.0,0.0,0.0,35.0,19.0,6.0
395,5.96,5.93,5.97,14,7,17,1.01,1.0,1.0,1.0,1215,630,1485,86.79,90.0,87.35,0.0,0.0,6.125,5.6875,5.0,6.0,6.5,7.0,5.0,6.0,6.0,0.0,0.0,4.0,6.0,7.0,8.0,6.0,6.0,4,8,7.0,0.0,0.0,0.0,0.0,0.0,27.0,19.0,0.0
396,5.89,5.89,5.79,22,22,36,1.34,1.0,1.0,1.0,1980,1980,3240,90.0,90.0,90.0,0.0,0.0,6.5,6.45,6.0,7.0,7.0,6.0,6.0,7.5,6.0,7.0,6.0,6.0,4.0,7.0,8.0,2.0,5.5,4,10,8.0,0.0,0.0,0.0,0.0,0.0,52.0,45.0,5.5
397,5.64,5.64,5.71,22,22,33,1.39,1.0,1.0,1.0,1980,1980,2925,90.0,90.0,88.64,0.0,0.0,6.375,5.8,7.0,5.5,7.5,5.5,2.5,6.5,6.0,5.5,5.0,7.0,3.5,6.0,8.0,6.0,5.0,4,10,5.0,0.0,0.0,0.0,0.0,0.0,56.0,15.0,5.75
398,5.6,0.0,5.75,20,0,36,1.05,1.0,0.0,1.0,1800,0,3240,90.0,0.0,90.0,0.0,0.0,4.666666666666667,5.333333333333333,0.0,4.0,6.0,4.0,4.5,5.5,6.5,6.0,6.5,5.0,6.0,7.5,8.0,5.0,5.5,3,9,5.0,0.0,0.0,0.0,0.0,0.0,48.0,18.0,5.75
399,5.54,5.5,5.58,12,4,13,0.92,1.0,1.0,1.0,1035,360,1125,86.25,90.0,86.54,0.0,0.0,5.5,5.5,6.0,6.0,6.0,4.0,0.0,0.0,0.0,0.0,0.0,0.0,4.5,5.0,5.0,6.0,6.5,4,4,2.0,0.0,0.0,0.0,0.0,0.0,28.0,12.0,6.0
400,5.5,0.0,5.5,2,0,2,0.71,1.0,0.0,1.0,180,0,180,90.0,0.0,90.0,0.0,0.0,5.0,5.5,0.0,0.0,5.0,0.0,0.0,0.0,6.0,0.0,0.0,0.0,0.0,0.0,0.0,0.0,0.0,1,2,0.0,0.0,0.0,0.0,0.0,0.0,6.0,1.0,0.0
401,5.5,5.5,5.33,21,21,38,0.94,1.0,1.0,1.0,1890,1890,3420,90.0,90.0,90.0,0.0,0.0,5.25,5.65,4.5,4.5,4.0,8.0,5.5,6.0,6.0,6.0,6.0,6.0,5.0,0.0,6.5,5.0,6.0,4,10,9.0,0.0,0.0,0.0,0.0,0.0,33.0,14.0,0.0
402,5.5,5.5,5.41,2,2,11,2.12,1.0,1.0,1.0,180,180,983,90.0,90.0,89.36,0.0,0.0,5.5,5.5,4.0,7.0,0.0,0.0,0.0,0.0,0.0,0.0,0.0,0.0,0.0,0.0,0.0,0.0,0.0,2,2,1.0,0.0,0.0,0.0,0.0,0.0,5.0,0.0,0.0
403,5.45,5.5,5.36,20,5,38,1.1,1.0,1.0,1.0,1745,450,3365,87.25,90.0,88.55,0.0,0.0,5.5,5.4375,5.5,3.0,7.5,6.0,5.5,0.0,0.0,5.0,6.0,5.0,7.0,5.0,4.0,5.0,6.0,4,8,4.0,0.0,0.0,0.0,0.0,0.0,40.0,15.0,5.0
404,5.4,0.0,5.38,20,0,38,1.28,1.0,0.0,1.0,1800,0,3420,90.0,0.0,90.0,0.0,0.0,5.0,4.944444444444445,0.0,6.0,4.0,5.0,3.5,5.5,5.0,3.5,4.0,8.0,6.0,5.5,5.0,4.5,6.0,3,9,4.0,0.0,0.0,0.0,0.0,0.0,55.0,20.0,6.5
405,5.39,5.39,5.46,22,22,37,0.82,1.0,1.0,1.0,1874,1874,3224,85.18,85.18,87.14,0.0,0.0,5.5,5.2,5.5,5.0,6.0,5.5,5.0,4.5,4.0,6.0,5.5,5.0,6.0,6.5,6.5,5.0,7.0,4,10,4.0,0.0,0.0,0.0,0.0,0.0,33.0,29.0,4.75
406,5.37,5.37,5.35,23,23,42,1.41,1.0,1.0,1.0,2070,2070,3780,90.0,90.0,90.0,0.0,0.0,5.375,5.75,7.5,5.5,4.0,4.5,7.0,6.0,6.0,7.0,3.5,6.5,4.5,6.0,6.0,5.0,2.5,4,10,9.0,0.0,0.0,0.0,0.0,0.0,42.0,20.0,5.5
407,5.36,5.36,5.45,22,22,40,1.28,1.0,1.0,1.0,1980,1980,3555,90.0,90.0,88.88,0.0,0.0,5.625,5.4,5.5,6.5,3.5,7.0,5.0,6.5,6.0,4.0,5.0,5.0,2.5,5.0,7.0,4.0,4.0,4,10,6.0,0.0,0.0,0.0,0.0,0.0,39.0,21.0,6.0
408,5.34,5.34,5.17,22,22,39,1.37,1.0,1.0,1.0,1980,1980,3475,90.0,90.0,89.1,0.0,0.0,5.0,5.55,4.5,4.5,6.0,5.0,4.0,8.0,6.0,4.0,5.0,8.5,4.0,3.5,5.0,5.0,7.0,4,10,4.0,0.0,0.0,0.0,0.0,0.0,49.0,17.0,5.25
409,5.29,0.0,5.37,21,0,41,1.34,1.0,0.0,1.0,1890,0,3690,90.0,0.0,90.0,0.0,0.0,6.0,5.4375,0.0,7.0,7.0,4.0,7.0,3.0,0.0,5.0,5.5,5.0,4.0,6.5,5.0,7.0,4.0,3,8,7.0,0.0,0.0,0.0,0.0,0.0,33.0,34.0,5.0
410,5.25,0.0,5.25,18,0,18,1.93,1.0,0.0,1.0,1620,0,1620,90.0,0.0,90.0,0.0,0.0,6.0,4.833333333333333,0.0,0.0,0.0,6.0,6.0,4.5,0.0,6.0,3.5,3.0,8.0,8.0,5.0,5.0,3.0,1,6,6.0,0.0,0.0,0.0,0.0,0.0,40.0,14.0,1.0
411,5.17,5.17,5.16,21,21,40,1.11,1.0,1.0,1.0,1890,1890,3600,90.0,90.0,90.0,0.0,0.0,4.875,5.15,3.5,6.0,4.0,6.0,5.0,3.5,7.0,4.0,5.5,7.0,4.0,5.0,4.0,5.0,5.5,4,10,6.0,0.0,0.0,0.0,0.0,0.0,33.0,12.0,4.0
412,5.16,5.16,5.23,22,22,39,0.89,1.0,1.0,1.0,1980,1980,3510,90.0,90.0,90.0,0.0,0.0,5.0,5.35,5.5,5.0,5.5,4.0,6.0,4.5,4.5,6.0,5.5,7.0,4.5,0.0,4.5,5.5,6.0,4,10,8.0,0.0,0.0,0.0,0.0,0.0,22.0,11.0,0.0
413,5.11,0.0,5.05,9,0,22,1.19,0.89,0.0,0.95,765,0,1935,85.0,0.0,87.95,0.0,0.0,0.0,5.166666666666667,0.0,0.0,0.0,0.0,0.0,0.0,0.0,5.0,5.5,5.0,0.0,0.0,0.0,0.0,0.0,0,3,1.0,0.0,0.0,0.0,0.0,0.0,19.0,6.0,5.25
414,5.05,5.05,5.09,22,22,23,1.46,1.0,1.0,1.0,1980,1980,2070,90.0,90.0,90.0,0.0,0.0,4.875,5.4,6.0,5.0,4.5,4.0,4.5,6.0,3.5,7.5,7.0,6.0,7.5,6.5,6.0,4.5,6.5,4,10,6.0,0.0,0.0,0.0,0.0,0.0,42.0,21.0,4.5
415,5.0,0.0,4.75,3,0,4,1.0,0.67,0.0,0.75,235,0,325,78.33,0.0,81.25,0.0,0.0,0.0,5.0,0.0,0.0,0.0,0.0,0.0,6.0,5.0,0.0,0.0,4.0,0.0,0.0,0.0,0.0,0.0,0,3,1.0,0.0,0.0,0.0,0.0,0.0,6.0,3.0,0.0
416,5.0,0.0,5.0,2,0,2,0.71,1.0,0.0,1.0,180,0,180,90.0,0.0,90.0,0.0,0.0,0.0,0.0,0.0,0.0,0.0,0.0,0.0,0.0,0.0,0.0,0.0,0.0,0.0,0.0,0.0,0.0,0.0,0,0,1.0,0.0,0.0,0.0,0.0,0.0,2.0,0.0,0.0
417,4.93,4.93,4.93,22,22,22,1.16,1.0,1.0,1.0,1980,1980,1980,90.0,90.0,90.0,0.0,0.0,4.75,4.45,4.0,3.0,6.0,6.0,4.0,5.5,2.5,6.0,2.5,5.0,5.5,6.5,6.0,4.5,4.5,4,10,1.0,0.0,0.0,0.0,0.0,0.0,40.0,8.0,6.0
418,4.55,0.0,4.55,11,0,11,1.19,0.91,0.0,0.91,945,0,945,85.91,0.0,85.91,0.0,0.0,0.0,4.666666666666667,0.0,0.0,0.0,0.0,4.0,4.5,5.0,6.5,3.5,4.5,5.0,0.0,0.0,0.0,0.0,0,6,2.0,0.0,0.0,0.0,0.0,0.0,22.0,9.0,0.0
419,4.5,0.0,4.83,2,0,3,0.71,0.0,0.0,0.33,106,0,196,53.0,0.0,65.33,0.0,0.0,0.0,5.0,0.0,0.0,0.0,0.0,0.0,0.0,0.0,0.0,0.0,5.0,0.0,0.0,0.0,0.0,0.0,0,1,0.0,0.0,0.0,0.0,0.0,0.0,0.0,0.0,0.0
420,3.75,3.0,4.86,2,1,18,1.06,1.0,1.0,1.0,180,90,1620,90.0,90.0,90.0,0.0,0.0,3.0,3.75,3.0,0.0,0.0,0.0,0.0,0.0,4.5,0.0,0.0,0.0,0.0,0.0,0.0,0.0,0.0,1,2,0.0,0.0,0.0,0.0,0.0,0.0,4.0,0.0,0.0
421,0.0,0.0,0.0,0,0,0,0.0,0.0,0.0,0.0,0,0,0,0.0,0.0,0.0,0.0,0.0,0.0,0.0,0.0,0.0,0.0,0.0,0.0,0.0,0.0,0.0,0.0,0.0,0.0,0.0,0.0,0.0,0.0,0,0,0.0,0.0,0.0,0.0,0.0,0.0,0.0,0.0,0.0
422,0.0,0.0,0.0,0,0,0,0.0,0.0,0.0,0.0,0,0,0,0.0,0.0,0.0,0.0,0.0,0.0,0.0,0.0,0.0,0.0,0.0,0.0,0.0,0.0,0.0,0.0,0.0,0.0,0.0,0.0,0.0,0.0,0,0,0.0,0.0,0.0,0.0,0.0,0.0,0.0,0.0,0.0
423,0.0,0.0,0.0,0,0,0,0.0,0.0,0.0,0.0,0,0,0,0.0,0.0,0.0,0.0,0.0,0.0,0.0,0.0,0.0,0.0,0.0,0.0,0.0,0.0,0.0,0.0,0.0,0.0,0.0,0.0,0.0,0.0,0,0,0.0,0.0,0.0,0.0,0.0,0.0,0.0,0.0,0.0
424,0.0,0.0,0.0,0,0,0,0.0,0.0,0.0,0.0,0,0,0,0.0,0.0,0.0,0.0,0.0,0.0,0.0,0.0,0.0,0.0,0.0,0.0,0.0,0.0,0.0,0.0,0.0,0.0,0.0,0.0,0.0,0.0,0,0,0.0,0.0,0.0,0.0,0.0,0.0,0.0,0.0,0.0
425,0.0,0.0,0.0,0,0,0,0.0,0.0,0.0,0.0,0,0,0,0.0,0.0,0.0,0.0,0.0,0.0,0.0,0.0,0.0,0.0,0.0,0.0,0.0,0.0,0.0,0.0,0.0,0.0,0.0,0.0,0.0,0.0,0,0,0.0,0.0,0.0,0.0,0.0,0.0,0.0,0.0,0.0
426,0.0,0.0,3.75,0,0,2,0.0,0.0,0.0,1.0,0,0,180,0.0,0.0,90.0,0.0,0.0,0.0,0.0,0.0,0.0,0.0,0.0,0.0,0.0,0.0,0.0,0.0,0.0,0.0,0.0,0.0,0.0,0.0,0,0,0.0,0.0,0.0,0.0,0.0,0.0,0.0,0.0,0.0
427,0.0,0.0,0.0,0,0,0,0.0,0.0,0.0,0.0,0,0,0,0.0,0.0,0.0,0.0,0.0,0.0,0.0,0.0,0.0,0.0,0.0,0.0,0.0,0.0,0.0,0.0,0.0,0.0,0.0,0.0,0.0,0.0,0,0,0.0,0.0,0.0,0.0,0.0,0.0,0.0,0.0,0.0
428,0.0,0.0,5.14,0,0,7,0.0,0.0,0.0,0.86,0,0,585,0.0,0.0,83.57,0.0,0.0,0.0,0.0,0.0,0.0,0.0,0.0,0.0,0.0,0.0,0.0,0.0,0.0,0.0,0.0,0.0,0.0,0.0,0,0,0.0,0.0,0.0,0.0,0.0,0.0,0.0,0.0,0.0
429,0.0,0.0,5.63,0,0,19,0.0,0.0,0.0,1.0,0,0,1710,0.0,0.0,90.0,0.0,0.0,0.0,0.0,0.0,0.0,0.0,0.0,0.0,0.0,0.0,0.0,0.0,0.0,0.0,0.0,0.0,0.0,0.0,0,0,0.0,0.0,0.0,0.0,0.0,0.0,0.0,0.0,8.0
430,0.0,0.0,0.0,0,0,0,0.0,0.0,0.0,0.0,0,0,0,0.0,0.0,0.0,0.0,0.0,0.0,0.0,0.0,0.0,0.0,0.0,0.0,0.0,0.0,0.0,0.0,0.0,0.0,0.0,0.0,0.0,0.0,0,0,0.0,0.0,0.0,0.0,0.0,0.0,0.0,0.0,0.0
431,0.0,0.0,0.0,0,0,0,0.0,0.0,0.0,0.0,0,0,0,0.0,0.0,0.0,0.0,0.0,0.0,0.0,0.0,0.0,0.0,0.0,0.0,0.0,0.0,0.0,0.0,0.0,0.0,0.0,0.0,0.0,0.0,0,0,0.0,0.0,0.0,0.0,0.0,0.0,0.0,0.0,0.0
432,0.0,0.0,0.0,0,0,0,0.0,0.0,0.0,0.0,0,0,0,0.0,0.0,0.0,0.0,0.0,0.0,0.0,0.0,0.0,0.0,0.0,0.0,0.0,0.0,0.0,0.0,0.0,0.0,0.0,0.0,0.0,0.0,0,0,0.0,0.0,0.0,0.0,0.0,0.0,0.0,0.0,0.0
433,0.0,0.0,0.0,0,0,0,0.0,0.0,0.0,0.0,0,0,0,0.0,0.0,0.0,0.0,0.0,0.0,0.0,0.0,0.0,0.0,0.0,0.0,0.0,0.0,0.0,0.0,0.0,0.0,0.0,0.0,0.0,0.0,0,0,0.0,0.0,0.0,0.0,0.0,0.0,0.0,0.0,0.0
434,0.0,0.0,5.28,0,0,16,0.0,0.0,0.0,1.0,0,0,1440,0.0,0.0,90.0,0.0,0.0,0.0,0.0,0.0,0.0,0.0,0.0,0.0,0.0,0.0,0.0,0.0,0.0,0.0,0.0,0.0,0.0,0.0,0,0,0.0,0.0,0.0,0.0,0.0,0.0,0.0,0.0,0.0
435,0.0,0.0,0.0,0,0,0,0.0,0.0,0.0,0.0,0,0,0,0.0,0.0,0.0,0.0,0.0,0.0,0.0,0.0,0.0,0.0,0.0,0.0,0.0,0.0,0.0,0.0,0.0,0.0,0.0,0.0,0.0,0.0,0,0,0.0,0.0,0.0,0.0,0.0,0.0,0.0,0.0,0.0
436,0.0,0.0,0.0,0,0,0,0.0,0.0,0.0,0.0,0,0,0,0.0,0.0,0.0,0.0,0.0,0.0,0.0,0.0,0.0,0.0,0.0,0.0,0.0,0.0,0.0,0.0,0.0,0.0,0.0,0.0,0.0,0.0,0,0,0.0,0.0,0.0,0.0,0.0,0.0,0.0,0.0,0.0
437,0.0,0.0,0.0,0,0,0,0.0,0.0,0.0,0.0,0,0,0,0.0,0.0,0.0,0.0,0.0,0.0,0.0,0.0,0.0,0.0,0.0,0.0,0.0,0.0,0.0,0.0,0.0,0.0,0.0,0.0,0.0,0.0,0,0,0.0,0.0,0.0,0.0,0.0,0.0,0.0,0.0,0.0
438,0.0,0.0,0.0,0,0,0,0.0,0.0,0.0,0.0,0,0,0,0.0,0.0,0.0,0.0,0.0,0.0,0.0,0.0,0.0,0.0,0.0,0.0,0.0,0.0,0.0,0.0,0.0,0.0,0.0,0.0,0.0,0.0,0,0,0.0,0.0,0.0,0.0,0.0,0.0,0.0,0.0,0.0
439,0.0,0.0,0.0,0,0,0,0.0,0.0,0.0,0.0,0,0,0,0.0,0.0,0.0,0.0,0.0,0.0,0.0,0.0,0.0,0.0,0.0,0.0,0.0,0.0,0.0,0.0,0.0,0.0,0.0,0.0,0.0,0.0,0,0,0.0,0.0,0.0,0.0,0.0,0.0,0.0,0.0,0.0
440,0.0,0.0,0.0,0,0,0,0.0,0.0,0.0,0.0,0,0,0,0.0,0.0,0.0,0.0,0.0,0.0,0.0,0.0,0.0,0.0,0.0,0.0,0.0,0.0,0.0,0.0,0.0,0.0,0.0,0.0,0.0,0.0,0,0,0.0,0.0,0.0,0.0,0.0,0.0,0.0,0.0,0.0
441,0.0,0.0,6.0,0,0,1,0.0,0.0,0.0,0.0,0,0,35,0.0,0.0,35.0,0.0,0.0,0.0,0.0,0.0,0.0,0.0,0.0,0.0,0.0,0.0,0.0,0.0,0.0,0.0,0.0,0.0,0.0,0.0,0,0,0.0,0.0,0.0,0.0,0.0,0.0,0.0,0.0,0.0
442,0.0,0.0,0.0,0,0,0,0.0,0.0,0.0,0.0,0,0,0,0.0,0.0,0.0,0.0,0.0,0.0,0.0,0.0,0.0,0.0,0.0,0.0,0.0,0.0,0.0,0.0,0.0,0.0,0.0,0.0,0.0,0.0,0,0,0.0,0.0,0.0,0.0,0.0,0.0,0.0,0.0,0.0
443,0.0,0.0,0.0,0,0,0,0.0,0.0,0.0,0.0,0,0,0,0.0,0.0,0.0,0.0,0.0,0.0,0.0,0.0,0.0,0.0,0.0,0.0,0.0,0.0,0.0,0.0,0.0,0.0,0.0,0.0,0.0,0.0,0,0,0.0,0.0,0.0,0.0,0.0,0.0,0.0,0.0,0.0
444,0.0,0.0,0.0,0,0,0,0.0,0.0,0.0,0.0,0,0,0,0.0,0.0,0.0,0.0,0.0,0.0,0.0,0.0,0.0,0.0,0.0,0.0,0.0,0.0,0.0,0.0,0.0,0.0,0.0,0.0,0.0,0.0,0,0,0.0,0.0,0.0,0.0,0.0,0.0,0.0,0.0,0.0
445,0.0,0.0,0.0,0,0,0,0.0,0.0,0.0,0.0,0,0,0,0.0,0.0,0.0,0.0,0.0,0.0,0.0,0.0,0.0,0.0,0.0,0.0,0.0,0.0,0.0,0.0,0.0,0.0,0.0,0.0,0.0,0.0,0,0,0.0,0.0,0.0,0.0,0.0,0.0,0.0,0.0,0.0
446,0.0,0.0,0.0,0,0,0,0.0,0.0,0.0,0.0,0,0,0,0.0,0.0,0.0,0.0,0.0,0.0,0.0,0.0,0.0,0.0,0.0,0.0,0.0,0.0,0.0,0.0,0.0,0.0,0.0,0.0,0.0,0.0,0,0,0.0,0.0,0.0,0.0,0.0,0.0,0.0,0.0,0.0
447,0.0,0.0,0.0,0,0,0,0.0,0.0,0.0,0.0,0,0,0,0.0,0.0,0.0,0.0,0.0,0.0,0.0,0.0,0.0,0.0,0.0,0.0,0.0,0.0,0.0,0.0,0.0,0.0,0.0,0.0,0.0,0.0,0,0,0.0,0.0,0.0,0.0,0.0,0.0,0.0,0.0,0.0
448,0.0,0.0,0.0,0,0,0,0.0,0.0,0.0,0.0,0,0,0,0.0,0.0,0.0,0.0,0.0,0.0,0.0,0.0,0.0,0.0,0.0,0.0,0.0,0.0,0.0,0.0,0.0,0.0,0.0,0.0,0.0,0.0,0,0,0.0,0.0,0.0,0.0,0.0,0.0,0.0,0.0,0.0
