,index,Joueur,Poste,Cote,Enchère moy,Note,Note série,Note 1 an,Nb match,Nb match série,Nb match 1 an,Variation,Var série,Var 1 an,But,Buts série,Buts 1 an,Titu,Titu série,Titu 1 an,Temps,Tps série,Tps 1 an,Tps moy,Tps moy série,Tps moy 1 an,Min/But,Min/But 1 an,Min note/but,Prix/but,Cleansheet,But/Peno,But/Coup-franc,But/surface,Pass decis.,Occas° créée,Corner gagné,Passes,Ballons,Interceptions,Tacles,Duel,Fautes,But évité,Action stoppée,DMI,moy_j,moy_j_10,j-1,j-2,j-3,j-4,j-5,j-6,j-7,j-8,j-9,j-10,j-11,j-12,j-13,j-14,j-15,j-16,j-17,j-18,j-19,j-20,j-21,j-22,j-23,j-24,j-25,j-26,j-27,j-28,j-29,j-30,j-31,j-32,j-33,j-34,j-35,j-36,j-37,j-38,Titu_4,Titu_10,cote_predite,+/- value
0,238,Begovic Asmir,G,7.0,7.0,7.0,0.0,5.5,1,0,2,0.0,0.0,2.12,0,0,0,1.0,0.0,1.0,90,0,180,90.0,0.0,90.0,0.0,0.0,0.0,1000.0,1.0,0.0,0.0,0.0,0.0,0.0,0.0,0.0,0.0,0.0,0.0,0.0,0.0,4.0,0.0,0.0,0.0,0.0,0.0,0.0,0.0,0.0,0.0,0.0,0.0,0.0,0.0,0.0,0.0,0.0,0.0,0.0,0.0,0.0,0.0,0.0,0.0,0.0,0.0,0.0,0.0,0.0,7.0,0.0,0.0,0.0,0.0,0.0,0.0,0.0,4.0,0.0,0.0,0.0,0.0,0.0,0,0,7.0,0.0
1,239,Johnstone Sam,G,7.0,8.0,7.0,7.0,7.0,3,3,3,0.5,0.5,0.5,0,0,0,1.0,1.0,1.0,270,270,270,90.0,90.0,90.0,0.0,0.0,0.0,1000.0,2.0,0.0,0.0,0.0,0.0,0.0,0.0,0.0,0.0,0.0,0.0,0.0,0.0,7.0,8.0,0.0,7.0,7.0,7.5,6.5,7.0,0.0,0.0,0.0,0.0,0.0,0.0,0.0,0.0,0.0,0.0,0.0,0.0,0.0,0.0,0.0,0.0,0.0,0.0,0.0,0.0,0.0,0.0,0.0,0.0,0.0,0.0,0.0,0.0,0.0,0.0,0.0,0.0,0.0,0.0,0.0,3,3,13.63,6.630000000000001
2,240,Dúbravka Martin,G,7.0,7.0,6.5,0.0,5.6,1,0,10,0.0,0.0,1.87,0,0,0,0.0,0.0,0.9,66,0,876,66.0,0.0,87.6,0.0,0.0,0.0,1000.0,0.0,0.0,0.0,0.0,0.0,0.0,0.0,0.0,0.0,0.0,0.0,0.0,0.0,2.0,3.0,0.0,0.0,6.5,0.0,0.0,0.0,0.0,0.0,0.0,0.0,0.0,6.5,0.0,0.0,0.0,0.0,0.0,0.0,0.0,0.0,0.0,0.0,0.0,0.0,0.0,0.0,0.0,0.0,0.0,0.0,0.0,0.0,0.0,0.0,0.0,6.0,6.5,2.5,8.0,6.0,6.0,0,1,5.16,-1.8399999999999999
3,241,Leno Bernd,G,16.0,21.0,6.02,6.02,6.02,29,29,29,0.93,0.93,0.93,0,0,0,1.0,1.0,1.0,2610,2610,2610,90.0,90.0,90.0,0.0,0.0,0.0,1000.0,7.0,0.0,0.0,0.0,0.0,0.0,0.0,0.0,0.0,0.0,0.0,0.0,0.0,86.0,30.0,0.0,6.0,5.722222222222222,6.0,6.5,6.0,5.5,0.0,4.0,4.5,5.0,8.0,6.0,6.0,5.5,6.0,7.0,5.5,6.0,6.0,5.5,7.0,6.0,7.5,5.5,5.0,6.0,5.0,8.0,7.0,6.0,6.5,6.0,0.0,0.0,0.0,0.0,0.0,0.0,0.0,0.0,4,9,17.4,1.3999999999999986
4,243,Raya David,G,18.0,22.0,5.72,5.72,5.69,32,32,40,1.22,1.22,1.19,0,0,0,1.0,1.0,1.0,2880,2880,3600,90.0,90.0,90.0,0.0,0.0,0.0,1000.0,9.0,0.0,0.0,0.0,0.0,0.0,0.0,0.0,0.0,0.0,0.0,0.0,0.0,73.0,59.0,6.75,5.375,5.35,4.5,6.0,4.0,7.0,4.5,5.5,5.5,5.0,5.5,6.0,7.0,7.0,6.0,6.0,7.5,6.0,7.0,6.0,6.0,4.0,7.0,8.0,2.0,5.5,4.0,6.0,6.0,5.0,6.0,5.5,7.0,5.0,4.0,6.0,7.0,4.0,5.5,5.5,4,10,16.19,-1.8099999999999987
5,244,Pope Nick,G,17.0,22.0,5.69,5.69,5.75,31,31,42,1.19,1.19,1.13,0,0,0,1.0,1.0,1.0,2722,2722,3712,87.81,87.81,88.38,0.0,0.0,0.0,1000.0,13.0,0.0,0.0,0.0,0.0,0.0,0.0,0.0,0.0,0.0,0.0,0.0,0.0,46.0,26.0,7.5,5.875,5.222222222222222,5.5,4.0,8.0,6.0,5.0,6.0,4.0,0.0,2.5,6.0,4.0,6.0,5.5,7.0,6.0,6.0,6.0,5.5,6.0,6.0,5.5,6.0,6.0,4.5,5.0,4.0,8.0,6.0,6.0,7.0,7.5,6.0,5.5,7.0,4.0,5.5,7.0,6.5,4,9,17.53,0.5300000000000011
6,245,Arrizabalaga Kepa,G,14.0,18.0,5.67,5.5,5.67,23,15,23,1.11,1.07,1.11,0,0,0,1.0,1.0,1.0,2025,1350,2025,88.04,90.0,88.04,0.0,0.0,0.0,1000.0,9.0,0.0,0.0,0.0,0.0,0.0,0.0,0.0,0.0,0.0,0.0,0.0,0.0,44.0,28.0,6.0,5.333333333333333,5.111111111111111,0.0,7.0,5.5,3.5,4.0,6.0,6.0,4.0,5.0,5.0,6.0,6.5,7.0,5.0,6.0,6.0,0.0,0.0,4.0,6.0,7.0,8.0,6.0,6.0,6.0,5.0,0.0,0.0,0.0,0.0,0.0,0.0,0.0,0.0,0.0,0.0,0.0,0.0,3,9,15.61,1.6099999999999994
7,246,Alisson,G,15.0,20.0,5.66,5.66,5.66,31,31,40,1.05,1.05,0.96,0,0,0,1.0,1.0,1.0,2790,2790,3600,90.0,90.0,90.0,0.0,0.0,0.0,1000.0,11.0,0.0,0.0,0.0,0.0,0.0,0.0,0.0,0.0,0.0,0.0,0.0,0.0,65.0,26.0,5.0,5.0,5.666666666666667,5.5,5.5,5.5,3.5,0.0,4.5,7.0,6.0,7.5,6.0,4.0,6.0,4.0,4.5,5.5,6.5,6.0,6.5,5.0,6.0,7.5,8.0,5.0,5.5,6.5,6.0,6.0,5.5,6.0,4.5,5.0,5.0,6.5,5.0,5.0,6.0,5.5,6.0,4,9,16.37,1.370000000000001
8,247,Guaita Vicente,G,17.0,18.0,5.65,0.0,5.67,27,0,33,1.26,0.0,1.2,0,0,0,1.0,0.0,1.0,2430,0,2970,90.0,0.0,90.0,0.0,0.0,0.0,1000.0,6.0,0.0,0.0,0.0,0.0,0.0,0.0,0.0,0.0,0.0,0.0,0.0,0.0,62.0,22.0,6.0,5.5,5.916666666666667,0.0,0.0,0.0,5.5,0.0,6.0,5.0,6.0,6.0,7.0,5.5,7.5,5.5,2.5,6.5,6.0,5.5,5.0,7.0,3.5,6.0,8.0,6.0,5.0,0.0,5.5,7.5,5.0,3.5,6.0,6.0,4.0,6.5,0.0,0.0,5.5,6.0,0.0,1,6,10.4,-6.6
9,248,Martínez Emiliano,G,18.0,19.0,5.63,5.82,5.55,30,14,38,1.21,1.49,1.17,0,0,0,1.0,1.0,1.0,2600,1215,3320,86.67,86.79,87.37,0.0,0.0,0.0,1000.0,10.0,0.0,0.0,0.0,0.0,0.0,0.0,0.0,0.0,0.0,0.0,0.0,0.0,57.0,27.0,5.0,6.625,5.95,6.0,6.5,6.0,8.0,6.0,6.0,6.0,7.0,2.5,5.5,3.0,7.5,6.0,5.5,0.0,0.0,5.0,6.0,5.0,7.0,5.0,4.0,5.0,6.0,6.0,6.0,6.0,5.0,4.5,7.0,6.0,4.0,0.0,5.5,6.0,6.0,6.0,5.0,4,10,17.15,-0.8500000000000014
10,251,Hennessey Wayne,G,7.0,7.0,5.5,0.0,5.5,2,0,2,0.71,0.0,0.71,0,0,0,1.0,0.0,1.0,180,0,180,90.0,0.0,90.0,0.0,0.0,0.0,1000.0,0.0,0.0,0.0,0.0,0.0,0.0,0.0,0.0,0.0,0.0,0.0,0.0,0.0,6.0,1.0,0.0,0.0,0.0,0.0,0.0,0.0,0.0,0.0,0.0,0.0,0.0,0.0,0.0,0.0,5.0,0.0,0.0,0.0,6.0,0.0,0.0,0.0,0.0,0.0,0.0,0.0,0.0,0.0,0.0,0.0,0.0,0.0,0.0,0.0,0.0,0.0,0.0,0.0,0.0,0.0,0.0,0,0,6.94,-0.05999999999999961
11,252,Steele Jason,G,13.0,13.0,5.5,0.0,5.5,6,0,6,1.38,0.0,1.38,0,0,0,1.0,0.0,1.0,540,0,540,90.0,0.0,90.0,0.0,0.0,0.0,1000.0,3.0,0.0,0.0,0.0,0.0,0.0,0.0,0.0,0.0,0.0,0.0,0.0,0.0,10.0,3.0,0.0,4.0,4.75,0.0,0.0,4.0,4.0,0.0,5.0,6.0,0.0,0.0,0.0,0.0,0.0,0.0,0.0,0.0,0.0,0.0,0.0,0.0,0.0,0.0,0.0,0.0,0.0,7.0,7.0,0.0,0.0,0.0,0.0,0.0,0.0,0.0,0.0,0.0,0.0,0.0,0.0,2,4,7.52,-5.48
12,258,Neto,G,15.0,18.0,5.48,5.46,5.5,22,13,23,1.19,1.39,1.17,0,0,0,1.0,1.0,1.0,1935,1170,2025,87.95,90.0,88.04,0.0,0.0,0.0,1000.0,5.0,0.0,0.0,0.0,0.0,0.0,0.0,0.0,0.0,0.0,0.0,0.0,0.0,56.0,28.0,5.0,5.375,5.5,3.5,6.0,7.0,5.0,4.5,7.0,5.5,3.0,7.5,6.0,6.0,6.0,4.0,0.0,0.0,0.0,0.0,0.0,0.0,4.5,5.0,5.0,6.0,6.5,7.0,5.0,4.5,6.0,0.0,0.0,0.0,0.0,0.0,0.0,0.0,6.0,0.0,0.0,4,10,15.36,0.35999999999999943
13,260,Ramsdale Aaron,G,17.0,20.0,5.44,5.44,5.3,32,32,42,1.02,1.02,0.98,0,0,0,1.0,1.0,1.0,2880,2880,3780,90.0,90.0,90.0,0.0,0.0,0.0,1000.0,12.0,0.0,0.0,0.0,0.0,0.0,0.0,0.0,0.0,0.0,0.0,0.0,0.0,60.0,17.0,4.0,4.875,5.15,3.0,4.5,6.0,6.0,6.0,6.0,5.0,5.0,5.5,4.5,4.5,4.0,8.0,5.5,6.0,6.0,6.0,6.0,6.0,5.0,4.0,6.5,5.0,6.0,6.0,7.5,4.0,5.0,5.5,5.5,4.5,6.0,5.0,4.5,5.0,5.5,6.0,5.5,4,10,15.53,-1.4700000000000006
14,263,Fabianski Lukasz,G,15.0,17.0,5.4,6.38,5.45,29,4,37,1.08,1.03,1.16,0,0,0,1.0,1.0,1.0,2483,360,3203,85.62,90.0,86.57,0.0,0.0,0.0,1000.0,7.0,0.0,0.0,0.0,0.0,0.0,0.0,0.0,0.0,0.0,0.0,0.0,0.0,44.0,40.0,6.5,6.375,5.928571428571429,7.5,5.0,6.5,6.5,0.0,0.0,0.0,5.5,5.0,5.5,5.0,6.0,5.5,5.0,4.5,4.0,6.0,5.5,5.0,6.0,6.5,6.5,5.0,7.0,4.5,2.0,4.5,5.5,6.0,4.0,6.0,5.0,4.0,8.0,6.0,5.5,7.5,4.0,4,7,17.34,2.34
15,266,José Sá,G,17.0,18.0,5.38,5.38,5.31,32,32,39,1.28,1.28,1.3,0,0,0,1.0,1.0,1.0,2880,2880,3465,90.0,90.0,88.85,0.0,0.0,0.0,1000.0,9.0,0.0,0.0,0.0,0.0,0.0,0.0,0.0,0.0,0.0,0.0,0.0,0.0,63.0,32.0,5.0,5.625,5.45,4.5,6.0,6.0,6.0,2.5,6.0,7.5,6.0,4.5,5.5,6.5,3.5,7.0,5.0,6.5,6.0,4.0,5.0,5.0,2.5,5.0,7.0,4.0,4.0,5.0,5.0,6.0,6.0,6.0,5.5,8.0,5.0,5.0,0.0,6.0,5.0,6.0,2.0,4,10,15.93,-1.0700000000000003
16,273,de Gea David,G,15.0,19.0,5.28,5.28,5.17,30,30,39,1.51,1.51,1.47,0,0,0,1.0,1.0,1.0,2700,2700,3510,90.0,90.0,90.0,0.0,0.0,0.0,1000.0,14.0,0.0,0.0,0.0,0.0,0.0,0.0,0.0,0.0,0.0,0.0,0.0,0.0,51.0,25.0,3.5,5.0,5.3125,0.0,5.5,5.0,4.5,0.0,6.5,1.0,6.0,6.5,7.5,5.5,4.0,4.5,7.0,6.0,6.0,7.0,3.5,6.5,4.5,6.0,6.0,5.0,2.5,4.0,6.0,5.5,6.0,7.0,6.5,2.5,4.5,5.5,6.0,2.5,6.5,4.5,5.0,3,8,15.23,0.23000000000000043
17,274,Pickford Jordan,G,13.0,14.0,5.26,5.17,5.34,31,24,41,1.3,1.15,1.24,0,0,0,1.0,1.0,1.0,2790,2160,3690,90.0,90.0,90.0,0.0,0.0,0.0,1000.0,7.0,0.0,0.0,0.0,0.0,0.0,0.0,0.0,0.0,0.0,0.0,0.0,0.0,76.0,32.0,5.5,5.375,5.25,6.0,4.0,7.0,4.5,6.0,6.0,5.0,4.5,6.0,3.5,6.0,4.0,5.0,3.5,5.5,5.0,3.5,4.0,8.0,6.0,5.5,5.0,4.5,6.0,0.0,2.5,8.0,6.0,6.0,6.5,4.0,6.0,0.0,5.0,7.0,7.0,5.0,5.5,4,10,15.6,2.5999999999999996
18,275,Forster Fraser,G,7.0,11.0,5.25,4.5,5.1,8,1,15,1.28,0.0,1.45,0,0,0,0.88,0.0,0.93,675,45,1305,84.38,45.0,87.0,0.0,0.0,0.0,1000.0,2.0,0.0,0.0,0.0,0.0,0.0,0.0,0.0,0.0,0.0,0.0,0.0,0.0,13.0,7.0,0.0,4.5,5.357142857142857,4.5,0.0,0.0,0.0,5.0,7.0,5.5,6.5,6.0,3.0,0.0,0.0,0.0,0.0,0.0,4.5,0.0,0.0,0.0,0.0,0.0,0.0,0.0,0.0,0.0,0.0,0.0,0.0,0.0,0.0,0.0,0.0,0.0,0.0,4.0,5.0,5.5,8.0,1,7,9.16,2.16
19,279,Henderson Dean,G,7.0,7.0,5.25,0.0,5.25,18,0,18,1.93,0.0,1.93,0,0,0,1.0,0.0,1.0,1620,0,1620,90.0,0.0,90.0,0.0,0.0,0.0,1000.0,6.0,0.0,0.0,0.0,0.0,0.0,0.0,0.0,0.0,0.0,0.0,0.0,0.0,40.0,14.0,8.0,0.0,0.0,0.0,0.0,0.0,0.0,0.0,0.0,0.0,0.0,0.0,0.0,0.0,0.0,6.0,6.0,4.5,0.0,6.0,3.5,3.0,8.0,8.0,5.0,5.0,3.0,5.0,0.0,3.5,1.0,6.0,7.0,8.0,6.0,0.0,0.0,0.0,0.0,0.0,0.0,0,0,7.0,0.0
20,292,Iversen Daniel,G,13.0,13.0,5.17,5.3,5.17,6,5,6,0.98,1.04,0.98,0,0,0,1.0,1.0,1.0,540,450,540,90.0,90.0,90.0,0.0,0.0,0.0,1000.0,0.0,0.0,0.0,0.0,0.0,0.0,0.0,0.0,0.0,0.0,0.0,0.0,0.0,11.0,10.0,0.0,5.5,5.3,5.5,4.0,6.5,6.0,4.5,0.0,0.0,0.0,0.0,0.0,0.0,0.0,0.0,0.0,0.0,0.0,0.0,0.0,0.0,0.0,0.0,0.0,0.0,0.0,0.0,4.5,0.0,0.0,0.0,0.0,0.0,0.0,0.0,0.0,0.0,0.0,0.0,0.0,4,5,13.38,0.3800000000000008
21,294,Lloris Hugo,G,14.0,15.0,5.16,4.5,5.34,25,4,34,1.37,1.58,1.32,0,0,0,1.0,1.0,1.0,2205,315,3015,88.2,78.75,88.68,0.0,0.0,0.0,1000.0,7.0,0.0,0.0,0.0,0.0,0.0,0.0,0.0,0.0,0.0,0.0,0.0,0.0,37.0,42.0,6.5,4.5,4.5,2.5,4.0,5.5,6.0,0.0,0.0,0.0,0.0,0.0,0.0,7.0,7.0,4.0,7.0,3.0,0.0,5.0,5.5,5.0,4.0,6.5,5.0,7.0,4.0,6.0,2.5,5.5,5.5,6.5,6.0,4.0,5.0,5.0,6.0,5.0,5.0,6.0,5.5,4,4,13.12,-0.8800000000000008
22,300,Meslier Illan,G,16.0,19.0,5.14,5.14,5.2,32,32,40,1.49,1.49,1.49,0,0,0,1.0,1.0,1.0,2880,2880,3600,90.0,90.0,90.0,0.0,0.0,0.0,1000.0,5.0,0.0,0.0,0.0,0.0,0.0,0.0,0.0,0.0,0.0,0.0,0.0,0.0,62.0,25.0,3.5,3.125,4.65,5.0,1.5,2.5,3.5,7.0,5.0,5.5,6.0,6.0,4.5,4.5,6.0,5.0,4.0,8.0,6.0,4.0,5.0,8.5,4.0,3.5,5.0,5.0,7.0,5.5,5.0,3.0,5.5,5.5,6.5,5.0,6.5,6.0,6.0,5.0,3.0,8.0,3.5,4,10,14.35,-1.6500000000000004
23,301,Sánchez Robert,G,7.0,12.0,5.13,5.0,5.23,23,1,32,1.07,0.0,1.02,0,0,0,1.0,1.0,1.0,2070,90,2880,90.0,90.0,90.0,0.0,0.0,0.0,1000.0,6.0,0.0,0.0,0.0,0.0,0.0,0.0,0.0,0.0,0.0,0.0,0.0,0.0,34.0,13.0,6.0,5.0,4.333333333333333,0.0,5.0,0.0,0.0,0.0,0.0,0.0,0.0,4.5,3.5,6.0,4.0,6.0,5.0,3.5,7.0,4.0,5.5,7.0,4.0,5.0,4.0,5.0,5.5,0.0,0.0,5.0,4.0,6.0,6.5,6.0,6.0,5.0,5.5,7.0,6.0,5.0,6.0,1,3,10.18,3.1799999999999997
24,308,Mendy Édouard,G,7.0,7.0,5.11,0.0,4.97,9,0,19,1.19,0.0,1.17,0,0,0,0.89,0.0,0.95,765,0,1665,85.0,0.0,87.63,0.0,0.0,0.0,1000.0,1.0,0.0,0.0,0.0,0.0,0.0,0.0,0.0,0.0,0.0,0.0,0.0,0.0,19.0,6.0,5.0,0.0,0.0,0.0,0.0,0.0,0.0,0.0,0.0,0.0,0.0,0.0,0.0,0.0,0.0,0.0,0.0,0.0,0.0,5.0,5.5,5.0,0.0,0.0,0.0,0.0,0.0,0.0,0.0,5.5,4.5,6.5,2.5,5.0,6.5,5.5,5.0,4.5,5.5,6.0,5.5,0,0,7.0,0.0
25,317,Ederson,G,16.0,18.0,5.08,5.08,5.1,30,30,39,0.86,0.86,0.84,0,0,0,1.0,1.0,1.0,2700,2700,3510,90.0,90.0,90.0,0.0,0.0,0.0,1000.0,10.0,0.0,0.0,0.0,0.0,0.0,0.0,0.0,0.0,0.0,0.0,0.0,0.0,26.0,13.0,5.0,5.0,5.0625,0.0,6.0,4.5,4.5,0.0,5.0,6.0,5.0,4.0,5.5,5.0,5.5,4.0,6.0,4.5,4.5,6.0,5.5,7.0,4.5,4.0,4.5,5.5,6.0,6.0,4.0,4.0,6.0,4.0,4.0,5.5,6.0,4.0,4.0,6.0,6.0,5.0,5.5,3,8,15.52,-0.4800000000000004
26,340,Ward Danny,G,7.0,12.0,5.02,0.0,5.06,26,0,27,1.43,0.0,1.42,0,0,0,1.0,0.0,1.0,2340,0,2430,90.0,0.0,90.0,0.0,0.0,0.0,1000.0,6.0,0.0,0.0,0.0,0.0,0.0,0.0,0.0,0.0,0.0,0.0,0.0,0.0,51.0,25.0,6.5,0.0,5.1,0.0,0.0,0.0,0.0,0.0,4.0,7.0,4.5,4.0,6.0,5.0,4.5,4.0,4.5,6.0,3.5,7.5,7.0,6.0,7.5,6.5,6.0,4.5,6.5,2.5,0.0,4.0,4.5,4.0,4.0,2.5,4.5,0.0,6.0,0.0,0.0,0.0,0.0,0,5,7.24,0.2400000000000002
27,350,Olsen Robin,G,7.0,7.0,5.0,5.0,4.8,4,1,5,0.82,0.0,0.84,0,0,0,0.5,0.0,0.6,280,45,370,70.0,45.0,74.0,0.0,0.0,0.0,1000.0,1.0,0.0,0.0,0.0,0.0,0.0,0.0,0.0,0.0,0.0,0.0,0.0,0.0,7.0,4.0,0.0,5.0,5.0,5.0,0.0,0.0,0.0,0.0,0.0,0.0,0.0,0.0,0.0,0.0,0.0,0.0,0.0,6.0,5.0,0.0,0.0,4.0,0.0,0.0,0.0,0.0,0.0,0.0,0.0,0.0,0.0,0.0,0.0,0.0,0.0,4.0,0.0,0.0,0.0,0.0,0.0,1,1,7.42,0.41999999999999993
28,352,Rodák Marek,G,7.0,8.0,5.0,0.0,5.0,2,0,2,0.71,0.0,0.71,0,0,0,1.0,0.0,1.0,180,0,180,90.0,0.0,90.0,0.0,0.0,0.0,1000.0,1.0,0.0,0.0,0.0,0.0,0.0,0.0,0.0,0.0,0.0,0.0,0.0,0.0,2.0,0.0,4.5,0.0,0.0,0.0,0.0,0.0,0.0,0.0,0.0,0.0,0.0,0.0,0.0,0.0,0.0,0.0,0.0,0.0,0.0,0.0,0.0,0.0,0.0,0.0,0.0,0.0,0.0,0.0,0.0,0.0,0.0,0.0,0.0,5.5,4.5,0.0,0.0,0.0,0.0,0.0,0.0,0,0,7.0,0.0
29,369,Bazunu Gavin,G,15.0,16.0,4.98,4.98,4.98,32,32,32,1.18,1.18,1.18,0,0,0,1.0,1.0,1.0,2880,2880,2880,90.0,90.0,90.0,0.0,0.0,0.0,1000.0,4.0,0.0,0.0,0.0,0.0,0.0,0.0,0.0,0.0,0.0,0.0,0.0,0.0,55.0,13.0,6.5,4.5,5.1,4.0,4.0,4.5,5.5,4.0,7.5,5.0,5.5,7.0,4.0,3.0,6.0,6.0,4.0,5.5,2.5,6.0,2.5,5.0,5.5,6.5,6.0,4.5,4.5,5.0,4.0,5.0,6.0,6.0,5.0,5.5,4.5,0.0,0.0,0.0,0.0,0.0,0.0,4,10,15.38,0.3800000000000008
30,390,Aréola Alphonse,G,7.0,7.0,4.9,0.0,4.9,5,0,5,0.89,0.0,0.89,0,0,0,0.4,0.0,0.4,307,0,307,61.4,0.0,61.4,0.0,0.0,0.0,1000.0,0.0,0.0,0.0,0.0,0.0,0.0,0.0,0.0,0.0,0.0,0.0,0.0,0.0,7.0,2.0,4.0,0.0,5.166666666666667,0.0,0.0,0.0,0.0,0.0,6.0,4.0,5.5,0.0,0.0,0.0,0.0,0.0,0.0,0.0,0.0,0.0,0.0,5.0,0.0,0.0,0.0,0.0,0.0,0.0,0.0,0.0,0.0,0.0,0.0,0.0,4.0,0.0,0.0,0.0,0.0,0.0,0.0,0,3,6.15,-0.8499999999999996
31,396,Navas Keylor,G,13.0,17.0,4.88,4.86,4.94,12,11,16,1.23,1.29,1.12,0,0,0,1.0,1.0,1.0,1080,990,1433,90.0,90.0,89.56,0.0,0.0,0.0,1000.0,1.0,0.0,0.0,0.0,0.0,0.0,0.0,0.0,0.0,0.0,0.0,0.0,0.0,24.0,6.0,0.0,4.625,4.65,4.0,6.0,4.0,4.5,4.5,5.0,4.5,3.0,7.0,4.0,7.0,0.0,0.0,0.0,0.0,0.0,0.0,0.0,0.0,0.0,0.0,0.0,0.0,0.0,0.0,5.0,0.0,0.0,0.0,0.0,0.0,0.0,5.5,0.0,4.0,0.0,5.0,6.0,4,10,13.9,0.9000000000000004
32,436,Whitworth Joe,G,3.0,3.0,4.75,0.0,4.75,2,0,2,1.77,0.0,1.77,0,0,0,1.0,0.0,1.0,180,0,180,90.0,0.0,90.0,0.0,0.0,0.0,1000.0,0.0,0.0,0.0,0.0,0.0,0.0,0.0,0.0,0.0,0.0,0.0,0.0,0.0,3.0,2.0,0.0,0.0,3.5,0.0,0.0,0.0,0.0,3.5,0.0,0.0,0.0,0.0,0.0,0.0,0.0,0.0,0.0,0.0,0.0,0.0,0.0,0.0,0.0,0.0,0.0,0.0,0.0,6.0,0.0,0.0,0.0,0.0,0.0,0.0,0.0,0.0,0.0,0.0,0.0,0.0,0.0,0,1,7.0,4.0
33,460,Travers Mark,G,7.0,7.0,4.55,0.0,4.55,11,0,11,1.19,0.0,1.19,0,0,0,0.91,0.0,0.91,945,0,945,85.91,0.0,85.91,0.0,0.0,0.0,1000.0,2.0,0.0,0.0,0.0,0.0,0.0,0.0,0.0,0.0,0.0,0.0,0.0,0.0,22.0,9.0,0.0,0.0,0.0,0.0,0.0,0.0,0.0,0.0,0.0,0.0,0.0,0.0,0.0,0.0,0.0,0.0,4.0,4.5,5.0,6.5,3.5,4.5,5.0,0.0,0.0,0.0,0.0,0.0,0.0,0.0,0.0,2.5,4.0,4.0,6.5,0.0,0.0,0.0,0.0,0.0,0.0,0,0,7.0,0.0
34,488,Heaton Tom,G,3.0,3.0,0.0,0.0,0.0,0,0,0,0.0,0.0,0.0,0,0,0,0.0,0.0,0.0,0,0,0,0.0,0.0,0.0,0.0,0.0,0.0,1000.0,0.0,0.0,0.0,0.0,0.0,0.0,0.0,0.0,0.0,0.0,0.0,0.0,0.0,0.0,0.0,0.0,0.0,0.0,0.0,0.0,0.0,0.0,0.0,0.0,0.0,0.0,0.0,0.0,0.0,0.0,0.0,0.0,0.0,0.0,0.0,0.0,0.0,0.0,0.0,0.0,0.0,0.0,0.0,0.0,0.0,0.0,0.0,0.0,0.0,0.0,0.0,0.0,0.0,0.0,0.0,0.0,0,0,2.949152542372877,-0.05084745762712295
35,489,Robles Joel,G,7.0,7.0,0.0,0.0,0.0,0,0,0,0.0,0.0,0.0,0,0,0,0.0,0.0,0.0,0,0,0,0.0,0.0,0.0,0.0,0.0,0.0,1000.0,0.0,0.0,0.0,0.0,0.0,0.0,0.0,0.0,0.0,0.0,0.0,0.0,0.0,0.0,0.0,0.0,0.0,0.0,0.0,0.0,0.0,0.0,0.0,0.0,0.0,0.0,0.0,0.0,0.0,0.0,0.0,0.0,0.0,0.0,0.0,0.0,0.0,0.0,0.0,0.0,0.0,0.0,0.0,0.0,0.0,0.0,0.0,0.0,0.0,0.0,0.0,0.0,0.0,0.0,0.0,0.0,0,0,2.949152542372877,-4.050847457627123
36,494,Caballero Willy,G,3.0,0.0,0.0,0.0,0.0,0,0,0,0.0,0.0,0.0,0,0,0,0.0,0.0,0.0,0,0,0,0.0,0.0,0.0,0.0,0.0,0.0,1000.0,0.0,0.0,0.0,0.0,0.0,0.0,0.0,0.0,0.0,0.0,0.0,0.0,0.0,0.0,0.0,0.0,0.0,0.0,0.0,0.0,0.0,0.0,0.0,0.0,0.0,0.0,0.0,0.0,0.0,0.0,0.0,0.0,0.0,0.0,0.0,0.0,0.0,0.0,0.0,0.0,0.0,0.0,0.0,0.0,0.0,0.0,0.0,0.0,0.0,0.0,0.0,0.0,0.0,0.0,0.0,0.0,0,0,2.949152542372877,-0.05084745762712295
37,495,Randolph Darren,G,3.0,0.0,0.0,0.0,0.0,0,0,0,0.0,0.0,0.0,0,0,0,0.0,0.0,0.0,0,0,0,0.0,0.0,0.0,0.0,0.0,0.0,1000.0,0.0,0.0,0.0,0.0,0.0,0.0,0.0,0.0,0.0,0.0,0.0,0.0,0.0,0.0,0.0,0.0,0.0,0.0,0.0,0.0,0.0,0.0,0.0,0.0,0.0,0.0,0.0,0.0,0.0,0.0,0.0,0.0,0.0,0.0,0.0,0.0,0.0,0.0,0.0,0.0,0.0,0.0,0.0,0.0,0.0,0.0,0.0,0.0,0.0,0.0,0.0,0.0,0.0,0.0,0.0,0.0,0,0,2.949152542372877,-0.05084745762712295
38,496,Adrián,G,3.0,3.0,0.0,0.0,0.0,0,0,0,0.0,0.0,0.0,0,0,0,0.0,0.0,0.0,0,0,0,0.0,0.0,0.0,0.0,0.0,0.0,1000.0,0.0,0.0,0.0,0.0,0.0,0.0,0.0,0.0,0.0,0.0,0.0,0.0,0.0,0.0,0.0,0.0,0.0,0.0,0.0,0.0,0.0,0.0,0.0,0.0,0.0,0.0,0.0,0.0,0.0,0.0,0.0,0.0,0.0,0.0,0.0,0.0,0.0,0.0,0.0,0.0,0.0,0.0,0.0,0.0,0.0,0.0,0.0,0.0,0.0,0.0,0.0,0.0,0.0,0.0,0.0,0.0,0,0,2.949152542372877,-0.05084745762712295
39,497,McCarthy Alex,G,7.0,7.0,0.0,0.0,3.75,0,0,2,0.0,0.0,1.06,0,0,0,0.0,0.0,1.0,0,0,180,0.0,0.0,90.0,0.0,0.0,0.0,1000.0,0.0,0.0,0.0,0.0,0.0,0.0,0.0,0.0,0.0,0.0,0.0,0.0,0.0,0.0,0.0,0.0,0.0,0.0,0.0,0.0,0.0,0.0,0.0,0.0,0.0,0.0,0.0,0.0,0.0,0.0,0.0,0.0,0.0,0.0,0.0,0.0,0.0,0.0,0.0,0.0,0.0,0.0,0.0,0.0,0.0,0.0,0.0,0.0,0.0,0.0,3.0,4.5,0.0,0.0,0.0,0.0,0,0,7.0,0.0
40,498,Karius Loris,G,3.0,3.0,0.0,0.0,0.0,0,0,0,0.0,0.0,0.0,0,0,0,0.0,0.0,0.0,0,0,0,0.0,0.0,0.0,0.0,0.0,0.0,1000.0,0.0,0.0,0.0,0.0,0.0,0.0,0.0,0.0,0.0,0.0,0.0,0.0,0.0,0.0,0.0,0.0,0.0,0.0,0.0,0.0,0.0,0.0,0.0,0.0,0.0,0.0,0.0,0.0,0.0,0.0,0.0,0.0,0.0,0.0,0.0,0.0,0.0,0.0,0.0,0.0,0.0,0.0,0.0,0.0,0.0,0.0,0.0,0.0,0.0,0.0,0.0,0.0,0.0,0.0,0.0,0.0,0,0,2.949152542372877,-0.05084745762712295
41,499,Butland Jack,G,3.0,3.0,0.0,0.0,5.0,0,0,3,0.0,0.0,1.0,0,0,0,0.0,0.0,1.0,0,0,270,0.0,0.0,90.0,0.0,0.0,0.0,1000.0,0.0,0.0,0.0,0.0,0.0,0.0,0.0,0.0,0.0,0.0,0.0,0.0,0.0,0.0,0.0,0.0,0.0,0.0,0.0,0.0,0.0,0.0,0.0,0.0,0.0,0.0,0.0,0.0,0.0,0.0,0.0,0.0,0.0,0.0,0.0,0.0,0.0,0.0,0.0,0.0,0.0,0.0,0.0,0.0,0.0,0.0,0.0,0.0,0.0,0.0,0.0,5.0,6.0,0.0,0.0,4.0,0,0,3.0,0.0
42,504,Bettinelli Marcus,G,3.0,3.0,0.0,0.0,0.0,0,0,0,0.0,0.0,0.0,0,0,0,0.0,0.0,0.0,0,0,0,0.0,0.0,0.0,0.0,0.0,0.0,1000.0,0.0,0.0,0.0,0.0,0.0,0.0,0.0,0.0,0.0,0.0,0.0,0.0,0.0,0.0,0.0,0.0,0.0,0.0,0.0,0.0,0.0,0.0,0.0,0.0,0.0,0.0,0.0,0.0,0.0,0.0,0.0,0.0,0.0,0.0,0.0,0.0,0.0,0.0,0.0,0.0,0.0,0.0,0.0,0.0,0.0,0.0,0.0,0.0,0.0,0.0,0.0,0.0,0.0,0.0,0.0,0.0,0,0,2.949152542372877,-0.05084745762712295
43,505,Kelleher Caoimhín,G,7.0,7.0,0.0,0.0,0.0,0,0,0,0.0,0.0,0.0,0,0,0,0.0,0.0,0.0,0,0,0,0.0,0.0,0.0,0.0,0.0,0.0,1000.0,0.0,0.0,0.0,0.0,0.0,0.0,0.0,0.0,0.0,0.0,0.0,0.0,0.0,0.0,0.0,0.0,0.0,0.0,0.0,0.0,0.0,0.0,0.0,0.0,0.0,0.0,0.0,0.0,0.0,0.0,0.0,0.0,0.0,0.0,0.0,0.0,0.0,0.0,0.0,0.0,0.0,0.0,0.0,0.0,0.0,0.0,0.0,0.0,0.0,0.0,0.0,0.0,0.0,0.0,0.0,0.0,0,0,2.949152542372877,-4.050847457627123
44,506,Steer Jed,G,3.0,3.0,0.0,0.0,0.0,0,0,0,0.0,0.0,0.0,0,0,0,0.0,0.0,0.0,0,0,0,0.0,0.0,0.0,0.0,0.0,0.0,1000.0,0.0,0.0,0.0,0.0,0.0,0.0,0.0,0.0,0.0,0.0,0.0,0.0,0.0,0.0,0.0,0.0,0.0,0.0,0.0,0.0,0.0,0.0,0.0,0.0,0.0,0.0,0.0,0.0,0.0,0.0,0.0,0.0,0.0,0.0,0.0,0.0,0.0,0.0,0.0,0.0,0.0,0.0,0.0,0.0,0.0,0.0,0.0,0.0,0.0,0.0,0.0,0.0,0.0,0.0,0.0,0.0,0,0,2.949152542372877,-0.05084745762712295
45,507,Strakosha Thomas,G,7.0,7.0,0.0,0.0,5.0,0,0,8,0.0,0.0,0.89,0,0,0,0.0,0.0,1.0,0,0,720,0.0,0.0,90.0,0.0,0.0,0.0,1000.0,0.0,0.0,0.0,0.0,0.0,0.0,0.0,0.0,0.0,0.0,0.0,0.0,0.0,0.0,0.0,0.0,0.0,0.0,0.0,0.0,0.0,0.0,0.0,0.0,0.0,0.0,0.0,0.0,0.0,0.0,0.0,0.0,0.0,0.0,0.0,0.0,0.0,0.0,0.0,0.0,0.0,0.0,0.0,0.0,0.0,0.0,0.0,0.0,0.0,0.0,4.0,4.0,6.0,4.0,5.5,5.0,0,0,4.68,-2.3200000000000003
46,508,Austin Brandon,G,1.0,1.0,0.0,0.0,0.0,0,0,0,0.0,0.0,0.0,0,0,0,0.0,0.0,0.0,0,0,0,0.0,0.0,0.0,0.0,0.0,0.0,1000.0,0.0,0.0,0.0,0.0,0.0,0.0,0.0,0.0,0.0,0.0,0.0,0.0,0.0,0.0,0.0,0.0,0.0,0.0,0.0,0.0,0.0,0.0,0.0,0.0,0.0,0.0,0.0,0.0,0.0,0.0,0.0,0.0,0.0,0.0,0.0,0.0,0.0,0.0,0.0,0.0,0.0,0.0,0.0,0.0,0.0,0.0,0.0,0.0,0.0,0.0,0.0,0.0,0.0,0.0,0.0,0.0,0,0,2.949152542372877,1.949152542372877
47,509,Carson Scott,G,1.0,1.0,0.0,0.0,0.0,0,0,0,0.0,0.0,0.0,0,0,0,0.0,0.0,0.0,0,0,0,0.0,0.0,0.0,0.0,0.0,0.0,1000.0,0.0,0.0,0.0,0.0,0.0,0.0,0.0,0.0,0.0,0.0,0.0,0.0,0.0,0.0,0.0,0.0,0.0,0.0,0.0,0.0,0.0,0.0,0.0,0.0,0.0,0.0,0.0,0.0,0.0,0.0,0.0,0.0,0.0,0.0,0.0,0.0,0.0,0.0,0.0,0.0,0.0,0.0,0.0,0.0,0.0,0.0,0.0,0.0,0.0,0.0,0.0,0.0,0.0,0.0,0.0,0.0,0,0,2.949152542372877,1.949152542372877
48,512,Gillespie Mark,G,1.0,1.0,0.0,0.0,0.0,0,0,0,0.0,0.0,0.0,0,0,0,0.0,0.0,0.0,0,0,0,0.0,0.0,0.0,0.0,0.0,0.0,1000.0,0.0,0.0,0.0,0.0,0.0,0.0,0.0,0.0,0.0,0.0,0.0,0.0,0.0,0.0,0.0,0.0,0.0,0.0,0.0,0.0,0.0,0.0,0.0,0.0,0.0,0.0,0.0,0.0,0.0,0.0,0.0,0.0,0.0,0.0,0.0,0.0,0.0,0.0,0.0,0.0,0.0,0.0,0.0,0.0,0.0,0.0,0.0,0.0,0.0,0.0,0.0,0.0,0.0,0.0,0.0,0.0,0,0,2.949152542372877,1.949152542372877
49,515,McGill Tom,G,1.0,1.0,0.0,0.0,0.0,0,0,0,0.0,0.0,0.0,0,0,0,0.0,0.0,0.0,0,0,0,0.0,0.0,0.0,0.0,0.0,0.0,1000.0,0.0,0.0,0.0,0.0,0.0,0.0,0.0,0.0,0.0,0.0,0.0,0.0,0.0,0.0,0.0,0.0,0.0,0.0,0.0,0.0,0.0,0.0,0.0,0.0,0.0,0.0,0.0,0.0,0.0,0.0,0.0,0.0,0.0,0.0,0.0,0.0,0.0,0.0,0.0,0.0,0.0,0.0,0.0,0.0,0.0,0.0,0.0,0.0,0.0,0.0,0.0,0.0,0.0,0.0,0.0,0.0,0,0,2.949152542372877,1.949152542372877
50,517,Klaesson Kristoffer,G,3.0,0.0,0.0,0.0,0.0,0,0,0,0.0,0.0,0.0,0,0,0,0.0,0.0,0.0,0,0,0,0.0,0.0,0.0,0.0,0.0,0.0,1000.0,0.0,0.0,0.0,0.0,0.0,0.0,0.0,0.0,0.0,0.0,0.0,0.0,0.0,0.0,0.0,0.0,0.0,0.0,0.0,0.0,0.0,0.0,0.0,0.0,0.0,0.0,0.0,0.0,0.0,0.0,0.0,0.0,0.0,0.0,0.0,0.0,0.0,0.0,0.0,0.0,0.0,0.0,0.0,0.0,0.0,0.0,0.0,0.0,0.0,0.0,0.0,0.0,0.0,0.0,0.0,0.0,0,0,2.949152542372877,-0.05084745762712295
51,518,Cox Matthew,G,3.0,3.0,0.0,0.0,0.0,0,0,0,0.0,0.0,0.0,0,0,0,0.0,0.0,0.0,0,0,0,0.0,0.0,0.0,0.0,0.0,0.0,1000.0,0.0,0.0,0.0,0.0,0.0,0.0,0.0,0.0,0.0,0.0,0.0,0.0,0.0,0.0,0.0,0.0,0.0,0.0,0.0,0.0,0.0,0.0,0.0,0.0,0.0,0.0,0.0,0.0,0.0,0.0,0.0,0.0,0.0,0.0,0.0,0.0,0.0,0.0,0.0,0.0,0.0,0.0,0.0,0.0,0.0,0.0,0.0,0.0,0.0,0.0,0.0,0.0,0.0,0.0,0.0,0.0,0,0,2.949152542372877,-0.05084745762712295
52,522,Turner Matt,G,7.0,7.0,0.0,0.0,0.0,0,0,0,0.0,0.0,0.0,0,0,0,0.0,0.0,0.0,0,0,0,0.0,0.0,0.0,0.0,0.0,0.0,1000.0,0.0,0.0,0.0,0.0,0.0,0.0,0.0,0.0,0.0,0.0,0.0,0.0,0.0,0.0,0.0,0.0,0.0,0.0,0.0,0.0,0.0,0.0,0.0,0.0,0.0,0.0,0.0,0.0,0.0,0.0,0.0,0.0,0.0,0.0,0.0,0.0,0.0,0.0,0.0,0.0,0.0,0.0,0.0,0.0,0.0,0.0,0.0,0.0,0.0,0.0,0.0,0.0,0.0,0.0,0.0,0.0,0,0,2.949152542372877,-4.050847457627123
53,526,Ortega Stefan,G,7.0,7.0,0.0,0.0,0.0,0,0,0,0.0,0.0,0.0,0,0,0,0.0,0.0,0.0,0,0,0,0.0,0.0,0.0,0.0,0.0,0.0,1000.0,0.0,0.0,0.0,0.0,0.0,0.0,0.0,0.0,0.0,0.0,0.0,0.0,0.0,0.0,0.0,0.0,0.0,0.0,0.0,0.0,0.0,0.0,0.0,0.0,0.0,0.0,0.0,0.0,0.0,0.0,0.0,0.0,0.0,0.0,0.0,0.0,0.0,0.0,0.0,0.0,0.0,0.0,0.0,0.0,0.0,0.0,0.0,0.0,0.0,0.0,0.0,0.0,0.0,0.0,0.0,0.0,0,0,2.949152542372877,-4.050847457627123
54,528,Hegyi Krisztián,G,1.0,1.0,0.0,0.0,0.0,0,0,0,0.0,0.0,0.0,0,0,0,0.0,0.0,0.0,0,0,0,0.0,0.0,0.0,0.0,0.0,0.0,1000.0,0.0,0.0,0.0,0.0,0.0,0.0,0.0,0.0,0.0,0.0,0.0,0.0,0.0,0.0,0.0,0.0,0.0,0.0,0.0,0.0,0.0,0.0,0.0,0.0,0.0,0.0,0.0,0.0,0.0,0.0,0.0,0.0,0.0,0.0,0.0,0.0,0.0,0.0,0.0,0.0,0.0,0.0,0.0,0.0,0.0,0.0,0.0,0.0,0.0,0.0,0.0,0.0,0.0,0.0,0.0,0.0,0,0,2.949152542372877,1.949152542372877
55,532,Slonina Gabriel,G,1.0,1.0,0.0,0.0,0.0,0,0,0,0.0,0.0,0.0,0,0,0,0.0,0.0,0.0,0,0,0,0.0,0.0,0.0,0.0,0.0,0.0,1000.0,0.0,0.0,0.0,0.0,0.0,0.0,0.0,0.0,0.0,0.0,0.0,0.0,0.0,0.0,0.0,0.0,0.0,0.0,0.0,0.0,0.0,0.0,0.0,0.0,0.0,0.0,0.0,0.0,0.0,0.0,0.0,0.0,0.0,0.0,0.0,0.0,0.0,0.0,0.0,0.0,0.0,0.0,0.0,0.0,0.0,0.0,0.0,0.0,0.0,0.0,0.0,0.0,0.0,0.0,0.0,0.0,0,0,2.949152542372877,1.949152542372877
56,534,Bentley Daniel,G,7.0,8.0,0.0,0.0,0.0,0,0,0,0.0,0.0,0.0,0,0,0,0.0,0.0,0.0,0,0,0,0.0,0.0,0.0,0.0,0.0,0.0,1000.0,0.0,0.0,0.0,0.0,0.0,0.0,0.0,0.0,0.0,0.0,0.0,0.0,0.0,0.0,0.0,0.0,0.0,0.0,0.0,0.0,0.0,0.0,0.0,0.0,0.0,0.0,0.0,0.0,0.0,0.0,0.0,0.0,0.0,0.0,0.0,0.0,0.0,0.0,0.0,0.0,0.0,0.0,0.0,0.0,0.0,0.0,0.0,0.0,0.0,0.0,0.0,0.0,0.0,0.0,0.0,0.0,0,0,2.949152542372877,-4.050847457627123
57,772,Lecomte Benjamin,G,17.0,20.0,6.31,6.31,5.63,13,13,23,1.18,1.18,1.44,0,0,0,1.0,1.0,1.0,1170,1170,2069,90.0,90.0,89.96,0.0,0.0,0.0,1000.0,6.0,0.0,0.0,0.0,0.0,0.0,0.0,0.0,0.0,0.0,0.0,0.0,0.0,35.0,11.0,0.0,6.25,6.3,7.0,6.0,7.0,5.0,7.0,6.0,6.5,6.5,6.0,6.0,3.5,7.0,8.5,0.0,0.0,0.0,0.0,0.0,0.0,0.0,0.0,0.0,0.0,0.0,0.0,0.0,0.0,0.0,0.0,0.0,0.0,0.0,0.0,0.0,0.0,0.0,0.0,0.0,4,10,17.97,0.9699999999999989
58,773,Léon Donovan,G,7.0,7.0,6.25,6.25,5.5,2,2,10,0.35,0.35,0.78,0,0,0,1.0,1.0,1.0,180,180,900,90.0,90.0,90.0,0.0,0.0,0.0,1000.0,0.0,0.0,0.0,0.0,0.0,0.0,0.0,0.0,0.0,0.0,0.0,0.0,0.0,5.0,4.0,0.0,6.25,6.25,6.0,6.5,0.0,0.0,0.0,0.0,0.0,0.0,0.0,0.0,0.0,0.0,0.0,0.0,0.0,0.0,0.0,0.0,0.0,0.0,0.0,0.0,0.0,0.0,0.0,0.0,0.0,0.0,0.0,0.0,0.0,0.0,5.5,5.5,6.5,5.5,4.5,5.5,2,2,11.68,4.68
59,774,Descamps Rémy,G,7.0,7.0,6.0,0.0,6.0,1,0,1,0.0,0.0,0.0,0,0,0,1.0,0.0,1.0,90,0,90,90.0,0.0,90.0,0.0,0.0,0.0,1000.0,0.0,0.0,0.0,0.0,0.0,0.0,0.0,0.0,0.0,0.0,0.0,0.0,0.0,2.0,3.0,0.0,0.0,0.0,0.0,0.0,0.0,0.0,0.0,0.0,0.0,0.0,0.0,0.0,0.0,0.0,0.0,0.0,0.0,0.0,0.0,0.0,0.0,6.0,0.0,0.0,0.0,0.0,0.0,0.0,0.0,0.0,0.0,0.0,0.0,0.0,0.0,0.0,0.0,0.0,0.0,0.0,0,0,6.98,-0.019999999999999574
60,776,Quilichini Ghjuvanni,G,3.0,0.0,6.0,0.0,6.0,1,0,1,0.0,0.0,0.0,0,0,0,0.0,0.0,0.0,81,0,81,81.0,0.0,81.0,0.0,0.0,0.0,1000.0,0.0,0.0,0.0,0.0,0.0,0.0,0.0,0.0,0.0,0.0,0.0,0.0,0.0,3.0,1.0,0.0,0.0,0.0,0.0,0.0,0.0,0.0,0.0,0.0,0.0,0.0,0.0,0.0,0.0,0.0,0.0,0.0,0.0,0.0,0.0,0.0,0.0,0.0,0.0,0.0,0.0,0.0,6.0,0.0,0.0,0.0,0.0,0.0,0.0,0.0,0.0,0.0,0.0,0.0,0.0,0.0,0,0,4.41,1.4100000000000001
61,777,Blázquez Joaquín,G,7.0,7.0,6.0,0.0,6.0,1,0,1,0.0,0.0,0.0,0,0,0,1.0,0.0,1.0,90,0,90,90.0,0.0,90.0,0.0,0.0,0.0,1000.0,1.0,0.0,0.0,0.0,0.0,0.0,0.0,0.0,0.0,0.0,0.0,0.0,0.0,2.0,1.0,0.0,0.0,0.0,0.0,0.0,0.0,0.0,0.0,0.0,0.0,0.0,0.0,0.0,0.0,0.0,0.0,0.0,0.0,0.0,0.0,0.0,0.0,6.0,0.0,0.0,0.0,0.0,0.0,0.0,0.0,0.0,0.0,0.0,0.0,0.0,0.0,0.0,0.0,0.0,0.0,0.0,0,0,6.98,-0.019999999999999574
62,778,López Pau,G,18.0,21.0,5.87,6.0,5.63,27,3,31,1.09,1.73,1.21,0,0,0,1.0,1.0,1.0,2430,270,2790,90.0,90.0,90.0,0.0,0.0,0.0,1000.0,10.0,0.0,0.0,0.0,0.0,0.0,0.0,0.0,0.0,0.0,0.0,0.0,0.0,56.0,27.0,6.0,6.0,6.111111111111111,5.0,5.0,8.0,0.0,7.5,7.0,6.0,4.0,6.0,6.5,3.0,6.0,0.0,5.0,6.0,4.0,6.0,6.0,7.0,6.0,6.0,7.0,0.0,7.0,6.0,5.5,6.0,5.5,6.0,5.5,0.0,0.0,0.0,0.0,0.0,3.5,0.0,4.5,3,9,17.52,-0.4800000000000004
63,779,Radu Ionut,G,18.0,18.0,5.86,0.0,5.5,11,0,21,0.9,0.0,1.4,0,0,0,1.0,0.0,1.0,990,0,1890,90.0,0.0,90.0,0.0,0.0,0.0,1000.0,5.0,0.0,0.0,0.0,0.0,0.0,0.0,0.0,0.0,0.0,0.0,0.0,0.0,24.0,9.0,0.0,6.0,6.125,0.0,0.0,6.0,6.0,6.0,6.0,7.0,6.0,6.0,6.0,7.0,4.5,4.0,0.0,0.0,0.0,0.0,0.0,0.0,0.0,0.0,0.0,0.0,0.0,0.0,0.0,0.0,0.0,0.0,0.0,0.0,0.0,0.0,0.0,0.0,0.0,0.0,0.0,2,8,11.55,-6.449999999999999
64,781,Diouf Yehvann,G,18.0,21.0,5.8,5.8,5.8,25,25,25,1.0,1.0,1.0,0,0,0,1.0,1.0,1.0,2250,2250,2250,90.0,90.0,90.0,0.0,0.0,0.0,1000.0,13.0,0.0,0.0,0.0,0.0,0.0,0.0,0.0,0.0,0.0,0.0,0.0,0.0,50.0,37.0,0.0,5.25,5.75,4.0,4.0,6.0,7.0,5.0,6.5,5.5,7.5,6.0,6.0,6.0,4.0,5.0,6.5,6.0,6.0,6.0,6.5,6.5,7.0,5.0,6.5,6.5,4.0,6.0,0.0,0.0,0.0,0.0,0.0,0.0,0.0,0.0,0.0,0.0,0.0,0.0,0.0,4,10,17.25,-0.75
65,782,Donnarumma Gianluigi,G,15.0,19.0,5.73,5.73,5.65,32,32,37,1.24,1.24,1.21,0,0,0,1.0,1.0,1.0,2880,2880,3330,90.0,90.0,90.0,0.0,0.0,0.0,1000.0,12.0,0.0,0.0,0.0,0.0,0.0,0.0,0.0,0.0,0.0,0.0,0.0,0.0,62.0,40.0,5.0,6.0,5.6,5.5,6.5,8.0,4.0,4.0,5.0,4.0,8.0,5.5,5.5,6.0,5.5,6.0,6.0,5.5,3.0,6.0,6.0,4.5,4.5,6.0,7.0,7.0,4.5,6.5,7.5,5.5,7.0,5.0,8.0,5.0,5.5,0.0,5.5,0.0,4.0,0.0,0.0,4,10,17.09,2.09
66,784,Samba Brice,G,17.0,21.0,5.66,5.66,5.66,32,32,32,0.73,0.73,0.73,0,0,0,1.0,1.0,1.0,2880,2880,2880,90.0,90.0,90.0,0.0,0.0,0.0,1000.0,13.0,0.0,0.0,0.0,0.0,0.0,0.0,0.0,0.0,0.0,0.0,0.0,0.0,56.0,32.0,5.5,5.75,5.6,7.0,4.0,5.5,6.5,5.0,7.0,6.0,5.0,5.0,5.0,5.0,6.0,4.5,5.5,5.5,5.5,7.0,5.5,5.5,5.5,6.5,5.5,6.0,6.0,6.5,6.0,5.5,4.5,6.0,6.0,6.0,5.0,0.0,0.0,0.0,0.0,0.0,0.0,4,10,17.19,0.19000000000000128
67,787,Lafont Alban,G,18.0,21.0,5.56,5.92,5.49,31,19,40,1.3,1.22,1.26,0,0,0,1.0,1.0,1.0,2789,1710,3599,89.97,90.0,89.98,0.0,0.0,0.0,1000.0,9.0,0.0,0.0,0.0,0.0,0.0,0.0,0.0,0.0,0.0,0.0,0.0,0.0,72.0,42.0,5.75,5.375,5.65,5.0,4.5,7.0,5.0,7.0,6.0,6.0,5.0,4.0,7.0,6.0,4.0,6.0,7.0,7.0,7.5,6.0,4.5,8.0,0.0,4.0,5.0,3.0,3.5,6.0,4.0,5.0,4.5,5.5,6.0,6.0,7.5,5.5,3.5,6.0,4.0,7.0,4.5,4,10,17.46,-0.5399999999999991
68,788,Chevalier Lucas,G,16.0,18.0,5.52,5.52,5.43,26,26,34,0.95,0.95,1.0,0,0,0,1.0,1.0,1.0,2340,2340,3060,90.0,90.0,90.0,0.0,0.0,0.0,1000.0,8.0,0.0,0.0,0.0,0.0,0.0,0.0,0.0,0.0,0.0,0.0,0.0,0.0,44.0,23.0,0.0,5.25,5.25,5.5,4.5,6.0,5.0,7.0,4.5,5.0,4.5,5.5,5.0,6.5,7.0,6.0,5.0,5.5,6.0,6.0,6.0,5.0,5.0,4.0,6.0,8.0,4.0,6.0,5.0,0.0,0.0,0.0,0.0,0.0,0.0,5.0,6.5,5.5,6.0,3.0,5.0,4,10,15.69,-0.3100000000000005
69,789,Diaw Mory,G,15.0,17.0,5.52,5.52,5.52,32,32,32,1.23,1.23,1.23,0,0,0,1.0,1.0,1.0,2880,2880,2880,90.0,90.0,90.0,0.0,0.0,0.0,1000.0,8.0,0.0,0.0,0.0,0.0,0.0,0.0,0.0,0.0,0.0,0.0,0.0,0.0,68.0,32.0,5.5,5.875,5.4,6.0,6.0,6.5,5.0,6.5,2.0,6.0,6.0,5.0,5.0,4.0,7.0,5.5,5.0,5.0,6.0,4.0,4.5,5.0,5.5,6.0,7.0,5.0,5.0,3.5,6.5,7.0,8.0,6.5,7.0,5.5,4.0,0.0,0.0,0.0,0.0,0.0,0.0,4,10,16.59,1.5899999999999999
70,791,Schmeichel Kasper,G,16.0,20.0,5.5,5.63,5.59,30,24,40,1.16,1.13,1.1,0,0,0,1.0,1.0,1.0,2700,2160,3600,90.0,90.0,90.0,0.0,0.0,0.0,1000.0,9.0,0.0,0.0,0.0,0.0,0.0,0.0,0.0,0.0,0.0,0.0,0.0,0.0,47.0,34.0,6.0,4.75,5.25,4.0,5.0,4.0,6.0,4.5,4.0,4.5,7.0,7.5,6.0,6.5,7.0,7.5,6.0,5.0,5.0,6.5,5.5,6.0,7.0,5.5,5.0,6.0,4.0,0.0,6.0,4.5,6.0,3.0,4.5,6.0,0.0,5.5,0.0,5.0,4.5,6.0,5.5,4,10,15.69,-0.3100000000000005
71,792,Mandanda Steve,G,17.0,18.0,5.5,5.5,5.53,29,2,34,1.09,0.71,1.04,0,0,0,1.0,1.0,1.0,2565,180,3015,88.45,90.0,88.68,0.0,0.0,0.0,1000.0,10.0,0.0,0.0,0.0,0.0,0.0,0.0,0.0,0.0,0.0,0.0,0.0,0.0,51.0,24.0,5.0,5.666666666666667,6.055555555555555,5.0,6.0,0.0,6.0,8.0,5.5,6.0,8.0,6.0,4.0,4.0,5.5,4.5,6.0,5.0,5.5,3.5,6.0,5.5,6.0,5.0,4.0,6.5,5.5,5.5,7.0,4.0,5.0,0.0,0.0,6.0,5.0,6.5,4.5,5.5,0.0,6.0,0.0,3,9,16.44,-0.5599999999999987
72,793,Blanco Rubén,G,7.0,8.0,5.5,0.0,5.5,5,0,5,0.87,0.0,0.87,0,0,0,1.0,0.0,1.0,450,0,450,90.0,0.0,90.0,0.0,0.0,0.0,1000.0,0.0,0.0,0.0,0.0,0.0,0.0,0.0,0.0,0.0,0.0,0.0,0.0,0.0,10.0,5.0,0.0,5.5,5.5,0.0,0.0,0.0,5.5,0.0,0.0,0.0,0.0,0.0,0.0,0.0,0.0,6.0,0.0,0.0,0.0,0.0,0.0,0.0,0.0,0.0,0.0,4.0,0.0,0.0,0.0,0.0,0.0,0.0,0.0,6.0,6.0,0.0,0.0,0.0,0.0,0.0,0.0,1,1,7.23,0.23000000000000043
73,795,Lis Mateusz,G,7.0,7.0,5.5,0.0,5.5,7,0,7,1.41,0.0,1.41,0,0,0,1.0,0.0,1.0,630,0,630,90.0,0.0,90.0,0.0,0.0,0.0,1000.0,1.0,0.0,0.0,0.0,0.0,0.0,0.0,0.0,0.0,0.0,0.0,0.0,0.0,22.0,10.0,0.0,0.0,0.0,0.0,0.0,0.0,0.0,0.0,0.0,0.0,0.0,0.0,0.0,0.0,0.0,0.0,4.0,4.0,6.0,7.0,5.5,0.0,0.0,4.5,7.5,0.0,0.0,0.0,0.0,0.0,0.0,0.0,0.0,0.0,0.0,0.0,0.0,0.0,0.0,0.0,0.0,0,0,7.0,0.0
74,798,Anthony Lopes,G,16.0,18.0,5.44,6.13,5.48,26,4,32,1.19,0.63,1.15,0,0,0,1.0,1.0,1.0,2277,360,2757,87.58,90.0,86.16,0.0,0.0,0.0,1000.0,6.0,0.0,0.0,0.0,0.0,0.0,0.0,0.0,0.0,0.0,0.0,0.0,0.0,47.0,26.0,4.0,6.125,5.714285714285714,6.0,6.0,5.5,7.0,0.0,0.0,0.0,5.0,4.5,6.0,5.0,5.5,7.0,4.0,7.0,5.0,5.5,5.5,4.5,7.5,6.0,4.0,5.0,7.0,6.5,4.0,6.0,0.0,0.0,0.0,3.5,3.0,7.0,6.0,5.0,6.5,0.0,0.0,4,7,17.3,1.3000000000000007
75,800,Mvogo Yvon,G,7.0,7.0,5.43,5.5,5.43,15,1,15,1.33,0.0,1.33,0,0,0,1.0,1.0,1.0,1273,90,1273,84.87,90.0,84.87,0.0,0.0,0.0,1000.0,3.0,0.0,0.0,0.0,0.0,0.0,0.0,0.0,0.0,0.0,0.0,0.0,0.0,35.0,14.0,3.5,5.5,5.5,5.5,0.0,0.0,0.0,0.0,0.0,0.0,0.0,0.0,0.0,0.0,0.0,0.0,0.0,0.0,0.0,0.0,0.0,3.5,5.0,4.5,6.0,6.0,6.0,4.5,5.5,6.0,2.5,5.5,6.0,7.0,8.0,0.0,0.0,0.0,0.0,0.0,0.0,1,1,7.51,0.5099999999999998
76,802,Nübel Alexander,G,15.0,17.0,5.41,5.41,5.45,32,32,41,1.15,1.15,1.05,0,0,0,1.0,1.0,1.0,2880,2880,3690,90.0,90.0,90.0,0.0,0.0,0.0,1000.0,8.0,0.0,0.0,0.0,0.0,0.0,0.0,0.0,0.0,0.0,0.0,0.0,0.0,60.0,51.0,6.0,4.625,4.75,4.0,5.5,4.0,5.0,5.5,6.0,4.5,4.0,4.0,5.0,6.5,4.5,4.5,5.0,5.0,7.0,6.0,3.5,7.0,6.0,4.0,6.0,6.0,5.5,6.0,7.0,7.5,5.0,6.0,3.5,7.0,7.0,6.5,5.5,6.0,6.0,6.0,5.5,4,10,15.07,0.07000000000000028
77,804,Dupé Maxime,G,14.0,16.0,5.38,5.38,5.44,32,32,40,1.12,1.12,1.05,0,0,0,1.0,1.0,1.0,2880,2880,3600,90.0,90.0,90.0,0.0,0.0,0.0,1000.0,6.0,0.0,0.0,0.0,0.0,0.0,0.0,0.0,0.0,0.0,0.0,0.0,0.0,69.0,37.0,6.0,5.625,5.2,6.0,5.0,7.5,4.0,4.0,6.0,5.0,4.0,4.5,6.0,5.0,4.0,5.0,5.0,7.0,5.5,2.5,6.0,6.0,6.0,6.5,5.0,7.0,6.0,4.5,5.5,4.0,7.0,4.5,6.5,6.0,5.5,7.0,5.5,5.0,6.0,5.0,6.0,4,10,15.68,1.6799999999999997
78,806,Riou Rémy,G,7.0,7.0,5.36,0.0,5.45,7,0,11,0.56,0.0,0.85,0,0,0,0.86,0.0,0.91,600,0,915,85.71,0.0,83.18,0.0,0.0,0.0,1000.0,1.0,0.0,0.0,0.0,0.0,0.0,0.0,0.0,0.0,0.0,0.0,0.0,0.0,12.0,5.0,0.0,0.0,5.5,0.0,0.0,0.0,0.0,6.0,5.0,5.5,0.0,0.0,0.0,0.0,0.0,0.0,0.0,0.0,0.0,0.0,0.0,0.0,0.0,0.0,0.0,0.0,0.0,0.0,0.0,0.0,5.0,5.5,4.5,0.0,6.0,0.0,7.0,0.0,0.0,4.5,0.0,0,3,7.18,0.17999999999999972
79,808,Bizot Marco,G,14.0,15.0,5.35,5.66,5.35,31,19,40,1.36,1.3,1.39,0,0,0,1.0,1.0,1.0,2790,1710,3600,90.0,90.0,90.0,0.0,0.0,0.0,1000.0,6.0,0.0,0.0,0.0,0.0,0.0,0.0,0.0,0.0,0.0,0.0,0.0,0.0,78.0,34.0,4.75,6.375,5.35,6.0,7.5,6.5,5.5,5.0,4.5,7.0,3.0,4.0,4.5,5.0,8.0,6.0,6.0,6.5,6.0,4.0,5.5,7.0,0.0,6.0,4.0,5.5,5.0,5.0,5.5,5.5,5.5,1.0,6.0,5.0,4.5,2.5,4.5,6.0,8.5,5.5,6.0,4,10,16.7,2.6999999999999993
80,810,Mannone Vito,G,16.0,16.0,5.33,0.0,5.33,18,0,18,1.28,0.0,1.28,0,0,0,0.94,0.0,0.94,1607,0,1607,89.28,0.0,89.28,0.0,0.0,0.0,1000.0,5.0,0.0,0.0,0.0,0.0,0.0,0.0,0.0,0.0,0.0,0.0,0.0,0.0,43.0,18.0,6.0,4.5,5.277777777777778,0.0,4.0,5.5,4.0,4.0,6.5,7.0,4.0,6.5,6.0,7.0,4.0,6.0,3.0,4.5,7.0,5.0,6.0,6.0,0.0,0.0,0.0,0.0,0.0,0.0,0.0,0.0,0.0,0.0,0.0,0.0,0.0,0.0,0.0,0.0,0.0,0.0,0.0,3,9,13.92,-2.08
81,812,Sels Matz,G,15.0,16.0,5.31,5.31,5.32,32,32,41,1.18,1.18,1.1,0,0,0,1.0,1.0,1.0,2880,2880,3690,90.0,90.0,90.0,0.0,0.0,0.0,1000.0,4.0,0.0,0.0,0.0,0.0,0.0,0.0,0.0,0.0,0.0,0.0,0.0,0.0,70.0,30.0,6.0,5.75,5.65,7.5,4.5,7.0,4.0,6.0,5.0,4.0,5.5,5.5,7.5,6.0,3.0,4.0,7.0,7.0,4.0,5.5,4.5,4.0,4.0,5.5,4.5,6.0,4.0,5.0,6.0,5.0,5.0,5.0,6.0,5.5,7.0,4.0,6.0,6.5,4.5,5.0,5.5,4,10,16.21,1.2100000000000009
82,872,Bulka Marcin,G,7.0,7.0,5.0,0.0,5.0,2,0,2,0.0,0.0,0.0,0,0,0,1.0,0.0,1.0,180,0,180,90.0,0.0,90.0,0.0,0.0,0.0,1000.0,0.0,0.0,0.0,0.0,0.0,0.0,0.0,0.0,0.0,0.0,0.0,0.0,0.0,4.0,0.0,0.0,0.0,0.0,0.0,0.0,0.0,0.0,0.0,0.0,0.0,0.0,0.0,0.0,0.0,0.0,0.0,0.0,0.0,0.0,0.0,0.0,0.0,0.0,0.0,0.0,0.0,0.0,5.0,0.0,0.0,0.0,0.0,0.0,0.0,5.0,0.0,0.0,0.0,0.0,0.0,0.0,0,0,7.0,0.0
83,877,Fofana Yahia,G,7.0,9.0,5.0,0.0,5.21,8,0,14,1.16,0.0,1.09,0,0,0,1.0,0.0,1.0,720,0,1260,90.0,0.0,90.0,0.0,0.0,0.0,1000.0,1.0,0.0,0.0,0.0,0.0,0.0,0.0,0.0,0.0,0.0,0.0,0.0,0.0,17.0,9.0,0.0,0.0,0.0,0.0,0.0,0.0,0.0,0.0,0.0,0.0,0.0,0.0,0.0,0.0,0.0,0.0,0.0,0.0,0.0,0.0,5.0,4.5,6.5,0.0,4.0,4.0,4.0,7.0,5.0,0.0,0.0,0.0,0.0,0.0,0.0,0.0,5.5,5.5,5.0,0.0,6.0,0,0,7.0,0.0
84,924,Kamara Bingourou,G,7.0,7.0,4.9,0.0,4.9,5,0,5,1.85,0.0,1.85,0,0,0,0.8,0.0,0.8,407,0,407,81.4,0.0,81.4,0.0,0.0,0.0,1000.0,0.0,0.0,0.0,0.0,0.0,0.0,0.0,0.0,0.0,0.0,0.0,0.0,0.0,10.0,4.0,0.0,0.0,0.0,0.0,0.0,0.0,0.0,0.0,0.0,0.0,0.0,0.0,0.0,0.0,0.0,0.0,0.0,0.0,0.0,0.0,0.0,7.5,3.5,6.0,0.0,0.0,3.0,0.0,4.5,0.0,0.0,0.0,0.0,0.0,0.0,0.0,0.0,0.0,0.0,0.0,0.0,0,0,6.94,-0.05999999999999961
85,931,Bernardoni Paul,G,13.0,13.0,4.88,5.0,4.82,24,17,33,1.35,1.3,1.32,0,0,0,1.0,1.0,1.0,2160,1530,2970,90.0,90.0,90.0,0.0,0.0,0.0,1000.0,3.0,0.0,0.0,0.0,0.0,0.0,0.0,0.0,0.0,0.0,0.0,0.0,0.0,47.0,29.0,5.0,6.0,4.95,5.0,5.5,8.0,5.5,4.0,4.0,2.5,4.0,5.0,6.0,6.0,5.0,3.0,5.0,6.0,6.0,4.5,0.0,0.0,0.0,5.0,0.0,0.0,0.0,0.0,0.0,2.0,3.5,6.5,4.5,4.5,6.0,6.0,6.0,3.0,4.0,3.5,5.5,4,10,15.35,2.3499999999999996
86,938,Gallon Gauthier,G,14.0,14.0,4.86,4.88,4.91,25,13,27,0.96,1.14,1.03,0,0,0,1.0,1.0,1.0,2250,1170,2430,90.0,90.0,90.0,0.0,0.0,0.0,1000.0,0.0,0.0,0.0,0.0,0.0,0.0,0.0,0.0,0.0,0.0,0.0,0.0,0.0,49.0,30.0,5.0,5.25,5.05,7.0,4.5,4.0,5.5,4.0,4.5,5.0,6.0,6.0,4.0,4.0,3.0,6.0,0.0,0.0,0.0,0.0,0.0,4.5,5.5,0.0,0.0,5.0,4.0,5.0,5.0,6.0,6.0,5.0,4.5,3.5,4.0,0.0,4.0,0.0,0.0,0.0,0.0,4,10,14.94,0.9399999999999995
87,948,Costil Benoît,G,7.0,8.0,4.82,0.0,4.59,19,0,22,1.45,0.0,1.5,0,0,0,1.0,0.0,1.0,1710,0,1980,90.0,0.0,90.0,0.0,0.0,0.0,1000.0,2.0,0.0,0.0,0.0,0.0,0.0,0.0,0.0,0.0,0.0,0.0,0.0,0.0,31.0,24.0,0.0,0.0,0.0,0.0,0.0,0.0,0.0,0.0,0.0,0.0,0.0,0.0,0.0,0.0,0.0,0.0,5.0,2.5,5.0,4.0,2.5,6.0,6.0,7.0,4.5,5.0,5.5,4.0,3.0,5.0,5.5,7.0,7.0,4.0,3.0,0.0,0.0,2.5,4.5,2.5,0.0,0,0,7.03,0.03000000000000025
88,951,Leroy Benjamin,G,13.0,14.0,4.81,4.45,4.9,29,11,35,1.19,1.08,1.14,0,0,0,1.0,1.0,1.0,2529,990,2991,87.21,90.0,85.46,0.0,0.0,0.0,1000.0,3.0,0.0,0.0,0.0,0.0,0.0,0.0,0.0,0.0,0.0,0.0,0.0,0.0,40.0,27.0,3.5,4.875,4.5,6.0,4.5,3.5,5.5,4.0,4.0,4.0,6.5,4.0,3.0,4.0,0.0,0.0,2.0,4.5,4.0,7.5,5.0,5.0,6.0,4.0,5.0,5.5,0.0,5.0,5.0,5.5,4.5,3.5,6.0,6.5,6.0,0.0,0.0,4.5,6.0,4.5,6.0,4,10,13.82,0.8200000000000003
89,961,Matis Carvalho Matis,G,3.0,3.0,4.75,0.0,4.75,2,0,2,1.06,0.0,1.06,0,0,0,0.5,0.0,0.5,135,0,135,67.5,0.0,67.5,0.0,0.0,0.0,1000.0,0.0,0.0,0.0,0.0,0.0,0.0,0.0,0.0,0.0,0.0,0.0,0.0,0.0,2.0,3.0,0.0,0.0,0.0,0.0,0.0,0.0,0.0,0.0,0.0,0.0,0.0,0.0,0.0,0.0,0.0,0.0,0.0,0.0,0.0,0.0,0.0,0.0,0.0,0.0,0.0,0.0,0.0,0.0,0.0,4.0,5.5,0.0,0.0,0.0,0.0,0.0,0.0,0.0,0.0,0.0,0.0,0,0,3.0,0.0
90,1008,Alemdar Dogan,G,7.0,7.0,4.38,0.0,5.15,4,0,10,1.55,0.0,1.42,0,0,0,0.75,0.0,0.9,315,0,855,78.75,0.0,85.5,0.0,0.0,0.0,1000.0,0.0,0.0,0.0,0.0,0.0,0.0,0.0,0.0,0.0,0.0,0.0,0.0,0.0,2.0,2.0,0.0,3.0,3.0,0.0,0.0,3.0,0.0,0.0,0.0,0.0,0.0,0.0,0.0,0.0,0.0,0.0,0.0,0.0,0.0,0.0,0.0,0.0,0.0,0.0,0.0,0.0,0.0,0.0,0.0,0.0,0.0,4.5,6.5,3.5,0.0,0.0,0.0,0.0,6.0,6.0,5.0,1,1,6.47,-0.5300000000000002
91,1019,Sollacaro François-Joseph,G,7.0,7.0,4.17,0.0,4.67,3,0,6,1.26,0.0,1.17,0,0,0,1.0,0.0,0.83,270,0,528,90.0,0.0,88.0,0.0,0.0,0.0,1000.0,0.0,0.0,0.0,0.0,0.0,0.0,0.0,0.0,0.0,0.0,0.0,0.0,0.0,0.0,1.0,0.0,0.0,0.0,0.0,0.0,0.0,0.0,0.0,0.0,0.0,0.0,0.0,0.0,0.0,5.5,4.0,0.0,0.0,0.0,0.0,0.0,0.0,0.0,0.0,0.0,0.0,3.0,0.0,0.0,0.0,0.0,0.0,0.0,0.0,0.0,6.0,4.0,5.5,0.0,0.0,0.0,0,0,6.92,-0.08000000000000007
92,1024,Leca Jean-Louis,G,7.0,7.0,0.0,0.0,5.88,0,0,4,0.0,0.0,2.1,0,0,0,0.0,0.0,1.0,0,0,289,0.0,0.0,72.25,0.0,0.0,0.0,1000.0,0.0,0.0,0.0,0.0,0.0,0.0,0.0,0.0,0.0,0.0,0.0,0.0,0.0,0.0,0.0,0.0,0.0,0.0,0.0,0.0,0.0,0.0,0.0,0.0,0.0,0.0,0.0,0.0,0.0,0.0,0.0,0.0,0.0,0.0,0.0,0.0,0.0,0.0,0.0,0.0,0.0,0.0,0.0,0.0,0.0,0.0,0.0,0.0,0.0,0.0,0.0,0.0,0.0,3.0,6.5,0.0,0,0,5.09,-1.9100000000000001
93,1025,Moulin Jessy,G,3.0,3.0,0.0,0.0,5.5,0,0,7,0.0,0.0,0.91,0,0,0,0.0,0.0,1.0,0,0,630,0.0,0.0,90.0,0.0,0.0,0.0,1000.0,0.0,0.0,0.0,0.0,0.0,0.0,0.0,0.0,0.0,0.0,0.0,0.0,0.0,0.0,0.0,5.5,0.0,0.0,0.0,0.0,0.0,0.0,0.0,0.0,0.0,0.0,0.0,0.0,0.0,0.0,0.0,0.0,0.0,0.0,0.0,0.0,0.0,0.0,0.0,0.0,0.0,0.0,0.0,0.0,0.0,0.0,0.0,0.0,0.0,0.0,6.5,0.0,6.0,6.0,5.5,4.5,0,0,5.68,2.6799999999999997
94,1026,Petric Denis,G,3.0,3.0,0.0,0.0,0.0,0,0,0,0.0,0.0,0.0,0,0,0,0.0,0.0,0.0,0,0,0,0.0,0.0,0.0,0.0,0.0,0.0,1000.0,0.0,0.0,0.0,0.0,0.0,0.0,0.0,0.0,0.0,0.0,0.0,0.0,0.0,0.0,0.0,0.0,0.0,0.0,0.0,0.0,0.0,0.0,0.0,0.0,0.0,0.0,0.0,0.0,0.0,0.0,0.0,0.0,0.0,0.0,0.0,0.0,0.0,0.0,0.0,0.0,0.0,0.0,0.0,0.0,0.0,0.0,0.0,0.0,0.0,0.0,0.0,0.0,0.0,0.0,0.0,0.0,0,0,2.949152542372877,-0.05084745762712295
95,1027,Salin Romain,G,3.0,0.0,0.0,0.0,0.0,1,0,1,0.0,0.0,0.0,0,0,0,0.0,0.0,0.0,80,0,80,80.0,0.0,80.0,0.0,0.0,0.0,1000.0,0.0,0.0,0.0,0.0,0.0,0.0,0.0,0.0,0.0,0.0,0.0,0.0,0.0,0.0,0.0,0.0,0.0,0.0,0.0,0.0,0.0,0.0,0.0,0.0,0.0,0.0,0.0,0.0,0.0,0.0,0.0,0.0,0.0,0.0,0.0,0.0,0.0,0.0,0.0,0.0,0.0,0.0,0.0,0.0,0.0,0.0,0.0,0.0,0.0,0.0,0.0,0.0,0.0,0.0,0.0,0.0,0,0,3.0,0.0
96,1029,Kawashima Eiji,G,7.0,7.0,0.0,0.0,0.0,0,0,0,0.0,0.0,0.0,0,0,0,0.0,0.0,0.0,0,0,0,0.0,0.0,0.0,0.0,0.0,0.0,1000.0,0.0,0.0,0.0,0.0,0.0,0.0,0.0,0.0,0.0,0.0,0.0,0.0,0.0,0.0,0.0,0.0,0.0,0.0,0.0,0.0,0.0,0.0,0.0,0.0,0.0,0.0,0.0,0.0,0.0,0.0,0.0,0.0,0.0,0.0,0.0,0.0,0.0,0.0,0.0,0.0,0.0,0.0,0.0,0.0,0.0,0.0,0.0,0.0,0.0,0.0,0.0,0.0,0.0,0.0,0.0,0.0,0,0,2.949152542372877,-4.050847457627123
97,1030,Olliero Alexandre,G,7.0,7.0,0.0,0.0,5.55,0,0,20,0.0,0.0,1.3,0,0,0,0.0,0.0,1.0,0,0,1800,0.0,0.0,90.0,0.0,0.0,0.0,1000.0,0.0,0.0,0.0,0.0,0.0,0.0,0.0,0.0,0.0,0.0,0.0,0.0,0.0,0.0,0.0,0.0,0.0,0.0,0.0,0.0,0.0,0.0,0.0,0.0,0.0,0.0,0.0,0.0,0.0,0.0,0.0,0.0,0.0,0.0,0.0,0.0,0.0,0.0,0.0,0.0,0.0,0.0,0.0,0.0,0.0,0.0,0.0,0.0,0.0,0.0,0.0,0.0,0.0,0.0,0.0,0.0,0,0,7.0,0.0
98,1031,Letellier Alexandre,G,1.0,1.0,0.0,0.0,5.0,0,0,1,0.0,0.0,0.0,0,0,0,0.0,0.0,0.0,0,0,7,0.0,0.0,7.0,0.0,0.0,0.0,1000.0,0.0,0.0,0.0,0.0,0.0,0.0,0.0,0.0,0.0,0.0,0.0,0.0,0.0,0.0,0.0,0.0,0.0,0.0,0.0,0.0,0.0,0.0,0.0,0.0,0.0,0.0,0.0,0.0,0.0,0.0,0.0,0.0,0.0,0.0,0.0,0.0,0.0,0.0,0.0,0.0,0.0,0.0,0.0,0.0,0.0,0.0,0.0,0.0,0.0,0.0,5.0,0.0,0.0,0.0,0.0,0.0,0,0,1.0,0.0
99,1033,Jakubech Adam,G,3.0,3.0,0.0,0.0,0.0,0,0,0,0.0,0.0,0.0,0,0,0,0.0,0.0,0.0,0,0,0,0.0,0.0,0.0,0.0,0.0,0.0,1000.0,0.0,0.0,0.0,0.0,0.0,0.0,0.0,0.0,0.0,0.0,0.0,0.0,0.0,0.0,0.0,0.0,0.0,0.0,0.0,0.0,0.0,0.0,0.0,0.0,0.0,0.0,0.0,0.0,0.0,0.0,0.0,0.0,0.0,0.0,0.0,0.0,0.0,0.0,0.0,0.0,0.0,0.0,0.0,0.0,0.0,0.0,0.0,0.0,0.0,0.0,0.0,0.0,0.0,0.0,0.0,0.0,0,0,2.949152542372877,-0.05084745762712295
100,1034,Bertaud Dimitry,G,1.0,1.0,0.0,0.0,5.5,0,0,5,0.0,0.0,1.41,0,0,0,0.0,0.0,0.8,0,0,361,0.0,0.0,72.2,0.0,0.0,0.0,1000.0,0.0,0.0,0.0,0.0,0.0,0.0,0.0,0.0,0.0,0.0,0.0,0.0,0.0,0.0,0.0,0.0,0.0,0.0,0.0,0.0,0.0,0.0,0.0,0.0,0.0,0.0,0.0,0.0,0.0,0.0,0.0,0.0,0.0,0.0,0.0,0.0,0.0,0.0,0.0,0.0,0.0,0.0,0.0,0.0,0.0,0.0,0.0,0.0,0.0,0.0,0.0,4.5,5.0,5.0,0.0,0.0,0,0,1.0,0.0
101,1036,Rico Sergio,G,7.0,7.0,0.0,0.0,4.67,0,0,6,0.0,0.0,2.11,0,0,0,0.0,0.0,1.0,0,0,540,0.0,0.0,90.0,0.0,0.0,0.0,1000.0,0.0,0.0,0.0,0.0,0.0,0.0,0.0,0.0,0.0,0.0,0.0,0.0,0.0,0.0,0.0,0.0,0.0,0.0,0.0,0.0,0.0,0.0,0.0,0.0,0.0,0.0,0.0,0.0,0.0,0.0,0.0,0.0,0.0,0.0,0.0,0.0,0.0,0.0,0.0,0.0,0.0,0.0,0.0,0.0,0.0,0.0,0.0,0.0,0.0,0.0,0.0,0.0,0.0,1.5,5.5,6.0,0,0,6.44,-0.5599999999999996
102,1039,Bartouche Teddy,G,3.0,3.0,0.0,0.0,0.0,0,0,0,0.0,0.0,0.0,0,0,0,0.0,0.0,0.0,0,0,0,0.0,0.0,0.0,0.0,0.0,0.0,1000.0,0.0,0.0,0.0,0.0,0.0,0.0,0.0,0.0,0.0,0.0,0.0,0.0,0.0,0.0,0.0,0.0,0.0,0.0,0.0,0.0,0.0,0.0,0.0,0.0,0.0,0.0,0.0,0.0,0.0,0.0,0.0,0.0,0.0,0.0,0.0,0.0,0.0,0.0,0.0,0.0,0.0,0.0,0.0,0.0,0.0,0.0,0.0,0.0,0.0,0.0,0.0,0.0,0.0,0.0,0.0,0.0,0,0,2.949152542372877,-0.05084745762712295
103,1040,Djoco Ouparine,G,7.0,7.0,0.0,0.0,5.13,0,0,8,0.0,0.0,0.99,0,0,0,0.0,0.0,0.88,0,0,675,0.0,0.0,84.38,0.0,0.0,0.0,1000.0,0.0,0.0,0.0,0.0,0.0,0.0,0.0,0.0,0.0,0.0,0.0,0.0,0.0,0.0,0.0,0.0,0.0,0.0,0.0,0.0,0.0,0.0,0.0,0.0,0.0,0.0,0.0,0.0,0.0,0.0,0.0,0.0,0.0,0.0,0.0,0.0,0.0,0.0,0.0,0.0,0.0,0.0,0.0,0.0,0.0,0.0,0.0,0.0,0.0,0.0,4.5,6.5,5.0,4.0,5.0,6.5,0,0,2.38,-4.62
104,1043,Ngapandouetnbu Simon,G,1.0,1.0,0.0,0.0,0.0,0,0,0,0.0,0.0,0.0,0,0,0,0.0,0.0,0.0,0,0,0,0.0,0.0,0.0,0.0,0.0,0.0,1000.0,0.0,0.0,0.0,0.0,0.0,0.0,0.0,0.0,0.0,0.0,0.0,0.0,0.0,0.0,0.0,0.0,0.0,0.0,0.0,0.0,0.0,0.0,0.0,0.0,0.0,0.0,0.0,0.0,0.0,0.0,0.0,0.0,0.0,0.0,0.0,0.0,0.0,0.0,0.0,0.0,0.0,0.0,0.0,0.0,0.0,0.0,0.0,0.0,0.0,0.0,0.0,0.0,0.0,0.0,0.0,0.0,0,0,2.949152542372877,1.949152542372877
105,1044,Fariñez Wuilker,G,1.0,2.0,0.0,0.0,5.42,0,0,6,0.0,0.0,0.86,0,0,0,0.0,0.0,0.83,0,0,519,0.0,0.0,86.5,0.0,0.0,0.0,1000.0,0.0,0.0,0.0,0.0,0.0,0.0,0.0,0.0,0.0,0.0,0.0,0.0,0.0,0.0,0.0,0.0,0.0,0.0,0.0,0.0,0.0,0.0,0.0,0.0,0.0,0.0,0.0,0.0,0.0,0.0,0.0,0.0,0.0,0.0,0.0,0.0,0.0,0.0,0.0,0.0,0.0,0.0,0.0,0.0,0.0,0.0,0.0,0.0,0.0,0.0,4.0,5.5,5.0,5.5,0.0,6.5,0,0,1.99,0.99
106,1045,Margueron Lucas,G,3.0,3.0,0.0,0.0,0.0,0,0,0,0.0,0.0,0.0,0,0,0,0.0,0.0,0.0,0,0,0,0.0,0.0,0.0,0.0,0.0,0.0,1000.0,0.0,0.0,0.0,0.0,0.0,0.0,0.0,0.0,0.0,0.0,0.0,0.0,0.0,0.0,0.0,0.0,0.0,0.0,0.0,0.0,0.0,0.0,0.0,0.0,0.0,0.0,0.0,0.0,0.0,0.0,0.0,0.0,0.0,0.0,0.0,0.0,0.0,0.0,0.0,0.0,0.0,0.0,0.0,0.0,0.0,0.0,0.0,0.0,0.0,0.0,0.0,0.0,0.0,0.0,0.0,0.0,0,0,2.949152542372877,-0.05084745762712295
107,1046,Coudert Grégoire,G,3.0,3.0,0.0,0.0,0.0,0,0,0,0.0,0.0,0.0,0,0,0,0.0,0.0,0.0,0,0,0,0.0,0.0,0.0,0.0,0.0,0.0,1000.0,0.0,0.0,0.0,0.0,0.0,0.0,0.0,0.0,0.0,0.0,0.0,0.0,0.0,0.0,0.0,0.0,0.0,0.0,0.0,0.0,0.0,0.0,0.0,0.0,0.0,0.0,0.0,0.0,0.0,0.0,0.0,0.0,0.0,0.0,0.0,0.0,0.0,0.0,0.0,0.0,0.0,0.0,0.0,0.0,0.0,0.0,0.0,0.0,0.0,0.0,0.0,0.0,0.0,0.0,0.0,0.0,0,0,2.949152542372877,-0.05084745762712295
108,1050,Pollersbeck Julian,G,7.0,0.0,0.0,0.0,5.5,0,0,4,0.0,0.0,1.0,0,0,0,0.0,0.0,0.75,0,0,330,0.0,0.0,82.5,0.0,0.0,0.0,1000.0,0.0,0.0,0.0,0.0,0.0,0.0,0.0,0.0,0.0,0.0,0.0,0.0,0.0,0.0,0.0,0.0,0.0,0.0,0.0,0.0,0.0,0.0,0.0,0.0,0.0,0.0,0.0,0.0,0.0,0.0,0.0,0.0,0.0,0.0,0.0,0.0,0.0,0.0,0.0,0.0,0.0,0.0,0.0,0.0,0.0,0.0,0.0,0.0,0.0,0.0,0.0,0.0,0.0,0.0,6.0,4.0,0,0,4.0,-3.0
109,1051,Pierre Alexandre,G,1.0,2.0,0.0,0.0,0.0,0,0,0,0.0,0.0,0.0,0,0,0,0.0,0.0,0.0,0,0,0,0.0,0.0,0.0,0.0,0.0,0.0,1000.0,0.0,0.0,0.0,0.0,0.0,0.0,0.0,0.0,0.0,0.0,0.0,0.0,0.0,0.0,0.0,0.0,0.0,0.0,0.0,0.0,0.0,0.0,0.0,0.0,0.0,0.0,0.0,0.0,0.0,0.0,0.0,0.0,0.0,0.0,0.0,0.0,0.0,0.0,0.0,0.0,0.0,0.0,0.0,0.0,0.0,0.0,0.0,0.0,0.0,0.0,0.0,0.0,0.0,0.0,0.0,0.0,0,0,2.949152542372877,1.949152542372877
110,1052,De Percin Théo,G,3.0,3.0,0.0,0.0,0.0,0,0,0,0.0,0.0,0.0,0,0,0,0.0,0.0,0.0,0,0,0,0.0,0.0,0.0,0.0,0.0,0.0,1000.0,0.0,0.0,0.0,0.0,0.0,0.0,0.0,0.0,0.0,0.0,0.0,0.0,0.0,0.0,0.0,0.0,0.0,0.0,0.0,0.0,0.0,0.0,0.0,0.0,0.0,0.0,0.0,0.0,0.0,0.0,0.0,0.0,0.0,0.0,0.0,0.0,0.0,0.0,0.0,0.0,0.0,0.0,0.0,0.0,0.0,0.0,0.0,0.0,0.0,0.0,0.0,0.0,0.0,0.0,0.0,0.0,0,0,2.949152542372877,-0.05084745762712295
111,1053,Boulhendi Teddy,G,3.0,3.0,0.0,0.0,0.0,0,0,0,0.0,0.0,0.0,0,0,0,0.0,0.0,0.0,0,0,0,0.0,0.0,0.0,0.0,0.0,0.0,1000.0,0.0,0.0,0.0,0.0,0.0,0.0,0.0,0.0,0.0,0.0,0.0,0.0,0.0,0.0,0.0,0.0,0.0,0.0,0.0,0.0,0.0,0.0,0.0,0.0,0.0,0.0,0.0,0.0,0.0,0.0,0.0,0.0,0.0,0.0,0.0,0.0,0.0,0.0,0.0,0.0,0.0,0.0,0.0,0.0,0.0,0.0,0.0,0.0,0.0,0.0,0.0,0.0,0.0,0.0,0.0,0.0,0,0,2.949152542372877,-0.05084745762712295
112,1056,Himeur Thomas,G,1.0,1.0,0.0,0.0,0.0,0,0,0,0.0,0.0,0.0,0,0,0,0.0,0.0,0.0,0,0,0,0.0,0.0,0.0,0.0,0.0,0.0,1000.0,0.0,0.0,0.0,0.0,0.0,0.0,0.0,0.0,0.0,0.0,0.0,0.0,0.0,0.0,0.0,0.0,0.0,0.0,0.0,0.0,0.0,0.0,0.0,0.0,0.0,0.0,0.0,0.0,0.0,0.0,0.0,0.0,0.0,0.0,0.0,0.0,0.0,0.0,0.0,0.0,0.0,0.0,0.0,0.0,0.0,0.0,0.0,0.0,0.0,0.0,0.0,0.0,0.0,0.0,0.0,0.0,0,0,2.949152542372877,1.949152542372877
113,1059,Pandor Yannick,G,3.0,3.0,0.0,0.0,0.0,0,0,0,0.0,0.0,0.0,0,0,0,0.0,0.0,0.0,0,0,0,0.0,0.0,0.0,0.0,0.0,0.0,1000.0,0.0,0.0,0.0,0.0,0.0,0.0,0.0,0.0,0.0,0.0,0.0,0.0,0.0,0.0,0.0,0.0,0.0,0.0,0.0,0.0,0.0,0.0,0.0,0.0,0.0,0.0,0.0,0.0,0.0,0.0,0.0,0.0,0.0,0.0,0.0,0.0,0.0,0.0,0.0,0.0,0.0,0.0,0.0,0.0,0.0,0.0,0.0,0.0,0.0,0.0,0.0,0.0,0.0,0.0,0.0,0.0,0,0,2.949152542372877,-0.05084745762712295
114,1064,Penneteau Nicolas,G,3.0,3.0,0.0,0.0,0.0,0,0,0,0.0,0.0,0.0,0,0,0,0.0,0.0,0.0,0,0,0,0.0,0.0,0.0,0.0,0.0,0.0,1000.0,0.0,0.0,0.0,0.0,0.0,0.0,0.0,0.0,0.0,0.0,0.0,0.0,0.0,0.0,0.0,0.0,0.0,0.0,0.0,0.0,0.0,0.0,0.0,0.0,0.0,0.0,0.0,0.0,0.0,0.0,0.0,0.0,0.0,0.0,0.0,0.0,0.0,0.0,0.0,0.0,0.0,0.0,0.0,0.0,0.0,0.0,0.0,0.0,0.0,0.0,0.0,0.0,0.0,0.0,0.0,0.0,0,0,2.949152542372877,-0.05084745762712295
115,1065,Bonelli Lucas,G,1.0,1.0,0.0,0.0,0.0,0,0,0,0.0,0.0,0.0,0,0,0,0.0,0.0,0.0,0,0,0,0.0,0.0,0.0,0.0,0.0,0.0,1000.0,0.0,0.0,0.0,0.0,0.0,0.0,0.0,0.0,0.0,0.0,0.0,0.0,0.0,0.0,0.0,0.0,0.0,0.0,0.0,0.0,0.0,0.0,0.0,0.0,0.0,0.0,0.0,0.0,0.0,0.0,0.0,0.0,0.0,0.0,0.0,0.0,0.0,0.0,0.0,0.0,0.0,0.0,0.0,0.0,0.0,0.0,0.0,0.0,0.0,0.0,0.0,0.0,0.0,0.0,0.0,0.0,0,0,2.949152542372877,1.949152542372877
116,1066,Restes Guillaume,G,3.0,3.0,0.0,0.0,0.0,0,0,0,0.0,0.0,0.0,0,0,0,0.0,0.0,0.0,0,0,0,0.0,0.0,0.0,0.0,0.0,0.0,1000.0,0.0,0.0,0.0,0.0,0.0,0.0,0.0,0.0,0.0,0.0,0.0,0.0,0.0,0.0,0.0,0.0,0.0,0.0,0.0,0.0,0.0,0.0,0.0,0.0,0.0,0.0,0.0,0.0,0.0,0.0,0.0,0.0,0.0,0.0,0.0,0.0,0.0,0.0,0.0,0.0,0.0,0.0,0.0,0.0,0.0,0.0,0.0,0.0,0.0,0.0,0.0,0.0,0.0,0.0,0.0,0.0,0,0,2.949152542372877,-0.05084745762712295
117,1067,Raux Jules,G,1.0,1.0,0.0,0.0,0.0,0,0,0,0.0,0.0,0.0,0,0,0,0.0,0.0,0.0,0,0,0,0.0,0.0,0.0,0.0,0.0,0.0,1000.0,0.0,0.0,0.0,0.0,0.0,0.0,0.0,0.0,0.0,0.0,0.0,0.0,0.0,0.0,0.0,0.0,0.0,0.0,0.0,0.0,0.0,0.0,0.0,0.0,0.0,0.0,0.0,0.0,0.0,0.0,0.0,0.0,0.0,0.0,0.0,0.0,0.0,0.0,0.0,0.0,0.0,0.0,0.0,0.0,0.0,0.0,0.0,0.0,0.0,0.0,0.0,0.0,0.0,0.0,0.0,0.0,0,0,2.949152542372877,1.949152542372877
118,1073,Lienard Yann,G,1.0,1.0,0.0,0.0,0.0,0,0,0,0.0,0.0,0.0,0,0,0,0.0,0.0,0.0,0,0,0,0.0,0.0,0.0,0.0,0.0,0.0,1000.0,0.0,0.0,0.0,0.0,0.0,0.0,0.0,0.0,0.0,0.0,0.0,0.0,0.0,0.0,0.0,0.0,0.0,0.0,0.0,0.0,0.0,0.0,0.0,0.0,0.0,0.0,0.0,0.0,0.0,0.0,0.0,0.0,0.0,0.0,0.0,0.0,0.0,0.0,0.0,0.0,0.0,0.0,0.0,0.0,0.0,0.0,0.0,0.0,0.0,0.0,0.0,0.0,0.0,0.0,0.0,0.0,0,0,2.949152542372877,1.949152542372877
119,1075,Bonnevie Kayne,G,3.0,0.0,0.0,0.0,0.0,0,0,0,0.0,0.0,0.0,0,0,0,0.0,0.0,0.0,0,0,0,0.0,0.0,0.0,0.0,0.0,0.0,1000.0,0.0,0.0,0.0,0.0,0.0,0.0,0.0,0.0,0.0,0.0,0.0,0.0,0.0,0.0,0.0,0.0,0.0,0.0,0.0,0.0,0.0,0.0,0.0,0.0,0.0,0.0,0.0,0.0,0.0,0.0,0.0,0.0,0.0,0.0,0.0,0.0,0.0,0.0,0.0,0.0,0.0,0.0,0.0,0.0,0.0,0.0,0.0,0.0,0.0,0.0,0.0,0.0,0.0,0.0,0.0,0.0,0,0,2.949152542372877,-0.05084745762712295
120,1081,Haug Kjetil,G,7.0,7.0,0.0,0.0,0.0,0,0,0,0.0,0.0,0.0,0,0,0,0.0,0.0,0.0,0,0,0,0.0,0.0,0.0,0.0,0.0,0.0,1000.0,0.0,0.0,0.0,0.0,0.0,0.0,0.0,0.0,0.0,0.0,0.0,0.0,0.0,0.0,0.0,0.0,0.0,0.0,0.0,0.0,0.0,0.0,0.0,0.0,0.0,0.0,0.0,0.0,0.0,0.0,0.0,0.0,0.0,0.0,0.0,0.0,0.0,0.0,0.0,0.0,0.0,0.0,0.0,0.0,0.0,0.0,0.0,0.0,0.0,0.0,0.0,0.0,0.0,0.0,0.0,0.0,0,0,2.949152542372877,-4.050847457627123
121,1088,Risser Robin,G,7.0,8.0,0.0,0.0,0.0,0,0,0,0.0,0.0,0.0,0,0,0,0.0,0.0,0.0,0,0,0,0.0,0.0,0.0,0.0,0.0,0.0,1000.0,0.0,0.0,0.0,0.0,0.0,0.0,0.0,0.0,0.0,0.0,0.0,0.0,0.0,0.0,0.0,0.0,0.0,0.0,0.0,0.0,0.0,0.0,0.0,0.0,0.0,0.0,0.0,0.0,0.0,0.0,0.0,0.0,0.0,0.0,0.0,0.0,0.0,0.0,0.0,0.0,0.0,0.0,0.0,0.0,0.0,0.0,0.0,0.0,0.0,0.0,0.0,0.0,0.0,0.0,0.0,0.0,0,0,2.949152542372877,-4.050847457627123
122,1089,Delbecque Augustin,G,1.0,1.0,0.0,0.0,0.0,0,0,0,0.0,0.0,0.0,0,0,0,0.0,0.0,0.0,0,0,0,0.0,0.0,0.0,0.0,0.0,0.0,1000.0,0.0,0.0,0.0,0.0,0.0,0.0,0.0,0.0,0.0,0.0,0.0,0.0,0.0,0.0,0.0,0.0,0.0,0.0,0.0,0.0,0.0,0.0,0.0,0.0,0.0,0.0,0.0,0.0,0.0,0.0,0.0,0.0,0.0,0.0,0.0,0.0,0.0,0.0,0.0,0.0,0.0,0.0,0.0,0.0,0.0,0.0,0.0,0.0,0.0,0.0,0.0,0.0,0.0,0.0,0.0,0.0,0,0,2.949152542372877,1.949152542372877
123,1094,Didillon Thomas,G,7.0,7.0,0.0,0.0,0.0,0,0,0,0.0,0.0,0.0,0,0,0,0.0,0.0,0.0,0,0,0,0.0,0.0,0.0,0.0,0.0,0.0,1000.0,0.0,0.0,0.0,0.0,0.0,0.0,0.0,0.0,0.0,0.0,0.0,0.0,0.0,0.0,0.0,0.0,0.0,0.0,0.0,0.0,0.0,0.0,0.0,0.0,0.0,0.0,0.0,0.0,0.0,0.0,0.0,0.0,0.0,0.0,0.0,0.0,0.0,0.0,0.0,0.0,0.0,0.0,0.0,0.0,0.0,0.0,0.0,0.0,0.0,0.0,0.0,0.0,0.0,0.0,0.0,0.0,0,0,2.949152542372877,-4.050847457627123
124,1096,Duparchy Florent,G,1.0,1.0,0.0,0.0,0.0,0,0,0,0.0,0.0,0.0,0,0,0,0.0,0.0,0.0,0,0,0,0.0,0.0,0.0,0.0,0.0,0.0,1000.0,0.0,0.0,0.0,0.0,0.0,0.0,0.0,0.0,0.0,0.0,0.0,0.0,0.0,0.0,0.0,0.0,0.0,0.0,0.0,0.0,0.0,0.0,0.0,0.0,0.0,0.0,0.0,0.0,0.0,0.0,0.0,0.0,0.0,0.0,0.0,0.0,0.0,0.0,0.0,0.0,0.0,0.0,0.0,0.0,0.0,0.0,0.0,0.0,0.0,0.0,0.0,0.0,0.0,0.0,0.0,0.0,0,0,2.949152542372877,1.949152542372877
125,1106,Zinga Melvin,G,1.0,1.0,0.0,0.0,0.0,0,0,0,0.0,0.0,0.0,0,0,0,0.0,0.0,0.0,0,0,0,0.0,0.0,0.0,0.0,0.0,0.0,1000.0,0.0,0.0,0.0,0.0,0.0,0.0,0.0,0.0,0.0,0.0,0.0,0.0,0.0,0.0,0.0,0.0,0.0,0.0,0.0,0.0,0.0,0.0,0.0,0.0,0.0,0.0,0.0,0.0,0.0,0.0,0.0,0.0,0.0,0.0,0.0,0.0,0.0,0.0,0.0,0.0,0.0,0.0,0.0,0.0,0.0,0.0,0.0,0.0,0.0,0.0,0.0,0.0,0.0,0.0,0.0,0.0,0,0,2.949152542372877,1.949152542372877
126,1113,Borne Théo,G,3.0,3.0,0.0,0.0,0.0,0,0,0,0.0,0.0,0.0,0,0,0,0.0,0.0,0.0,0,0,0,0.0,0.0,0.0,0.0,0.0,0.0,1000.0,0.0,0.0,0.0,0.0,0.0,0.0,0.0,0.0,0.0,0.0,0.0,0.0,0.0,0.0,0.0,0.0,0.0,0.0,0.0,0.0,0.0,0.0,0.0,0.0,0.0,0.0,0.0,0.0,0.0,0.0,0.0,0.0,0.0,0.0,0.0,0.0,0.0,0.0,0.0,0.0,0.0,0.0,0.0,0.0,0.0,0.0,0.0,0.0,0.0,0.0,0.0,0.0,0.0,0.0,0.0,0.0,0,0,2.949152542372877,-0.05084745762712295
127,1360,Masip Jordi,G,10.0,14.0,6.03,6.5,6.03,20,3,20,0.97,1.32,0.97,0,0,0,1.0,1.0,1.0,1788,270,1788,89.4,90.0,89.4,0.0,0.0,0.0,1000.0,6.0,0.0,0.0,0.0,0.0,0.0,0.0,0.0,0.0,0.0,0.0,0.0,0.0,50.0,28.0,6.0,6.5,6.5,7.5,7.0,5.0,0.0,0.0,0.0,0.0,0.0,6.0,7.0,7.0,6.0,5.0,7.0,5.5,6.0,4.0,5.0,6.5,6.0,7.0,5.0,6.0,7.0,0.0,0.0,0.0,5.0,0.0,0.0,0.0,0.0,0.0,0.0,0.0,0.0,0.0,0.0,3,5,17.88,7.879999999999999
128,1361,Aceves Álvaro,G,7.0,7.0,6.0,0.0,6.0,1,0,1,0.0,0.0,0.0,0,0,0,0.0,0.0,0.0,12,0,12,12.0,0.0,12.0,0.0,0.0,0.0,1000.0,0.0,0.0,0.0,0.0,0.0,0.0,0.0,0.0,0.0,0.0,0.0,0.0,0.0,2.0,1.0,0.0,0.0,6.0,0.0,0.0,0.0,0.0,0.0,0.0,0.0,0.0,6.0,0.0,0.0,0.0,0.0,0.0,0.0,0.0,0.0,0.0,0.0,0.0,0.0,0.0,0.0,0.0,0.0,0.0,0.0,0.0,0.0,0.0,0.0,0.0,0.0,0.0,0.0,0.0,0.0,0.0,0,1,6.9,-0.09999999999999964
129,1364,Dmitrovic Marko,G,13.0,13.0,5.81,5.88,5.83,8,4,9,0.46,0.63,0.43,0,0,0,0.75,1.0,0.78,638,360,728,79.75,90.0,80.89,0.0,0.0,0.0,1000.0,2.0,0.0,0.0,0.0,0.0,0.0,0.0,0.0,0.0,0.0,0.0,0.0,0.0,15.0,11.0,5.75,5.875,5.9,6.0,6.0,5.0,6.5,0.0,6.0,0.0,0.0,0.0,0.0,0.0,0.0,0.0,0.0,0.0,0.0,0.0,0.0,5.5,0.0,0.0,0.0,5.5,0.0,6.0,0.0,0.0,0.0,0.0,0.0,6.0,0.0,0.0,0.0,0.0,0.0,0.0,0.0,4,5,14.44,1.4399999999999995
130,1365,Ledesma Jeremías,G,12.0,24.0,5.81,7.0,5.81,26,1,35,1.41,0.0,1.35,0,0,0,1.0,1.0,1.0,2340,90,3150,90.0,90.0,90.0,0.0,0.0,0.0,1000.0,10.0,0.0,0.0,0.0,0.0,0.0,0.0,0.0,0.0,0.0,0.0,0.0,0.0,71.0,35.0,4.0,7.0,6.25,7.0,0.0,0.0,0.0,0.0,7.5,6.0,6.5,4.5,6.0,4.0,6.0,7.5,6.0,6.5,8.0,5.0,6.0,6.0,4.0,6.5,6.5,5.5,7.0,8.0,3.0,3.5,4.0,4.0,6.5,6.0,6.5,4.0,6.0,6.0,6.0,8.0,4.0,1,6,11.72,-0.27999999999999936
131,1366,Courtois Thibaut,G,22.0,30.0,5.75,6.0,5.74,24,9,31,0.66,0.61,0.67,0,0,0,1.0,1.0,1.0,2160,810,2790,90.0,90.0,90.0,0.0,0.0,0.0,1000.0,9.0,0.0,0.0,0.0,0.0,0.0,0.0,0.0,0.0,0.0,0.0,0.0,0.0,37.0,29.0,5.0,5.875,6.0,6.0,6.0,5.5,6.0,7.0,5.5,6.5,5.0,6.5,0.0,0.0,6.0,6.5,5.5,5.0,6.5,4.5,5.0,5.0,5.5,0.0,0.0,0.0,0.0,6.0,5.0,6.0,6.0,5.0,6.5,6.0,0.0,5.5,0.0,7.0,5.5,4.5,5.5,4,9,17.2,-4.800000000000001
132,1367,Bravo Claudio,G,7.0,10.0,5.75,0.0,5.68,6,0,11,0.88,0.0,0.68,0,0,0,1.0,0.0,1.0,540,0,917,90.0,0.0,83.36,0.0,0.0,0.0,1000.0,2.0,0.0,0.0,0.0,0.0,0.0,0.0,0.0,0.0,0.0,0.0,0.0,0.0,11.0,4.0,6.0,0.0,5.666666666666667,0.0,0.0,0.0,0.0,0.0,0.0,7.0,5.0,5.0,0.0,0.0,0.0,5.0,0.0,0.0,0.0,0.0,6.0,0.0,0.0,6.5,0.0,0.0,0.0,0.0,0.0,0.0,0.0,0.0,0.0,0.0,0.0,0.0,5.0,6.0,0.0,6.0,5.5,0,3,7.36,0.3600000000000003
133,1368,Gil David,G,13.0,13.0,5.75,0.0,5.75,4,0,4,1.26,0.0,1.26,0,0,0,1.0,0.0,1.0,360,0,360,90.0,0.0,90.0,0.0,0.0,0.0,1000.0,1.0,0.0,0.0,0.0,0.0,0.0,0.0,0.0,0.0,0.0,0.0,0.0,0.0,12.0,6.0,0.0,5.666666666666667,5.75,0.0,7.0,6.0,4.0,6.0,0.0,0.0,0.0,0.0,0.0,0.0,0.0,0.0,0.0,0.0,0.0,0.0,0.0,0.0,0.0,0.0,0.0,0.0,0.0,0.0,0.0,0.0,0.0,0.0,0.0,0.0,0.0,0.0,0.0,0.0,0.0,0.0,0.0,3,4,8.0,-5.0
134,1369,ter Stegen Marc-André,G,17.0,26.0,5.73,5.73,5.67,30,30,39,0.75,0.75,0.85,0,0,0,1.0,1.0,1.0,2700,2700,3510,90.0,90.0,90.0,0.0,0.0,0.0,1000.0,23.0,0.0,0.0,0.0,0.0,0.0,0.0,0.0,0.0,0.0,0.0,0.0,0.0,44.0,15.0,5.0,5.875,5.85,7.0,5.5,5.0,6.0,5.5,7.0,5.0,5.0,6.5,6.0,6.0,6.0,6.0,5.0,6.0,4.5,5.5,5.5,6.0,5.0,5.5,3.5,6.0,6.0,5.5,6.0,7.0,6.0,6.5,6.0,4.0,6.0,4.5,0.0,5.0,7.0,5.5,7.0,4,10,17.59,0.5899999999999999
135,1374,Grbic Ivo,G,7.0,7.0,5.63,0.0,5.63,4,0,4,0.48,0.0,0.48,0,0,0,0.5,0.0,0.5,206,0,206,51.5,0.0,51.5,0.0,0.0,0.0,1000.0,0.0,0.0,0.0,0.0,0.0,0.0,0.0,0.0,0.0,0.0,0.0,0.0,0.0,5.0,2.0,0.0,0.0,0.0,0.0,0.0,0.0,0.0,0.0,0.0,0.0,0.0,0.0,0.0,0.0,0.0,0.0,0.0,0.0,0.0,0.0,0.0,0.0,0.0,5.5,6.0,0.0,0.0,0.0,6.0,5.0,0.0,0.0,0.0,0.0,0.0,0.0,0.0,0.0,0.0,0.0,0.0,0,0,2.32,-4.68
136,1376,Soria David,G,18.0,20.0,5.6,5.6,5.59,30,30,39,1.48,1.48,1.36,0,0,0,1.0,1.0,1.0,2700,2700,3510,90.0,90.0,90.0,0.0,0.0,0.0,1000.0,10.0,0.0,0.0,0.0,0.0,0.0,0.0,0.0,0.0,0.0,0.0,0.0,0.0,53.0,43.0,5.0,5.625,5.95,4.0,6.5,6.0,6.0,7.0,5.0,5.5,5.5,7.0,7.0,6.0,5.0,6.0,4.0,5.0,5.5,5.0,6.5,8.5,6.0,4.5,7.5,6.0,4.5,7.0,6.0,1.5,7.5,3.0,3.5,4.0,5.5,4.5,6.0,7.0,6.0,5.0,6.0,4,10,16.87,-1.129999999999999
137,1377,Fernández Aitor,G,15.0,20.0,5.59,0.0,5.59,16,0,16,1.0,0.0,1.0,0,0,0,1.0,0.0,1.0,1440,0,1440,90.0,0.0,90.0,0.0,0.0,0.0,1000.0,6.0,0.0,0.0,0.0,0.0,0.0,0.0,0.0,0.0,0.0,0.0,0.0,0.0,26.0,14.0,0.0,4.5,5.25,0.0,4.5,4.5,0.0,4.0,0.0,5.5,6.5,0.0,6.5,6.0,6.0,5.5,6.0,7.0,4.0,4.5,6.0,6.0,0.0,7.0,0.0,0.0,0.0,0.0,0.0,0.0,0.0,0.0,0.0,0.0,0.0,0.0,0.0,0.0,0.0,0.0,0.0,2,6,11.96,-3.039999999999999
138,1378,Rui Silva,G,15.0,16.0,5.56,5.25,5.64,24,6,29,1.18,1.04,1.17,0,0,0,1.0,1.0,0.97,2160,540,2593,90.0,90.0,89.41,0.0,0.0,0.0,1000.0,8.0,0.0,0.0,0.0,0.0,0.0,0.0,0.0,0.0,0.0,0.0,0.0,0.0,47.0,20.0,8.0,5.0,5.5,4.0,5.5,4.0,6.5,6.0,5.5,0.0,0.0,0.0,7.0,3.5,6.0,0.0,4.0,5.5,6.0,4.5,0.0,8.0,4.0,0.0,6.0,6.5,6.0,5.0,6.0,4.5,6.5,7.5,5.5,7.0,6.5,7.0,5.0,0.0,4.5,0.0,0.0,4,7,15.61,0.6099999999999994
139,1379,Álex Remiro,G,17.0,22.0,5.55,5.55,5.53,30,30,39,0.89,0.89,0.86,0,0,0,1.0,1.0,1.0,2700,2700,3510,90.0,90.0,90.0,0.0,0.0,0.0,1000.0,11.0,0.0,0.0,0.0,0.0,0.0,0.0,0.0,0.0,0.0,0.0,0.0,0.0,52.0,27.0,5.0,5.0,5.4,5.0,4.0,6.5,4.5,6.0,5.0,5.5,6.0,6.0,5.5,5.0,7.0,6.5,5.0,6.0,6.5,5.5,6.0,4.0,5.0,6.0,5.5,6.0,5.0,5.5,6.0,6.0,7.0,3.0,6.0,5.0,6.0,5.5,6.0,6.0,4.0,6.0,4.5,4,10,16.22,-0.7800000000000011
140,1382,Oblak Jan,G,17.0,21.0,5.5,5.53,5.47,28,20,37,0.85,0.88,0.82,0,0,0,1.0,1.0,1.0,2494,1800,3304,89.07,90.0,89.3,0.0,0.0,0.0,1000.0,11.0,0.0,0.0,0.0,0.0,0.0,0.0,0.0,0.0,0.0,0.0,0.0,0.0,29.0,30.0,5.25,5.375,5.8,5.5,4.5,5.5,6.0,5.5,7.0,4.5,6.5,6.5,6.5,4.5,7.0,5.5,5.0,4.5,6.0,5.0,4.5,4.5,6.0,0.0,5.5,5.5,6.5,4.0,0.0,6.0,6.0,4.5,5.5,5.5,5.5,5.5,7.0,4.5,5.5,5.0,5.5,4,10,16.93,-0.07000000000000028
141,1384,Agirrezabala Julen,G,13.0,13.0,5.5,0.0,5.5,6,0,6,0.55,0.0,0.55,0,0,0,0.83,0.0,0.83,495,0,495,82.5,0.0,82.5,0.0,0.0,0.0,1000.0,2.0,0.0,0.0,0.0,0.0,0.0,0.0,0.0,0.0,0.0,0.0,0.0,0.0,8.0,3.0,0.0,5.5,5.5,0.0,0.0,0.0,5.5,5.5,4.5,6.0,5.5,6.0,0.0,0.0,0.0,0.0,0.0,0.0,0.0,0.0,0.0,0.0,0.0,0.0,0.0,0.0,0.0,0.0,0.0,0.0,0.0,0.0,0.0,0.0,0.0,0.0,0.0,0.0,0.0,0.0,0.0,1,6,8.98,-4.02
142,1386,Martínez Fernando,G,15.0,17.0,5.45,5.32,5.45,29,19,29,1.33,1.28,1.33,0,0,0,1.0,1.0,1.0,2565,1665,2565,88.45,87.63,88.45,0.0,0.0,0.0,1000.0,2.0,0.0,0.0,0.0,0.0,0.0,0.0,0.0,0.0,0.0,0.0,0.0,0.0,76.0,30.0,6.0,5.0,4.8,3.5,6.0,6.0,4.5,5.5,4.5,5.5,6.0,2.0,4.5,6.0,5.5,5.5,6.5,4.0,6.0,6.0,8.0,5.5,0.0,7.0,4.0,6.0,3.0,5.0,5.5,6.0,6.5,6.0,8.0,0.0,0.0,0.0,0.0,0.0,0.0,0.0,0.0,4,10,14.82,-0.17999999999999972
143,1387,Gazzaniga Paulo,G,13.0,14.0,5.43,5.43,5.43,20,20,20,1.23,1.23,1.23,0,0,0,1.0,1.0,1.0,1800,1800,1800,90.0,90.0,90.0,0.0,0.0,0.0,1000.0,3.0,0.0,0.0,0.0,0.0,0.0,0.0,0.0,0.0,0.0,0.0,0.0,0.0,31.0,27.0,6.5,6.25,5.15,6.0,7.0,7.0,5.0,4.0,5.5,4.5,3.5,5.0,4.0,7.0,4.5,8.0,5.0,4.5,4.5,5.5,6.5,6.5,5.0,0.0,0.0,0.0,0.0,0.0,0.0,0.0,0.0,0.0,0.0,0.0,0.0,0.0,0.0,0.0,0.0,0.0,0.0,4,10,16.45,3.4499999999999993
144,1388,Lunin Andrii,G,7.0,7.0,5.42,0.0,5.63,6,0,8,0.86,0.0,1.06,0,0,0,1.0,0.0,1.0,540,0,720,90.0,0.0,90.0,0.0,0.0,0.0,1000.0,3.0,0.0,0.0,0.0,0.0,0.0,0.0,0.0,0.0,0.0,0.0,0.0,0.0,6.0,5.0,0.0,0.0,5.0,0.0,0.0,0.0,0.0,0.0,0.0,0.0,0.0,0.0,5.0,4.5,0.0,0.0,0.0,0.0,0.0,0.0,0.0,0.0,0.0,6.5,6.0,6.0,4.5,0.0,0.0,0.0,0.0,0.0,0.0,0.0,7.5,0.0,5.0,0.0,0.0,0.0,0.0,0,1,7.06,0.05999999999999961
145,1389,Rajkovic Predrag,G,15.0,17.0,5.42,5.42,5.51,30,30,39,1.15,1.15,1.12,0,0,0,1.0,1.0,1.0,2700,2700,3510,90.0,90.0,90.0,0.0,0.0,0.0,1000.0,10.0,0.0,0.0,0.0,0.0,0.0,0.0,0.0,0.0,0.0,0.0,0.0,0.0,41.0,29.0,7.0,5.5,5.1,5.0,7.0,4.0,6.0,5.0,5.0,6.5,3.0,5.0,4.5,7.0,4.5,6.5,5.5,6.0,4.5,7.0,6.0,5.0,6.0,6.5,4.0,4.5,5.0,6.0,3.5,5.5,6.0,4.5,8.0,5.0,7.0,4.5,7.0,5.0,6.5,6.5,5.0,4,10,15.6,0.5999999999999996
146,1391,Herrera Sergio,G,10.0,10.0,5.39,5.5,5.43,14,1,22,0.81,0.0,1.0,0,0,0,1.0,1.0,1.0,1191,90,1911,85.07,90.0,86.86,0.0,0.0,0.0,1000.0,3.0,0.0,0.0,0.0,0.0,0.0,0.0,0.0,0.0,0.0,0.0,0.0,0.0,25.0,12.0,6.0,5.75,5.75,5.5,0.0,0.0,6.0,0.0,7.0,0.0,0.0,4.5,0.0,0.0,0.0,0.0,0.0,0.0,0.0,0.0,0.0,0.0,5.0,0.0,4.5,5.5,5.5,4.0,6.0,5.5,4.5,6.0,6.0,5.0,5.0,0.0,5.0,5.0,8.0,6.0,6.5,2,4,10.18,0.17999999999999972
147,1392,Pepe Reina,G,16.0,16.0,5.37,5.18,5.37,15,11,15,1.06,1.19,1.06,0,0,0,1.0,1.0,1.0,1350,990,1350,90.0,90.0,90.0,0.0,0.0,0.0,1000.0,4.0,0.0,0.0,0.0,0.0,0.0,0.0,0.0,0.0,0.0,0.0,0.0,0.0,28.0,12.0,0.0,5.625,5.25,4.5,6.0,5.5,6.5,6.0,4.0,6.0,5.5,2.5,6.0,4.5,0.0,6.0,6.0,5.5,6.0,0.0,0.0,0.0,0.0,0.0,0.0,0.0,0.0,0.0,0.0,0.0,0.0,0.0,0.0,0.0,0.0,0.0,0.0,0.0,0.0,0.0,0.0,4,10,15.7,-0.3000000000000007
148,1393,Villar Iván,G,15.0,18.0,5.36,5.36,5.36,11,11,11,0.95,0.95,0.95,0,0,0,1.0,1.0,1.0,990,990,990,90.0,90.0,90.0,0.0,0.0,0.0,1000.0,3.0,0.0,0.0,0.0,0.0,0.0,0.0,0.0,0.0,0.0,0.0,0.0,0.0,19.0,6.0,0.0,4.375,5.3,5.0,4.5,4.0,4.0,5.5,6.0,7.0,6.0,6.0,5.0,6.0,0.0,0.0,0.0,0.0,0.0,0.0,0.0,0.0,0.0,0.0,0.0,0.0,0.0,0.0,0.0,0.0,0.0,0.0,0.0,0.0,0.0,0.0,0.0,0.0,0.0,0.0,0.0,4,10,14.62,-0.3800000000000008
149,1396,Mamardashvili Giorgi,G,15.0,19.0,5.32,5.32,5.36,30,30,36,1.04,1.04,1.13,0,0,0,1.0,1.0,1.0,2700,2700,3240,90.0,90.0,90.0,0.0,0.0,0.0,1000.0,6.0,0.0,0.0,0.0,0.0,0.0,0.0,0.0,0.0,0.0,0.0,0.0,0.0,53.0,30.0,6.0,4.5,4.9,6.0,4.0,3.0,5.0,4.0,6.0,4.0,7.0,6.0,4.0,7.0,6.0,4.0,6.0,5.0,6.5,6.0,5.5,4.5,4.0,6.0,4.5,5.0,5.0,6.5,6.0,6.0,6.0,5.0,6.0,0.0,0.0,3.0,7.5,6.5,0.0,4.5,6.0,4,10,14.94,-0.0600000000000005
150,1399,Pacheco Fernando,G,13.0,14.0,5.3,5.22,5.22,10,9,18,1.09,1.12,1.24,0,0,0,1.0,1.0,1.0,900,810,1620,90.0,90.0,90.0,0.0,0.0,0.0,1000.0,2.0,0.0,0.0,0.0,0.0,0.0,0.0,0.0,0.0,0.0,0.0,0.0,0.0,23.0,10.0,0.0,5.25,5.222222222222222,6.0,4.0,6.0,5.0,3.5,4.5,5.0,6.0,7.0,0.0,0.0,0.0,0.0,0.0,0.0,0.0,0.0,0.0,0.0,6.0,0.0,0.0,0.0,0.0,0.0,0.0,0.0,0.0,0.0,0.0,0.0,4.0,5.5,3.0,6.0,4.0,7.0,7.0,4,9,14.48,1.4800000000000004
151,1403,Simón Unai,G,7.0,17.0,5.26,5.5,5.31,25,3,34,1.06,1.32,1.02,0,0,0,1.0,1.0,1.0,2205,270,3015,88.2,90.0,88.68,0.0,0.0,0.0,1000.0,9.0,0.0,0.0,0.0,0.0,0.0,0.0,0.0,0.0,0.0,0.0,0.0,0.0,38.0,20.0,5.25,5.5,5.5,6.0,6.5,4.0,0.0,0.0,0.0,0.0,4.0,0.0,7.0,5.5,5.5,4.0,4.0,5.5,7.0,5.5,6.0,6.5,3.0,4.0,4.0,5.0,6.0,5.0,5.0,5.0,6.0,5.5,6.0,5.5,6.0,4.5,5.0,7.0,6.0,4.0,6.0,3,5,14.6,7.6
152,1408,Dimitrievski Stole,G,14.0,15.0,5.24,5.36,5.29,29,22,38,1.09,1.06,1.18,0,0,0,1.0,1.0,1.0,2610,1980,3420,90.0,90.0,90.0,0.0,0.0,0.0,1000.0,9.0,0.0,0.0,0.0,0.0,0.0,0.0,0.0,0.0,0.0,0.0,0.0,0.0,48.0,27.0,7.0,4.875,4.9,4.0,6.0,4.0,5.5,5.0,4.0,6.5,5.5,4.5,4.0,7.0,6.5,5.0,6.5,4.0,6.0,6.5,4.5,7.0,4.5,5.5,6.0,0.0,4.0,4.5,4.0,4.5,4.0,6.0,7.0,0.0,5.0,2.5,7.0,5.5,6.5,4.5,4.5,4,10,15.0,1.0
153,1416,Badia Edgar,G,15.0,18.0,5.21,4.0,5.21,29,1,36,1.18,0.0,1.19,0,0,0,1.0,1.0,1.0,2610,90,3240,90.0,90.0,90.0,0.0,0.0,0.0,1000.0,1.0,0.0,0.0,0.0,0.0,0.0,0.0,0.0,0.0,0.0,0.0,0.0,0.0,74.0,36.0,6.0,4.166666666666667,5.166666666666667,4.0,0.0,5.5,3.0,5.0,4.0,6.5,7.5,5.0,6.0,5.5,4.0,5.5,5.0,6.0,5.0,4.0,8.0,5.0,4.5,4.0,4.0,6.5,5.0,6.0,4.0,5.0,7.0,6.0,4.5,0.0,0.0,4.0,3.0,5.0,6.5,6.5,5.5,3,9,14.71,-0.28999999999999915
154,1426,Bounou Yassine,G,10.0,20.0,5.17,0.0,5.27,24,0,32,1.19,0.0,1.12,0,0,0,1.0,0.0,1.0,2062,0,2782,85.92,0.0,86.94,0.0,0.0,0.0,1000.0,4.0,0.0,0.0,0.0,0.0,0.0,0.0,0.0,0.0,0.0,0.0,0.0,0.0,44.0,22.0,0.0,0.0,4.416666666666667,0.0,0.0,0.0,0.0,4.0,4.5,2.0,4.0,6.0,6.0,4.5,6.0,5.5,6.0,5.0,6.0,7.0,6.0,0.0,4.0,7.0,7.0,0.0,5.0,5.0,5.5,3.5,4.5,5.0,5.0,0.0,5.0,6.0,6.5,5.0,6.0,4.0,5.5,0,6,8.68,-1.3200000000000003
155,1434,Álvaro Fernández Álvaro,G,7.0,7.0,5.14,0.0,5.14,11,0,11,1.03,0.0,1.03,0,0,0,1.0,0.0,1.0,990,0,990,90.0,0.0,90.0,0.0,0.0,0.0,1000.0,2.0,0.0,0.0,0.0,0.0,0.0,0.0,0.0,0.0,0.0,0.0,0.0,0.0,19.0,14.0,0.0,0.0,4.0,0.0,0.0,0.0,0.0,0.0,0.0,0.0,0.0,0.0,4.0,5.5,4.5,6.5,5.0,5.0,7.0,0.0,0.0,0.0,0.0,0.0,0.0,0.0,4.0,4.0,5.0,6.0,0.0,0.0,0.0,0.0,0.0,0.0,0.0,0.0,0.0,0.0,0.0,0,1,7.06,0.05999999999999961
156,1439,Marchesín Agustín,G,3.0,3.0,5.13,0.0,5.13,19,0,19,1.16,0.0,1.16,0,0,0,1.0,0.0,1.0,1710,0,1710,90.0,0.0,90.0,0.0,0.0,0.0,1000.0,6.0,0.0,0.0,0.0,0.0,0.0,0.0,0.0,0.0,0.0,0.0,0.0,0.0,31.0,13.0,7.0,0.0,0.0,0.0,0.0,0.0,0.0,0.0,0.0,0.0,0.0,0.0,0.0,0.0,6.0,5.0,4.5,7.0,6.0,6.5,4.5,4.0,4.0,4.5,5.5,6.0,7.0,4.0,3.0,5.0,6.5,4.5,4.0,0.0,0.0,0.0,0.0,0.0,0.0,0.0,0.0,0,0,7.06,4.06
157,1489,Jörgensen Filip,G,7.0,0.0,5.0,0.0,5.0,1,0,1,0.0,0.0,0.0,0,0,0,1.0,0.0,1.0,90,0,90,90.0,0.0,90.0,0.0,0.0,0.0,1000.0,0.0,0.0,0.0,0.0,0.0,0.0,0.0,0.0,0.0,0.0,0.0,0.0,0.0,1.0,1.0,0.0,0.0,0.0,0.0,0.0,0.0,0.0,0.0,0.0,0.0,0.0,0.0,0.0,0.0,5.0,0.0,0.0,0.0,0.0,0.0,0.0,0.0,0.0,0.0,0.0,0.0,0.0,0.0,0.0,0.0,0.0,0.0,0.0,0.0,0.0,0.0,0.0,0.0,0.0,0.0,0.0,0,0,6.92,-0.08000000000000007
158,1498,Mariño Diego,G,7.0,7.0,5.0,0.0,5.0,1,0,1,0.0,0.0,0.0,0,0,0,0.0,0.0,0.0,45,0,45,45.0,0.0,45.0,0.0,0.0,0.0,1000.0,0.0,0.0,0.0,0.0,0.0,0.0,0.0,0.0,0.0,0.0,0.0,0.0,0.0,3.0,0.0,0.0,0.0,5.0,0.0,0.0,0.0,0.0,0.0,0.0,5.0,0.0,0.0,0.0,0.0,0.0,0.0,0.0,0.0,0.0,0.0,0.0,0.0,0.0,0.0,0.0,0.0,0.0,0.0,0.0,0.0,0.0,0.0,0.0,0.0,0.0,0.0,0.0,0.0,0.0,0.0,0.0,0,1,6.72,-0.28000000000000025
159,1519,Martín Juan Carlos,G,7.0,0.0,4.9,0.0,4.9,10,0,10,1.05,0.0,1.05,0,0,0,1.0,0.0,1.0,900,0,900,90.0,0.0,90.0,0.0,0.0,0.0,1000.0,0.0,0.0,0.0,0.0,0.0,0.0,0.0,0.0,0.0,0.0,0.0,0.0,0.0,17.0,8.0,0.0,0.0,0.0,0.0,0.0,0.0,0.0,0.0,0.0,0.0,0.0,0.0,0.0,0.0,0.0,0.0,0.0,0.0,0.0,0.0,0.0,0.0,0.0,4.5,5.0,4.0,2.5,5.0,6.0,5.5,6.0,5.5,5.0,0.0,0.0,0.0,0.0,0.0,0.0,0.0,0.0,0,0,7.0,0.0
160,1586,Asenjo Sergio,G,13.0,13.0,4.6,0.0,4.71,10,0,12,1.41,0.0,1.41,0,0,0,1.0,0.0,1.0,900,0,1080,90.0,0.0,90.0,0.0,0.0,0.0,1000.0,1.0,0.0,0.0,0.0,0.0,0.0,0.0,0.0,0.0,0.0,0.0,0.0,0.0,26.0,4.0,0.0,5.0,4.9,0.0,0.0,0.0,5.0,4.0,7.5,5.0,3.0,0.0,0.0,0.0,0.0,0.0,0.0,0.0,0.0,0.0,0.0,0.0,0.0,0.0,0.0,0.0,0.0,3.5,5.0,6.0,0.0,4.0,3.0,0.0,0.0,0.0,0.0,4.0,0.0,0.0,6.5,1,5,7.79,-5.21
161,1596,Werner Axel,G,3.0,0.0,4.5,0.0,4.5,1,0,1,0.0,0.0,0.0,0,0,0,1.0,0.0,1.0,90,0,90,90.0,0.0,90.0,0.0,0.0,0.0,1000.0,0.0,0.0,0.0,0.0,0.0,0.0,0.0,0.0,0.0,0.0,0.0,0.0,0.0,0.0,2.0,0.0,4.5,4.5,0.0,4.5,0.0,0.0,0.0,0.0,0.0,0.0,0.0,0.0,0.0,0.0,0.0,0.0,0.0,0.0,0.0,0.0,0.0,0.0,0.0,0.0,0.0,0.0,0.0,0.0,0.0,0.0,0.0,0.0,0.0,0.0,0.0,0.0,0.0,0.0,0.0,0.0,1,1,6.96,3.96
162,1620,Diego López Diego,G,7.0,0.0,2.5,0.0,5.17,1,0,9,0.0,0.0,1.87,0,0,0,1.0,0.0,1.0,90,0,810,90.0,0.0,90.0,0.0,0.0,0.0,1000.0,0.0,0.0,0.0,0.0,0.0,0.0,0.0,0.0,0.0,0.0,0.0,0.0,0.0,0.0,1.0,0.0,0.0,0.0,0.0,0.0,0.0,0.0,0.0,0.0,0.0,0.0,0.0,0.0,0.0,0.0,0.0,0.0,0.0,0.0,0.0,0.0,0.0,0.0,0.0,0.0,2.5,0.0,0.0,0.0,0.0,0.0,0.0,0.0,7.0,6.0,7.0,5.5,3.0,3.5,4.5,7.5,0,0,6.96,-0.040000000000000036
163,1623,Doménech Jaume,G,3.0,5.0,0.0,0.0,6.5,0,0,1,0.0,0.0,0.0,0,0,0,0.0,0.0,1.0,0,0,90,0.0,0.0,90.0,0.0,0.0,0.0,1000.0,0.0,0.0,0.0,0.0,0.0,0.0,0.0,0.0,0.0,0.0,0.0,0.0,0.0,0.0,0.0,0.0,0.0,0.0,0.0,0.0,0.0,0.0,0.0,0.0,0.0,0.0,0.0,0.0,0.0,0.0,0.0,0.0,0.0,0.0,0.0,0.0,0.0,0.0,0.0,0.0,0.0,0.0,0.0,0.0,0.0,0.0,0.0,0.0,6.5,0.0,0.0,0.0,0.0,0.0,0.0,0.0,0,0,6.4,3.4000000000000004
164,1624,Herrerín Iago,G,7.0,8.0,0.0,0.0,0.0,0,0,0,0.0,0.0,0.0,0,0,0,0.0,0.0,0.0,0,0,0,0.0,0.0,0.0,0.0,0.0,0.0,1000.0,0.0,0.0,0.0,0.0,0.0,0.0,0.0,0.0,0.0,0.0,0.0,0.0,0.0,0.0,0.0,0.0,0.0,0.0,0.0,0.0,0.0,0.0,0.0,0.0,0.0,0.0,0.0,0.0,0.0,0.0,0.0,0.0,0.0,0.0,0.0,0.0,0.0,0.0,0.0,0.0,0.0,0.0,0.0,0.0,0.0,0.0,0.0,0.0,0.0,0.0,0.0,0.0,0.0,0.0,0.0,0.0,0,0,2.949152542372877,-4.050847457627123
165,1625,Kiko Casilla,G,7.0,7.0,0.0,0.0,5.25,0,0,2,0.0,0.0,0.35,0,0,0,0.0,0.0,1.0,0,0,180,0.0,0.0,90.0,0.0,0.0,0.0,1000.0,0.0,0.0,0.0,0.0,0.0,0.0,0.0,0.0,0.0,0.0,0.0,0.0,0.0,0.0,0.0,0.0,0.0,0.0,0.0,0.0,0.0,0.0,0.0,0.0,0.0,0.0,0.0,0.0,0.0,0.0,0.0,0.0,0.0,0.0,0.0,0.0,0.0,0.0,0.0,0.0,0.0,0.0,0.0,0.0,0.0,0.0,0.0,0.0,5.0,5.5,0.0,0.0,0.0,0.0,0.0,0.0,0,0,5.96,-1.04
166,1626,Rivero Cristian,G,1.0,2.0,0.0,0.0,0.0,0,0,0,0.0,0.0,0.0,0,0,0,0.0,0.0,0.0,0,0,0,0.0,0.0,0.0,0.0,0.0,0.0,1000.0,0.0,0.0,0.0,0.0,0.0,0.0,0.0,0.0,0.0,0.0,0.0,0.0,0.0,0.0,0.0,0.0,0.0,0.0,0.0,0.0,0.0,0.0,0.0,0.0,0.0,0.0,0.0,0.0,0.0,0.0,0.0,0.0,0.0,0.0,0.0,0.0,0.0,0.0,0.0,0.0,0.0,0.0,0.0,0.0,0.0,0.0,0.0,0.0,0.0,0.0,0.0,0.0,0.0,0.0,0.0,0.0,0,0,2.949152542372877,1.949152542372877
167,1627,Zubiaurre Andoni,G,7.0,7.0,0.0,0.0,0.0,0,0,0,0.0,0.0,0.0,0,0,0,0.0,0.0,0.0,0,0,0,0.0,0.0,0.0,0.0,0.0,0.0,1000.0,0.0,0.0,0.0,0.0,0.0,0.0,0.0,0.0,0.0,0.0,0.0,0.0,0.0,0.0,0.0,0.0,0.0,0.0,0.0,0.0,0.0,0.0,0.0,0.0,0.0,0.0,0.0,0.0,0.0,0.0,0.0,0.0,0.0,0.0,0.0,0.0,0.0,0.0,0.0,0.0,0.0,0.0,0.0,0.0,0.0,0.0,0.0,0.0,0.0,0.0,0.0,0.0,0.0,0.0,0.0,0.0,0,0,2.949152542372877,-4.050847457627123
168,1628,Morro Miguel,G,1.0,0.0,0.0,0.0,0.0,0,0,0,0.0,0.0,0.0,0,0,0,0.0,0.0,0.0,0,0,0,0.0,0.0,0.0,0.0,0.0,0.0,1000.0,0.0,0.0,0.0,0.0,0.0,0.0,0.0,0.0,0.0,0.0,0.0,0.0,0.0,0.0,0.0,0.0,0.0,0.0,0.0,0.0,0.0,0.0,0.0,0.0,0.0,0.0,0.0,0.0,0.0,0.0,0.0,0.0,0.0,0.0,0.0,0.0,0.0,0.0,0.0,0.0,0.0,0.0,0.0,0.0,0.0,0.0,0.0,0.0,0.0,0.0,0.0,0.0,0.0,0.0,0.0,0.0,0,0,2.949152542372877,1.949152542372877
169,1630,Iñaki Peña,G,3.0,3.0,0.0,0.0,0.0,0,0,0,0.0,0.0,0.0,0,0,0,0.0,0.0,0.0,0,0,0,0.0,0.0,0.0,0.0,0.0,0.0,1000.0,0.0,0.0,0.0,0.0,0.0,0.0,0.0,0.0,0.0,0.0,0.0,0.0,0.0,0.0,0.0,0.0,0.0,0.0,0.0,0.0,0.0,0.0,0.0,0.0,0.0,0.0,0.0,0.0,0.0,0.0,0.0,0.0,0.0,0.0,0.0,0.0,0.0,0.0,0.0,0.0,0.0,0.0,0.0,0.0,0.0,0.0,0.0,0.0,0.0,0.0,0.0,0.0,0.0,0.0,0.0,0.0,0,0,2.949152542372877,-0.05084745762712295
170,1631,Dani Martín,G,1.0,1.0,0.0,0.0,0.0,0,0,0,0.0,0.0,0.0,0,0,0,0.0,0.0,0.0,0,0,0,0.0,0.0,0.0,0.0,0.0,0.0,1000.0,0.0,0.0,0.0,0.0,0.0,0.0,0.0,0.0,0.0,0.0,0.0,0.0,0.0,0.0,0.0,0.0,0.0,0.0,0.0,0.0,0.0,0.0,0.0,0.0,0.0,0.0,0.0,0.0,0.0,0.0,0.0,0.0,0.0,0.0,0.0,0.0,0.0,0.0,0.0,0.0,0.0,0.0,0.0,0.0,0.0,0.0,0.0,0.0,0.0,0.0,0.0,0.0,0.0,0.0,0.0,0.0,0,0,2.949152542372877,1.949152542372877
171,1634,Iruarrizaga Ander,G,3.0,0.0,0.0,0.0,0.0,0,0,0,0.0,0.0,0.0,0,0,0,0.0,0.0,0.0,0,0,0,0.0,0.0,0.0,0.0,0.0,0.0,1000.0,0.0,0.0,0.0,0.0,0.0,0.0,0.0,0.0,0.0,0.0,0.0,0.0,0.0,0.0,0.0,0.0,0.0,0.0,0.0,0.0,0.0,0.0,0.0,0.0,0.0,0.0,0.0,0.0,0.0,0.0,0.0,0.0,0.0,0.0,0.0,0.0,0.0,0.0,0.0,0.0,0.0,0.0,0.0,0.0,0.0,0.0,0.0,0.0,0.0,0.0,0.0,0.0,0.0,0.0,0.0,0.0,0,0,2.949152542372877,-0.05084745762712295
172,1638,Tenas Arnau,G,1.0,1.0,0.0,0.0,0.0,0,0,0,0.0,0.0,0.0,0,0,0,0.0,0.0,0.0,0,0,0,0.0,0.0,0.0,0.0,0.0,0.0,1000.0,0.0,0.0,0.0,0.0,0.0,0.0,0.0,0.0,0.0,0.0,0.0,0.0,0.0,0.0,0.0,0.0,0.0,0.0,0.0,0.0,0.0,0.0,0.0,0.0,0.0,0.0,0.0,0.0,0.0,0.0,0.0,0.0,0.0,0.0,0.0,0.0,0.0,0.0,0.0,0.0,0.0,0.0,0.0,0.0,0.0,0.0,0.0,0.0,0.0,0.0,0.0,0.0,0.0,0.0,0.0,0.0,0,0,2.949152542372877,1.949152542372877
173,1642,Luis López,G,1.0,1.0,0.0,0.0,0.0,0,0,0,0.0,0.0,0.0,0,0,0,0.0,0.0,0.0,0,0,0,0.0,0.0,0.0,0.0,0.0,0.0,1000.0,0.0,0.0,0.0,0.0,0.0,0.0,0.0,0.0,0.0,0.0,0.0,0.0,0.0,0.0,0.0,0.0,0.0,0.0,0.0,0.0,0.0,0.0,0.0,0.0,0.0,0.0,0.0,0.0,0.0,0.0,0.0,0.0,0.0,0.0,0.0,0.0,0.0,0.0,0.0,0.0,0.0,0.0,0.0,0.0,0.0,0.0,0.0,0.0,0.0,0.0,0.0,0.0,0.0,0.0,0.0,0.0,0,0,2.949152542372877,1.949152542372877
174,1644,Marrero Unai,G,1.0,1.0,0.0,0.0,0.0,0,0,0,0.0,0.0,0.0,0,0,0,0.0,0.0,0.0,0,0,0,0.0,0.0,0.0,0.0,0.0,0.0,1000.0,0.0,0.0,0.0,0.0,0.0,0.0,0.0,0.0,0.0,0.0,0.0,0.0,0.0,0.0,0.0,0.0,0.0,0.0,0.0,0.0,0.0,0.0,0.0,0.0,0.0,0.0,0.0,0.0,0.0,0.0,0.0,0.0,0.0,0.0,0.0,0.0,0.0,0.0,0.0,0.0,0.0,0.0,0.0,0.0,0.0,0.0,0.0,0.0,0.0,0.0,0.0,0.0,0.0,0.0,0.0,0.0,0,0,2.949152542372877,1.949152542372877
175,1646,Álvarez Iker,G,3.0,0.0,0.0,0.0,0.0,0,0,0,0.0,0.0,0.0,0,0,0,0.0,0.0,0.0,0,0,0,0.0,0.0,0.0,0.0,0.0,0.0,1000.0,0.0,0.0,0.0,0.0,0.0,0.0,0.0,0.0,0.0,0.0,0.0,0.0,0.0,0.0,0.0,0.0,0.0,0.0,0.0,0.0,0.0,0.0,0.0,0.0,0.0,0.0,0.0,0.0,0.0,0.0,0.0,0.0,0.0,0.0,0.0,0.0,0.0,0.0,0.0,0.0,0.0,0.0,0.0,0.0,0.0,0.0,0.0,0.0,0.0,0.0,0.0,0.0,0.0,0.0,0.0,0.0,0,0,2.949152542372877,-0.05084745762712295
176,1647,Greif Dominik,G,7.0,7.0,0.0,0.0,0.0,0,0,0,0.0,0.0,0.0,0,0,0,0.0,0.0,0.0,0,0,0,0.0,0.0,0.0,0.0,0.0,0.0,1000.0,0.0,0.0,0.0,0.0,0.0,0.0,0.0,0.0,0.0,0.0,0.0,0.0,0.0,0.0,0.0,0.0,0.0,0.0,0.0,0.0,0.0,0.0,0.0,0.0,0.0,0.0,0.0,0.0,0.0,0.0,0.0,0.0,0.0,0.0,0.0,0.0,0.0,0.0,0.0,0.0,0.0,0.0,0.0,0.0,0.0,0.0,0.0,0.0,0.0,0.0,0.0,0.0,0.0,0.0,0.0,0.0,0,0,2.949152542372877,-4.050847457627123
177,1648,Conde Diego,G,3.0,0.0,0.0,0.0,0.0,0,0,0,0.0,0.0,0.0,0,0,0,0.0,0.0,0.0,0,0,0,0.0,0.0,0.0,0.0,0.0,0.0,1000.0,0.0,0.0,0.0,0.0,0.0,0.0,0.0,0.0,0.0,0.0,0.0,0.0,0.0,0.0,0.0,0.0,0.0,0.0,0.0,0.0,0.0,0.0,0.0,0.0,0.0,0.0,0.0,0.0,0.0,0.0,0.0,0.0,0.0,0.0,0.0,0.0,0.0,0.0,0.0,0.0,0.0,0.0,0.0,0.0,0.0,0.0,0.0,0.0,0.0,0.0,0.0,0.0,0.0,0.0,0.0,0.0,0,0,2.949152542372877,-0.05084745762712295
178,1650,Leo Román,G,3.0,0.0,0.0,0.0,0.0,0,0,0,0.0,0.0,0.0,0,0,0,0.0,0.0,0.0,0,0,0,0.0,0.0,0.0,0.0,0.0,0.0,1000.0,0.0,0.0,0.0,0.0,0.0,0.0,0.0,0.0,0.0,0.0,0.0,0.0,0.0,0.0,0.0,0.0,0.0,0.0,0.0,0.0,0.0,0.0,0.0,0.0,0.0,0.0,0.0,0.0,0.0,0.0,0.0,0.0,0.0,0.0,0.0,0.0,0.0,0.0,0.0,0.0,0.0,0.0,0.0,0.0,0.0,0.0,0.0,0.0,0.0,0.0,0.0,0.0,0.0,0.0,0.0,0.0,0,0,2.949152542372877,-0.05084745762712295
179,1651,García Joan,G,3.0,0.0,0.0,0.0,0.0,0,0,0,0.0,0.0,0.0,0,0,0,0.0,0.0,0.0,0,0,0,0.0,0.0,0.0,0.0,0.0,0.0,1000.0,0.0,0.0,0.0,0.0,0.0,0.0,0.0,0.0,0.0,0.0,0.0,0.0,0.0,0.0,0.0,0.0,0.0,0.0,0.0,0.0,0.0,0.0,0.0,0.0,0.0,0.0,0.0,0.0,0.0,0.0,0.0,0.0,0.0,0.0,0.0,0.0,0.0,0.0,0.0,0.0,0.0,0.0,0.0,0.0,0.0,0.0,0.0,0.0,0.0,0.0,0.0,0.0,0.0,0.0,0.0,0.0,0,0,2.949152542372877,-0.05084745762712295
180,1652,Fuidias Toni,G,3.0,0.0,0.0,0.0,0.0,0,0,0,0.0,0.0,0.0,0,0,0,0.0,0.0,0.0,0,0,0,0.0,0.0,0.0,0.0,0.0,0.0,1000.0,0.0,0.0,0.0,0.0,0.0,0.0,0.0,0.0,0.0,0.0,0.0,0.0,0.0,0.0,0.0,0.0,0.0,0.0,0.0,0.0,0.0,0.0,0.0,0.0,0.0,0.0,0.0,0.0,0.0,0.0,0.0,0.0,0.0,0.0,0.0,0.0,0.0,0.0,0.0,0.0,0.0,0.0,0.0,0.0,0.0,0.0,0.0,0.0,0.0,0.0,0.0,0.0,0.0,0.0,0.0,0.0,0,0,2.949152542372877,-0.05084745762712295
181,1654,Ramos Darío,G,1.0,1.0,0.0,0.0,0.0,0,0,0,0.0,0.0,0.0,0,0,0,0.0,0.0,0.0,0,0,0,0.0,0.0,0.0,0.0,0.0,0.0,1000.0,0.0,0.0,0.0,0.0,0.0,0.0,0.0,0.0,0.0,0.0,0.0,0.0,0.0,0.0,0.0,0.0,0.0,0.0,0.0,0.0,0.0,0.0,0.0,0.0,0.0,0.0,0.0,0.0,0.0,0.0,0.0,0.0,0.0,0.0,0.0,0.0,0.0,0.0,0.0,0.0,0.0,0.0,0.0,0.0,0.0,0.0,0.0,0.0,0.0,0.0,0.0,0.0,0.0,0.0,0.0,0.0,0,0,2.949152542372877,1.949152542372877
182,1655,García Pere Joan,G,1.0,0.0,0.0,0.0,0.0,0,0,0,0.0,0.0,0.0,0,0,0,0.0,0.0,0.0,0,0,0,0.0,0.0,0.0,0.0,0.0,0.0,1000.0,0.0,0.0,0.0,0.0,0.0,0.0,0.0,0.0,0.0,0.0,0.0,0.0,0.0,0.0,0.0,0.0,0.0,0.0,0.0,0.0,0.0,0.0,0.0,0.0,0.0,0.0,0.0,0.0,0.0,0.0,0.0,0.0,0.0,0.0,0.0,0.0,0.0,0.0,0.0,0.0,0.0,0.0,0.0,0.0,0.0,0.0,0.0,0.0,0.0,0.0,0.0,0.0,0.0,0.0,0.0,0.0,0,0,2.949152542372877,1.949152542372877
183,1662,Quetglás Ferrán,G,1.0,0.0,0.0,0.0,0.0,0,0,0,0.0,0.0,0.0,0,0,0,0.0,0.0,0.0,0,0,0,0.0,0.0,0.0,0.0,0.0,0.0,1000.0,0.0,0.0,0.0,0.0,0.0,0.0,0.0,0.0,0.0,0.0,0.0,0.0,0.0,0.0,0.0,0.0,0.0,0.0,0.0,0.0,0.0,0.0,0.0,0.0,0.0,0.0,0.0,0.0,0.0,0.0,0.0,0.0,0.0,0.0,0.0,0.0,0.0,0.0,0.0,0.0,0.0,0.0,0.0,0.0,0.0,0.0,0.0,0.0,0.0,0.0,0.0,0.0,0.0,0.0,0.0,0.0,0,0,2.949152542372877,1.949152542372877
184,1666,Morilla Jonathan,G,1.0,0.0,0.0,0.0,0.0,0,0,0,0.0,0.0,0.0,0,0,0,0.0,0.0,0.0,0,0,0,0.0,0.0,0.0,0.0,0.0,0.0,1000.0,0.0,0.0,0.0,0.0,0.0,0.0,0.0,0.0,0.0,0.0,0.0,0.0,0.0,0.0,0.0,0.0,0.0,0.0,0.0,0.0,0.0,0.0,0.0,0.0,0.0,0.0,0.0,0.0,0.0,0.0,0.0,0.0,0.0,0.0,0.0,0.0,0.0,0.0,0.0,0.0,0.0,0.0,0.0,0.0,0.0,0.0,0.0,0.0,0.0,0.0,0.0,0.0,0.0,0.0,0.0,0.0,0,0,2.949152542372877,1.949152542372877
185,1673,Piñeiro Diego,G,1.0,1.0,0.0,0.0,0.0,0,0,0,0.0,0.0,0.0,0,0,0,0.0,0.0,0.0,0,0,0,0.0,0.0,0.0,0.0,0.0,0.0,1000.0,0.0,0.0,0.0,0.0,0.0,0.0,0.0,0.0,0.0,0.0,0.0,0.0,0.0,0.0,0.0,0.0,0.0,0.0,0.0,0.0,0.0,0.0,0.0,0.0,0.0,0.0,0.0,0.0,0.0,0.0,0.0,0.0,0.0,0.0,0.0,0.0,0.0,0.0,0.0,0.0,0.0,0.0,0.0,0.0,0.0,0.0,0.0,0.0,0.0,0.0,0.0,0.0,0.0,0.0,0.0,0.0,0,0,2.949152542372877,1.949152542372877
186,1676,Herzig Marius,G,1.0,1.0,0.0,0.0,0.0,0,0,0,0.0,0.0,0.0,0,0,0,0.0,0.0,0.0,0,0,0,0.0,0.0,0.0,0.0,0.0,0.0,1000.0,0.0,0.0,0.0,0.0,0.0,0.0,0.0,0.0,0.0,0.0,0.0,0.0,0.0,0.0,0.0,0.0,0.0,0.0,0.0,0.0,0.0,0.0,0.0,0.0,0.0,0.0,0.0,0.0,0.0,0.0,0.0,0.0,0.0,0.0,0.0,0.0,0.0,0.0,0.0,0.0,0.0,0.0,0.0,0.0,0.0,0.0,0.0,0.0,0.0,0.0,0.0,0.0,0.0,0.0,0.0,0.0,0,0,2.949152542372877,1.949152542372877
187,1678,López Jesus,G,7.0,7.0,0.0,0.0,0.0,0,0,0,0.0,0.0,0.0,0,0,0,0.0,0.0,0.0,0,0,0,0.0,0.0,0.0,0.0,0.0,0.0,1000.0,0.0,0.0,0.0,0.0,0.0,0.0,0.0,0.0,0.0,0.0,0.0,0.0,0.0,0.0,0.0,0.0,0.0,0.0,0.0,0.0,0.0,0.0,0.0,0.0,0.0,0.0,0.0,0.0,0.0,0.0,0.0,0.0,0.0,0.0,0.0,0.0,0.0,0.0,0.0,0.0,0.0,0.0,0.0,0.0,0.0,0.0,0.0,0.0,0.0,0.0,0.0,0.0,0.0,0.0,0.0,0.0,0,0,2.949152542372877,-4.050847457627123
188,1682,Diego Alves,G,7.0,7.0,0.0,0.0,0.0,0,0,0,0.0,0.0,0.0,0,0,0,0.0,0.0,0.0,0,0,0,0.0,0.0,0.0,0.0,0.0,0.0,1000.0,0.0,0.0,0.0,0.0,0.0,0.0,0.0,0.0,0.0,0.0,0.0,0.0,0.0,0.0,0.0,0.0,0.0,0.0,0.0,0.0,0.0,0.0,0.0,0.0,0.0,0.0,0.0,0.0,0.0,0.0,0.0,0.0,0.0,0.0,0.0,0.0,0.0,0.0,0.0,0.0,0.0,0.0,0.0,0.0,0.0,0.0,0.0,0.0,0.0,0.0,0.0,0.0,0.0,0.0,0.0,0.0,0,0,2.949152542372877,-4.050847457627123
189,1933,Sirigu Salvatore,G,7.0,9.0,6.5,0.0,5.19,1,0,8,0.0,0.0,1.0,0,0,0,1.0,0.0,1.0,90,0,720,90.0,0.0,90.0,0.0,0.0,0.0,1000.0,1.0,0.0,0.0,0.0,0.0,0.0,0.0,0.0,0.0,0.0,0.0,0.0,0.0,4.0,1.0,0.0,0.0,6.5,0.0,0.0,0.0,0.0,0.0,6.5,0.0,0.0,0.0,0.0,0.0,0.0,0.0,0.0,0.0,0.0,0.0,0.0,0.0,0.0,0.0,0.0,0.0,0.0,0.0,0.0,0.0,0.0,0.0,0.0,0.0,0.0,4.5,6.0,4.5,6.0,5.5,3.5,0,1,6.96,-0.040000000000000036
190,1934,Bardi Francesco,G,7.0,9.0,6.5,0.0,5.83,1,0,3,0.0,0.0,0.76,0,0,0,1.0,0.0,1.0,90,0,268,90.0,0.0,89.33,0.0,0.0,0.0,1000.0,1.0,0.0,0.0,0.0,0.0,0.0,0.0,0.0,0.0,0.0,0.0,0.0,0.0,1.0,3.0,0.0,6.5,6.5,0.0,0.0,0.0,6.5,0.0,0.0,0.0,0.0,0.0,0.0,0.0,0.0,0.0,0.0,0.0,0.0,0.0,0.0,0.0,0.0,0.0,0.0,0.0,0.0,0.0,0.0,0.0,0.0,0.0,0.0,0.0,6.0,0.0,0.0,0.0,5.0,0.0,0.0,1,1,6.85,-0.15000000000000036
191,1935,Perilli Simone,G,3.0,3.0,6.5,0.0,6.5,1,0,1,0.0,0.0,0.0,0,0,0,1.0,0.0,1.0,90,0,90,90.0,0.0,90.0,0.0,0.0,0.0,1000.0,1.0,0.0,0.0,0.0,0.0,0.0,0.0,0.0,0.0,0.0,0.0,0.0,0.0,2.0,2.0,0.0,0.0,6.5,0.0,0.0,0.0,0.0,0.0,0.0,6.5,0.0,0.0,0.0,0.0,0.0,0.0,0.0,0.0,0.0,0.0,0.0,0.0,0.0,0.0,0.0,0.0,0.0,0.0,0.0,0.0,0.0,0.0,0.0,0.0,0.0,0.0,0.0,0.0,0.0,0.0,0.0,0,1,6.85,3.8499999999999996
192,1936,Ravaglia Nicola,G,7.0,8.0,6.0,6.0,5.8,4,4,5,1.63,1.63,1.48,0,0,0,1.0,1.0,0.8,360,360,364,90.0,90.0,72.8,0.0,0.0,0.0,1000.0,0.0,0.0,0.0,0.0,0.0,0.0,0.0,0.0,0.0,0.0,0.0,0.0,0.0,15.0,8.0,5.0,6.0,6.0,6.0,8.0,4.0,6.0,0.0,0.0,0.0,0.0,0.0,0.0,0.0,0.0,0.0,0.0,0.0,0.0,0.0,0.0,0.0,0.0,0.0,0.0,0.0,0.0,0.0,0.0,0.0,0.0,0.0,0.0,0.0,0.0,5.0,0.0,0.0,0.0,0.0,0.0,4,4,13.92,6.92
193,1937,Perin Mattia,G,7.0,7.0,5.9,0.0,5.79,10,0,12,1.17,0.0,1.14,0,0,0,0.9,0.0,0.92,857,0,992,85.7,0.0,82.67,0.0,0.0,0.0,1000.0,4.0,0.0,0.0,0.0,0.0,0.0,0.0,0.0,0.0,0.0,0.0,0.0,0.0,15.0,16.0,0.0,5.5,6.0,0.0,5.5,0.0,0.0,0.0,4.5,0.0,0.0,8.0,0.0,0.0,0.0,0.0,0.0,0.0,0.0,0.0,5.5,0.0,0.0,0.0,0.0,0.0,0.0,5.5,5.0,7.0,5.0,0.0,5.5,7.5,4.5,6.0,0.0,0.0,0.0,0.0,0.0,1,3,7.23,0.23000000000000043
194,1938,Gollini Pierluigi,G,7.0,8.0,5.88,0.0,5.88,4,0,4,0.25,0.0,0.25,0,0,0,1.0,0.0,1.0,360,0,360,90.0,0.0,90.0,0.0,0.0,0.0,1000.0,3.0,0.0,0.0,0.0,0.0,0.0,0.0,0.0,0.0,0.0,0.0,0.0,0.0,8.0,1.0,0.0,0.0,6.0,0.0,0.0,0.0,0.0,0.0,6.0,0.0,0.0,0.0,0.0,0.0,0.0,0.0,0.0,0.0,0.0,0.0,0.0,0.0,0.0,0.0,0.0,0.0,0.0,0.0,0.0,0.0,0.0,6.0,6.0,5.5,0.0,0.0,0.0,0.0,0.0,0.0,0.0,0,1,7.03,0.03000000000000025
195,1939,Provedel Ivan,G,20.0,25.0,5.81,5.81,5.76,31,31,39,0.88,0.88,0.92,0,0,0,0.97,0.97,0.97,2782,2782,3474,89.74,89.74,89.08,0.0,0.0,0.0,1000.0,18.0,0.0,0.0,0.0,0.0,0.0,0.0,0.0,0.0,0.0,0.0,0.0,0.0,50.0,31.0,7.0,5.625,5.95,4.0,6.0,6.0,6.5,6.5,6.0,6.5,6.0,6.0,6.0,5.5,6.0,6.5,6.0,4.0,4.0,4.5,5.5,6.5,4.0,6.0,6.5,7.0,6.0,7.0,6.0,6.0,5.0,7.0,5.5,6.0,4.0,6.0,4.0,6.0,6.0,5.0,7.0,4,10,17.49,-2.5100000000000016
196,1940,Sepe Luigi,G,7.0,11.0,5.71,0.0,5.69,17,0,26,1.0,0.0,0.85,0,0,0,1.0,0.0,1.0,1530,0,2294,90.0,0.0,88.23,0.0,0.0,0.0,1000.0,3.0,0.0,0.0,0.0,0.0,0.0,0.0,0.0,0.0,0.0,0.0,0.0,0.0,45.0,15.0,0.0,0.0,5.5,0.0,0.0,0.0,0.0,0.0,0.0,0.0,0.0,6.0,5.0,0.0,0.0,0.0,0.0,0.0,0.0,4.0,6.0,6.5,6.0,6.5,6.0,5.5,4.0,4.0,7.0,5.5,6.0,7.5,6.0,5.5,0.0,6.0,5.5,6.0,5.5,4.5,5.5,0,2,7.75,0.75
197,1941,Ochoa Guillermo,G,13.0,13.0,5.71,6.06,5.71,14,8,14,1.45,1.18,1.45,0,0,0,1.0,1.0,1.0,1260,720,1260,90.0,90.0,90.0,0.0,0.0,0.0,1000.0,3.0,0.0,0.0,0.0,0.0,0.0,0.0,0.0,0.0,0.0,0.0,0.0,0.0,44.0,10.0,4.5,6.375,6.0625,6.0,6.0,8.0,5.5,4.0,5.5,6.5,7.0,0.0,0.0,4.0,5.5,4.5,3.0,7.0,7.5,0.0,0.0,0.0,0.0,0.0,0.0,0.0,0.0,0.0,0.0,0.0,0.0,0.0,0.0,0.0,0.0,0.0,0.0,0.0,0.0,0.0,0.0,4,8,16.38,3.379999999999999
198,1943,Maignan Mike,G,14.0,21.0,5.6,5.5,5.67,15,8,23,0.83,0.8,0.73,0,0,0,1.0,1.0,1.0,1350,720,2070,90.0,90.0,90.0,0.0,0.0,0.0,1000.0,6.0,0.0,0.0,0.0,0.0,0.0,0.0,0.0,0.0,0.0,0.0,0.0,0.0,18.0,15.0,0.0,5.875,5.5,6.5,5.0,6.0,6.0,4.0,5.0,6.0,5.5,0.0,0.0,0.0,0.0,0.0,0.0,0.0,0.0,0.0,0.0,0.0,0.0,0.0,0.0,0.0,0.0,5.0,6.0,5.5,7.5,6.0,5.0,5.0,6.0,6.0,5.0,6.0,5.0,6.0,6.0,4,8,16.0,2.0
199,1944,Vicario Guglielmo,G,10.0,17.0,5.6,0.0,5.73,24,0,32,1.12,0.0,1.4,0,0,0,1.0,0.0,1.0,2160,0,2880,90.0,0.0,90.0,0.0,0.0,0.0,1000.0,7.0,0.0,0.0,0.0,0.0,0.0,0.0,0.0,0.0,0.0,0.0,0.0,0.0,50.0,24.0,6.5,0.0,5.333333333333333,0.0,0.0,0.0,0.0,0.0,0.0,0.0,6.0,5.5,4.5,5.5,5.0,6.0,8.0,4.5,5.0,7.5,4.5,6.5,6.0,3.5,7.0,6.5,4.0,6.5,6.0,5.0,5.5,6.0,6.0,4.0,8.5,8.0,6.0,4.0,4.5,3.0,7.0,0,3,8.5,-1.5
200,1945,Onana André,G,15.0,20.0,5.6,0.0,5.6,20,0,20,0.79,0.0,0.79,0,0,0,1.0,0.0,1.0,1800,0,1800,90.0,0.0,90.0,0.0,0.0,0.0,1000.0,7.0,0.0,0.0,0.0,0.0,0.0,0.0,0.0,0.0,0.0,0.0,0.0,0.0,28.0,18.0,0.0,5.166666666666667,5.428571428571429,0.0,4.5,5.5,5.5,5.0,0.0,5.5,6.0,0.0,6.0,6.0,5.5,7.0,6.0,5.0,6.5,6.0,5.5,4.0,6.0,4.0,6.5,6.0,0.0,0.0,0.0,0.0,0.0,0.0,0.0,0.0,0.0,0.0,0.0,0.0,0.0,0.0,0.0,3,7,13.92,-1.08
201,1947,Meret Alex,G,18.0,22.0,5.57,5.5,5.56,30,5,33,0.95,1.17,1.01,0,0,0,1.0,1.0,1.0,2700,450,2960,90.0,90.0,89.7,0.0,0.0,0.0,1000.0,15.0,0.0,0.0,0.0,0.0,0.0,0.0,0.0,0.0,0.0,0.0,0.0,0.0,33.0,27.0,6.0,5.375,5.444444444444445,6.5,6.0,5.5,3.5,6.0,0.0,4.0,6.0,6.0,5.5,6.0,6.0,6.0,5.5,6.0,4.0,5.0,5.5,6.0,7.5,6.0,3.5,4.5,5.5,6.0,6.0,5.0,6.5,7.0,6.0,4.5,6.0,0.0,0.0,0.0,3.5,7.0,0.0,4,9,16.63,-1.370000000000001
202,1948,Skorupski Lukasz,G,19.0,22.0,5.57,6.0,5.68,30,3,37,1.19,2.0,1.23,0,0,0,1.0,1.0,1.0,2700,270,3330,90.0,90.0,90.0,0.0,0.0,0.0,1000.0,6.0,0.0,0.0,0.0,0.0,0.0,0.0,0.0,0.0,0.0,0.0,0.0,0.0,65.0,30.0,4.75,6.0,6.0,4.0,6.0,8.0,0.0,5.0,6.0,5.5,6.5,7.5,5.5,6.5,7.0,4.5,6.0,4.0,6.0,6.5,2.5,5.0,5.5,6.5,6.5,5.0,3.5,4.0,5.0,6.0,6.0,6.0,5.5,5.5,0.0,4.0,5.0,7.5,0.0,6.0,6.0,3,9,16.87,-2.129999999999999
203,1953,Audero Emil,G,5.0,21.0,5.48,0.0,5.48,25,0,33,1.35,0.0,1.36,0,0,0,1.0,0.0,1.0,2250,0,2966,90.0,0.0,89.88,0.0,0.0,0.0,1000.0,4.0,0.0,0.0,0.0,0.0,0.0,0.0,0.0,0.0,0.0,0.0,0.0,0.0,64.0,20.0,4.5,0.0,6.0,0.0,0.0,0.0,0.0,0.0,0.0,7.0,5.0,5.0,7.0,6.0,4.5,6.0,6.0,8.0,6.0,4.0,4.5,4.0,5.0,8.0,6.0,5.5,4.0,4.5,5.0,7.0,6.0,2.5,6.5,4.0,6.5,5.0,7.0,8.0,5.0,4.0,4.0,0,4,7.78,2.7800000000000002
204,1954,Dragowski Bartlomiej,G,17.0,18.0,5.48,0.0,5.48,28,0,28,1.31,0.0,1.31,0,0,0,1.0,0.0,1.0,2408,0,2408,86.0,0.0,86.0,0.0,0.0,0.0,1000.0,4.0,0.0,0.0,0.0,0.0,0.0,0.0,0.0,0.0,0.0,0.0,0.0,0.0,65.0,36.0,4.0,5.166666666666667,5.722222222222222,0.0,4.0,6.5,5.0,6.0,8.0,6.5,4.5,5.0,6.0,3.5,5.0,4.0,7.0,7.0,0.0,4.5,0.0,7.5,5.0,6.0,4.5,4.0,3.5,7.0,6.0,5.5,4.0,4.5,6.0,7.5,0.0,0.0,0.0,0.0,0.0,0.0,0.0,3,9,11.66,-5.34
205,1955,Di Gregorio Michele,G,15.0,20.0,5.45,5.57,5.45,30,7,30,1.21,1.24,1.21,0,0,0,1.0,1.0,1.0,2700,630,2700,90.0,90.0,90.0,0.0,0.0,0.0,1000.0,8.0,0.0,0.0,0.0,0.0,0.0,0.0,0.0,0.0,0.0,0.0,0.0,0.0,66.0,24.0,6.0,5.75,5.777777777777778,6.0,8.0,5.0,4.0,5.0,5.5,5.5,0.0,6.5,6.5,6.0,8.0,4.5,6.5,4.0,6.0,6.0,4.0,6.0,5.5,3.5,6.0,6.0,6.0,6.0,5.5,5.0,4.5,4.0,2.5,6.0,0.0,0.0,0.0,0.0,0.0,0.0,0.0,4,9,17.43,2.4299999999999997
206,1956,Falcone Wladimiro,G,15.0,18.0,5.44,5.44,5.44,31,31,31,1.01,1.01,1.01,0,0,0,1.0,1.0,1.0,2790,2790,2790,90.0,90.0,90.0,0.0,0.0,0.0,1000.0,3.0,0.0,0.0,0.0,0.0,0.0,0.0,0.0,0.0,0.0,0.0,0.0,0.0,61.0,36.0,6.0,4.875,5.1,4.0,4.5,4.0,7.0,5.5,3.5,4.5,5.0,7.0,6.0,6.5,5.0,4.0,4.0,6.0,5.5,6.5,6.0,6.0,6.0,4.5,6.0,6.5,5.0,6.0,4.5,5.5,6.5,5.5,5.0,7.0,0.0,0.0,0.0,0.0,0.0,0.0,0.0,4,10,14.91,-0.08999999999999986
207,1957,Szczesny Wojciech,G,16.0,18.0,5.43,6.0,5.41,22,1,28,1.12,0.0,1.08,0,0,0,1.0,1.0,1.0,1933,90,2473,87.86,90.0,88.32,0.0,0.0,0.0,1000.0,12.0,0.0,0.0,0.0,0.0,0.0,0.0,0.0,0.0,0.0,0.0,0.0,0.0,27.0,22.0,5.25,5.333333333333333,5.357142857142857,6.0,0.0,4.0,6.0,6.5,0.0,4.5,4.5,0.0,6.0,5.5,4.0,4.0,3.0,6.5,6.5,7.0,0.0,6.5,5.5,6.5,6.0,4.0,6.0,0.0,0.0,0.0,5.0,6.0,0.0,0.0,0.0,0.0,6.0,5.5,7.0,4.5,4.5,3,7,16.0,0.0
208,1961,Carnesecchi Marco,G,17.0,17.0,5.41,5.41,5.41,22,22,22,1.34,1.34,1.34,0,0,0,1.0,1.0,1.0,1980,1980,1980,90.0,90.0,90.0,0.0,0.0,0.0,1000.0,3.0,0.0,0.0,0.0,0.0,0.0,0.0,0.0,0.0,0.0,0.0,0.0,0.0,48.0,34.0,4.5,5.0,5.35,4.0,6.5,6.0,3.5,7.0,4.0,5.0,6.0,6.0,5.5,4.0,7.0,7.0,4.0,4.5,7.0,4.0,7.0,3.0,7.0,5.5,5.5,0.0,0.0,0.0,0.0,0.0,0.0,0.0,0.0,0.0,0.0,0.0,0.0,0.0,0.0,0.0,0.0,4,10,15.68,-1.3200000000000003
209,1963,Musso Juan,G,16.0,18.0,5.41,0.0,5.32,23,0,31,1.05,0.0,1.1,0,0,0,1.0,0.0,1.0,1988,0,2708,86.43,0.0,87.35,0.0,0.0,0.0,1000.0,7.0,0.0,0.0,0.0,0.0,0.0,0.0,0.0,0.0,0.0,0.0,0.0,0.0,34.0,28.0,4.75,5.25,5.0625,0.0,0.0,4.5,6.0,5.0,5.0,5.5,3.5,4.0,7.0,7.0,7.0,6.0,4.5,5.0,0.0,4.0,0.0,5.0,6.5,0.0,0.0,0.0,0.0,5.0,4.0,6.5,5.5,6.5,6.0,5.5,5.0,4.5,4.5,7.5,5.5,6.0,0.0,2,8,11.57,-4.43
210,1965,Montipò Lorenzo,G,16.0,23.0,5.37,5.25,5.45,30,6,37,1.17,1.29,1.14,0,0,0,1.0,1.0,1.0,2700,540,3330,90.0,90.0,90.0,0.0,0.0,0.0,1000.0,4.0,0.0,0.0,0.0,0.0,0.0,0.0,0.0,0.0,0.0,0.0,0.0,0.0,53.0,48.0,7.0,5.75,5.277777777777778,6.5,6.0,6.0,4.5,3.0,5.5,0.0,4.0,6.0,6.0,5.5,6.5,7.0,5.0,7.0,4.5,6.5,5.0,4.0,4.0,4.0,6.0,4.5,6.0,7.0,5.0,5.5,6.0,6.5,5.5,2.5,0.0,5.5,4.0,6.0,6.5,6.0,5.5,4,9,16.14,0.14000000000000057
211,1973,Rui Patrício,G,17.0,22.0,5.26,5.26,5.28,31,31,39,1.12,1.12,1.07,0,0,0,1.0,1.0,1.0,2790,2790,3510,90.0,90.0,90.0,0.0,0.0,0.0,1000.0,13.0,0.0,0.0,0.0,0.0,0.0,0.0,0.0,0.0,0.0,0.0,0.0,0.0,29.0,39.0,4.5,5.375,5.45,2.5,7.0,6.0,6.0,6.0,5.5,7.0,4.0,5.5,5.0,6.0,5.0,6.0,6.0,4.5,5.5,4.5,6.0,4.5,5.5,6.0,5.5,5.0,4.0,4.0,5.5,2.0,6.0,5.0,6.0,6.0,6.0,4.5,5.0,6.5,4.0,5.5,5.0,4,10,16.1,-0.8999999999999986
212,1974,Milinkovic-Savic Vanja,G,15.0,16.0,5.26,5.26,5.21,31,31,33,0.97,0.97,0.97,0,0,0,1.0,1.0,1.0,2790,2790,2970,90.0,90.0,90.0,0.0,0.0,0.0,1000.0,8.0,0.0,0.0,0.0,0.0,0.0,0.0,0.0,0.0,0.0,0.0,0.0,0.0,42.0,35.0,4.0,5.5,4.95,7.0,4.5,5.0,5.5,3.0,6.0,6.0,3.0,4.0,5.5,6.0,4.5,7.0,6.0,5.5,5.0,5.0,5.5,5.0,5.0,6.0,6.0,5.0,4.0,6.0,5.0,6.0,4.0,6.0,6.0,5.0,0.0,0.0,0.0,0.0,5.0,0.0,0.0,4,10,15.64,0.6400000000000006
213,1976,Tatarusanu Ciprian,G,7.0,10.0,5.25,0.0,5.25,16,0,16,1.25,0.0,1.25,0,0,0,1.0,0.0,1.0,1440,0,1440,90.0,0.0,90.0,0.0,0.0,0.0,1000.0,4.0,0.0,0.0,0.0,0.0,0.0,0.0,0.0,0.0,0.0,0.0,0.0,0.0,27.0,13.0,4.5,0.0,6.5,0.0,0.0,0.0,0.0,0.0,0.0,0.0,0.0,7.0,6.0,6.0,2.5,3.0,4.0,4.5,5.0,6.0,5.5,6.0,4.5,6.0,5.5,6.5,6.0,0.0,0.0,0.0,0.0,0.0,0.0,0.0,0.0,0.0,0.0,0.0,0.0,0.0,0.0,0,2,7.2,0.20000000000000018
214,1979,Zoet Jeroen,G,1.0,1.0,5.25,5.0,5.25,4,1,4,0.5,0.0,0.5,0,0,0,0.75,1.0,0.75,245,90,245,61.25,90.0,61.25,0.0,0.0,0.0,1000.0,0.0,0.0,0.0,0.0,0.0,0.0,0.0,0.0,0.0,0.0,0.0,0.0,0.0,4.0,2.0,0.0,5.0,5.0,5.0,0.0,0.0,0.0,0.0,0.0,0.0,0.0,0.0,0.0,0.0,0.0,0.0,0.0,0.0,5.0,6.0,5.0,0.0,0.0,0.0,0.0,0.0,0.0,0.0,0.0,0.0,0.0,0.0,0.0,0.0,0.0,0.0,0.0,0.0,0.0,0.0,0.0,1,1,7.75,6.75
215,1982,Terracciano Pietro,G,17.0,17.0,5.22,5.4,5.07,27,5,36,1.03,1.08,1.12,0,0,0,1.0,1.0,1.0,2430,450,3240,90.0,90.0,90.0,0.0,0.0,0.0,1000.0,5.0,0.0,0.0,0.0,0.0,0.0,0.0,0.0,0.0,0.0,0.0,0.0,0.0,44.0,14.0,4.25,5.25,5.722222222222222,4.5,4.5,5.0,7.0,6.0,0.0,6.5,7.0,5.5,5.5,5.5,4.5,5.0,4.0,6.0,5.5,4.0,4.5,6.0,7.0,4.0,4.5,3.0,6.0,6.0,4.5,4.5,5.0,0.0,0.0,0.0,6.0,2.5,6.0,4.0,4.0,5.5,5.0,4,9,15.91,-1.0899999999999999
216,1983,Sportiello Marco,G,7.0,7.0,5.22,6.0,5.3,9,2,10,1.25,0.71,1.21,0,0,0,0.89,1.0,0.9,802,180,892,89.11,90.0,89.2,0.0,0.0,0.0,1000.0,1.0,0.0,0.0,0.0,0.0,0.0,0.0,0.0,0.0,0.0,0.0,0.0,0.0,10.0,13.0,0.0,6.0,6.0,5.5,6.5,0.0,0.0,0.0,0.0,0.0,0.0,0.0,0.0,0.0,0.0,0.0,0.0,0.0,4.0,0.0,4.0,0.0,0.0,4.0,5.5,4.0,7.0,6.5,0.0,0.0,0.0,0.0,0.0,0.0,0.0,0.0,0.0,0.0,0.0,0.0,6.0,2,2,11.35,4.35
217,1991,Silvestri Marco,G,18.0,19.0,5.19,5.19,5.28,31,31,40,1.1,1.1,1.11,0,0,0,1.0,1.0,1.0,2790,2790,3600,90.0,90.0,90.0,0.0,0.0,0.0,1000.0,9.0,0.0,0.0,0.0,0.0,0.0,0.0,0.0,0.0,0.0,0.0,0.0,0.0,51.0,24.0,4.0,4.5,5.1,6.0,4.0,5.0,3.0,6.5,6.5,7.0,4.0,5.0,4.0,5.5,4.5,6.0,4.0,5.5,4.0,4.0,6.0,4.0,6.0,5.0,6.0,5.5,5.0,6.0,5.0,6.0,6.0,6.0,7.0,3.0,0.0,4.5,6.0,5.0,4.0,6.0,6.0,4,10,15.46,-2.539999999999999
218,1997,Perisan Samuele,G,13.0,13.0,5.14,5.14,5.14,7,7,7,1.35,1.35,1.35,0,0,0,1.0,1.0,1.0,630,630,630,90.0,90.0,90.0,0.0,0.0,0.0,1000.0,2.0,0.0,0.0,0.0,0.0,0.0,0.0,0.0,0.0,0.0,0.0,0.0,0.0,14.0,1.0,0.0,5.5,5.142857142857143,3.0,6.0,7.0,6.0,5.0,5.0,4.0,0.0,0.0,0.0,0.0,0.0,0.0,0.0,0.0,0.0,0.0,0.0,0.0,0.0,0.0,0.0,0.0,0.0,0.0,0.0,0.0,0.0,0.0,0.0,0.0,0.0,0.0,0.0,0.0,0.0,0.0,0.0,4,7,13.49,0.4900000000000002
219,2023,Handanovic Samir,G,7.0,7.0,5.05,6.0,5.21,11,1,19,1.29,0.0,1.11,0,0,0,1.0,1.0,1.0,990,90,1710,90.0,90.0,90.0,0.0,0.0,0.0,1000.0,3.0,0.0,0.0,0.0,0.0,0.0,0.0,0.0,0.0,0.0,0.0,0.0,0.0,18.0,9.0,4.0,6.0,4.833333333333333,6.0,0.0,0.0,0.0,0.0,4.0,0.0,0.0,4.5,0.0,0.0,0.0,0.0,0.0,0.0,0.0,0.0,0.0,0.0,0.0,0.0,0.0,0.0,4.0,4.0,8.0,4.0,6.0,4.0,5.5,5.5,6.0,5.0,4.0,6.0,5.0,5.0,6.0,1,3,8.17,1.17
220,2050,Turk Martin,G,13.0,13.0,5.0,0.0,5.0,2,0,2,1.41,0.0,1.41,0,0,0,1.0,0.0,1.0,180,0,180,90.0,0.0,90.0,0.0,0.0,0.0,1000.0,0.0,0.0,0.0,0.0,0.0,0.0,0.0,0.0,0.0,0.0,0.0,0.0,0.0,4.0,4.0,0.0,0.0,5.0,0.0,0.0,0.0,0.0,6.0,4.0,0.0,0.0,0.0,0.0,0.0,0.0,0.0,0.0,0.0,0.0,0.0,0.0,0.0,0.0,0.0,0.0,0.0,0.0,0.0,0.0,0.0,0.0,0.0,0.0,0.0,0.0,0.0,0.0,0.0,0.0,0.0,0.0,0,2,7.12,-5.88
221,2072,Consigli Andrea,G,16.0,18.0,4.93,5.08,4.96,29,12,37,1.22,1.4,1.25,0,0,0,1.0,1.0,1.0,2610,1080,3322,90.0,90.0,89.78,0.0,0.0,0.0,1000.0,9.0,0.0,0.0,0.0,0.0,0.0,0.0,0.0,0.0,0.0,0.0,0.0,0.0,33.0,20.0,4.0,4.25,4.9,2.5,6.5,3.0,5.0,6.0,5.5,5.5,5.5,3.5,6.0,7.0,5.0,0.0,0.0,5.0,4.5,3.0,6.0,4.0,3.5,6.5,4.0,4.5,6.0,6.0,4.0,5.5,6.0,4.0,6.0,3.5,5.5,5.5,6.0,2.0,4.0,6.5,6.0,4,10,14.78,-1.2200000000000006
222,2115,Pegolo Gianluca,G,7.0,8.0,4.75,0.0,4.75,2,0,2,1.06,0.0,1.06,0,0,0,1.0,0.0,1.0,180,0,180,90.0,0.0,90.0,0.0,0.0,0.0,1000.0,0.0,0.0,0.0,0.0,0.0,0.0,0.0,0.0,0.0,0.0,0.0,0.0,0.0,2.0,1.0,0.0,0.0,0.0,0.0,0.0,0.0,0.0,0.0,0.0,0.0,0.0,0.0,0.0,0.0,0.0,5.5,4.0,0.0,0.0,0.0,0.0,0.0,0.0,0.0,0.0,0.0,0.0,0.0,0.0,0.0,0.0,0.0,0.0,0.0,0.0,0.0,0.0,0.0,0.0,0.0,0.0,0,0,7.0,0.0
223,2153,Zovko Petar,G,3.0,0.0,4.5,0.0,4.75,1,0,2,0.0,0.0,0.35,0,0,0,0.0,0.0,0.0,72,0,100,72.0,0.0,50.0,0.0,0.0,0.0,1000.0,0.0,0.0,0.0,0.0,0.0,0.0,0.0,0.0,0.0,0.0,0.0,0.0,0.0,1.0,0.0,0.0,0.0,0.0,0.0,0.0,0.0,0.0,0.0,0.0,0.0,0.0,0.0,0.0,0.0,0.0,0.0,0.0,0.0,4.5,0.0,0.0,0.0,0.0,0.0,0.0,0.0,0.0,0.0,0.0,0.0,0.0,0.0,0.0,0.0,5.0,0.0,0.0,0.0,0.0,0.0,0.0,0,0,3.12,0.1200000000000001
224,2175,Luís Maximiano,G,7.0,8.0,3.5,0.0,5.15,1,0,10,0.0,0.0,1.27,0,0,0,1.0,0.0,1.0,6,0,816,6.0,0.0,81.6,0.0,0.0,0.0,1000.0,0.0,0.0,0.0,0.0,0.0,0.0,0.0,0.0,0.0,0.0,0.0,0.0,0.0,0.0,0.0,0.0,0.0,0.0,0.0,0.0,0.0,0.0,0.0,0.0,0.0,0.0,0.0,0.0,0.0,0.0,0.0,0.0,0.0,0.0,0.0,0.0,0.0,0.0,0.0,0.0,0.0,0.0,0.0,0.0,0.0,0.0,0.0,0.0,3.5,7.0,4.0,6.5,6.0,6.0,6.0,4.0,0,0,6.88,-0.1200000000000001
225,2176,Cragno Alessio,G,7.0,7.0,3.0,0.0,4.78,1,0,9,0.0,0.0,1.06,0,0,0,1.0,0.0,1.0,90,0,810,90.0,0.0,90.0,0.0,0.0,0.0,1000.0,0.0,0.0,0.0,0.0,0.0,0.0,0.0,0.0,0.0,0.0,0.0,0.0,0.0,0.0,2.0,0.0,0.0,3.0,0.0,0.0,0.0,0.0,0.0,0.0,0.0,3.0,0.0,0.0,0.0,0.0,0.0,0.0,0.0,0.0,0.0,0.0,0.0,0.0,0.0,0.0,0.0,0.0,0.0,0.0,0.0,0.0,0.0,0.0,0.0,5.5,4.5,5.0,4.5,5.0,6.5,5.5,0,1,6.96,-0.040000000000000036
226,2178,Marchetti Federico,G,7.0,7.0,2.0,0.0,2.0,2,0,2,2.83,0.0,2.83,0,0,0,0.0,0.0,0.0,146,0,146,73.0,0.0,73.0,0.0,0.0,0.0,1000.0,0.0,0.0,0.0,0.0,0.0,0.0,0.0,0.0,0.0,0.0,0.0,0.0,0.0,0.0,1.0,0.0,0.0,4.0,0.0,0.0,0.0,0.0,0.0,0.0,0.0,0.0,4.0,0.0,0.0,0.0,0.0,0.0,0.0,0.0,0.0,0.0,0.0,0.0,0.0,0.0,0.0,0.0,0.0,0.0,0.0,0.0,0.0,0.0,0.0,0.0,0.0,0.0,0.0,0.0,0.0,0.0,0,1,6.94,-0.05999999999999961
227,2179,Gemello Luca,G,3.0,0.0,0.0,0.0,0.0,0,0,0,0.0,0.0,0.0,0,0,0,0.0,0.0,0.0,0,0,0,0.0,0.0,0.0,0.0,0.0,0.0,1000.0,0.0,0.0,0.0,0.0,0.0,0.0,0.0,0.0,0.0,0.0,0.0,0.0,0.0,0.0,0.0,0.0,0.0,0.0,0.0,0.0,0.0,0.0,0.0,0.0,0.0,0.0,0.0,0.0,0.0,0.0,0.0,0.0,0.0,0.0,0.0,0.0,0.0,0.0,0.0,0.0,0.0,0.0,0.0,0.0,0.0,0.0,0.0,0.0,0.0,0.0,0.0,0.0,0.0,0.0,0.0,0.0,0,0,2.949152542372877,-0.05084745762712295
228,2180,Marfella Davide,G,1.0,1.0,0.0,0.0,5.5,0,0,1,0.0,0.0,0.0,0,0,0,0.0,0.0,0.0,0,0,10,0.0,0.0,10.0,0.0,0.0,0.0,1000.0,0.0,0.0,0.0,0.0,0.0,0.0,0.0,0.0,0.0,0.0,0.0,0.0,0.0,0.0,0.0,0.0,0.0,0.0,0.0,0.0,0.0,0.0,0.0,0.0,0.0,0.0,0.0,0.0,0.0,0.0,0.0,0.0,0.0,0.0,0.0,0.0,0.0,0.0,0.0,0.0,0.0,0.0,0.0,0.0,0.0,0.0,0.0,0.0,0.0,5.5,0.0,0.0,0.0,0.0,0.0,0.0,0,0,1.0,0.0
229,2181,Russo Alessandro,G,3.0,3.0,0.0,0.0,0.0,0,0,0,0.0,0.0,0.0,0,0,0,0.0,0.0,0.0,0,0,0,0.0,0.0,0.0,0.0,0.0,0.0,1000.0,0.0,0.0,0.0,0.0,0.0,0.0,0.0,0.0,0.0,0.0,0.0,0.0,0.0,0.0,0.0,0.0,0.0,0.0,0.0,0.0,0.0,0.0,0.0,0.0,0.0,0.0,0.0,0.0,0.0,0.0,0.0,0.0,0.0,0.0,0.0,0.0,0.0,0.0,0.0,0.0,0.0,0.0,0.0,0.0,0.0,0.0,0.0,0.0,0.0,0.0,0.0,0.0,0.0,0.0,0.0,0.0,0,0,2.949152542372877,-0.05084745762712295
230,2182,Brancolini Federico,G,7.0,7.0,0.0,0.0,0.0,0,0,0,0.0,0.0,0.0,0,0,0,0.0,0.0,0.0,0,0,0,0.0,0.0,0.0,0.0,0.0,0.0,1000.0,0.0,0.0,0.0,0.0,0.0,0.0,0.0,0.0,0.0,0.0,0.0,0.0,0.0,0.0,0.0,0.0,0.0,0.0,0.0,0.0,0.0,0.0,0.0,0.0,0.0,0.0,0.0,0.0,0.0,0.0,0.0,0.0,0.0,0.0,0.0,0.0,0.0,0.0,0.0,0.0,0.0,0.0,0.0,0.0,0.0,0.0,0.0,0.0,0.0,0.0,0.0,0.0,0.0,0.0,0.0,0.0,0,0,2.949152542372877,-4.050847457627123
231,2183,Cerofolini Michele,G,1.0,1.0,0.0,0.0,0.0,0,0,0,0.0,0.0,0.0,0,0,0,0.0,0.0,0.0,0,0,0,0.0,0.0,0.0,0.0,0.0,0.0,1000.0,0.0,0.0,0.0,0.0,0.0,0.0,0.0,0.0,0.0,0.0,0.0,0.0,0.0,0.0,0.0,0.0,0.0,0.0,0.0,0.0,0.0,0.0,0.0,0.0,0.0,0.0,0.0,0.0,0.0,0.0,0.0,0.0,0.0,0.0,0.0,0.0,0.0,0.0,0.0,0.0,0.0,0.0,0.0,0.0,0.0,0.0,0.0,0.0,0.0,0.0,0.0,0.0,0.0,0.0,0.0,0.0,0,0,2.949152542372877,1.949152542372877
232,2184,Ravaglia Federico,G,3.0,3.0,0.0,0.0,0.0,0,0,0,0.0,0.0,0.0,0,0,0,0.0,0.0,0.0,0,0,0,0.0,0.0,0.0,0.0,0.0,0.0,1000.0,0.0,0.0,0.0,0.0,0.0,0.0,0.0,0.0,0.0,0.0,0.0,0.0,0.0,0.0,0.0,0.0,0.0,0.0,0.0,0.0,0.0,0.0,0.0,0.0,0.0,0.0,0.0,0.0,0.0,0.0,0.0,0.0,0.0,0.0,0.0,0.0,0.0,0.0,0.0,0.0,0.0,0.0,0.0,0.0,0.0,0.0,0.0,0.0,0.0,0.0,0.0,0.0,0.0,0.0,0.0,0.0,0,0,2.949152542372877,-0.05084745762712295
233,2185,Adamonis Marius,G,3.0,4.0,0.0,0.0,0.0,0,0,0,0.0,0.0,0.0,0,0,0,0.0,0.0,0.0,0,0,0,0.0,0.0,0.0,0.0,0.0,0.0,1000.0,0.0,0.0,0.0,0.0,0.0,0.0,0.0,0.0,0.0,0.0,0.0,0.0,0.0,0.0,0.0,0.0,0.0,0.0,0.0,0.0,0.0,0.0,0.0,0.0,0.0,0.0,0.0,0.0,0.0,0.0,0.0,0.0,0.0,0.0,0.0,0.0,0.0,0.0,0.0,0.0,0.0,0.0,0.0,0.0,0.0,0.0,0.0,0.0,0.0,0.0,0.0,0.0,0.0,0.0,0.0,0.0,0,0,2.949152542372877,-0.05084745762712295
234,2186,Sarr Mouhamadou,G,7.0,0.0,0.0,0.0,0.0,0,0,0,0.0,0.0,0.0,0,0,0,0.0,0.0,0.0,0,0,0,0.0,0.0,0.0,0.0,0.0,0.0,1000.0,0.0,0.0,0.0,0.0,0.0,0.0,0.0,0.0,0.0,0.0,0.0,0.0,0.0,0.0,0.0,0.0,0.0,0.0,0.0,0.0,0.0,0.0,0.0,0.0,0.0,0.0,0.0,0.0,0.0,0.0,0.0,0.0,0.0,0.0,0.0,0.0,0.0,0.0,0.0,0.0,0.0,0.0,0.0,0.0,0.0,0.0,0.0,0.0,0.0,0.0,0.0,0.0,0.0,0.0,0.0,0.0,0,0,2.949152542372877,-4.050847457627123
235,2189,Bleve Marco,G,3.0,3.0,0.0,0.0,0.0,0,0,0,0.0,0.0,0.0,0,0,0,0.0,0.0,0.0,0,0,0,0.0,0.0,0.0,0.0,0.0,0.0,1000.0,0.0,0.0,0.0,0.0,0.0,0.0,0.0,0.0,0.0,0.0,0.0,0.0,0.0,0.0,0.0,0.0,0.0,0.0,0.0,0.0,0.0,0.0,0.0,0.0,0.0,0.0,0.0,0.0,0.0,0.0,0.0,0.0,0.0,0.0,0.0,0.0,0.0,0.0,0.0,0.0,0.0,0.0,0.0,0.0,0.0,0.0,0.0,0.0,0.0,0.0,0.0,0.0,0.0,0.0,0.0,0.0,0,0,2.949152542372877,-0.05084745762712295
236,2191,Berardi Alessandro,G,7.0,8.0,0.0,0.0,5.0,0,0,1,0.0,0.0,0.0,0,0,0,0.0,0.0,1.0,0,0,90,0.0,0.0,90.0,0.0,0.0,0.0,1000.0,0.0,0.0,0.0,0.0,0.0,0.0,0.0,0.0,0.0,0.0,0.0,0.0,0.0,0.0,0.0,0.0,0.0,0.0,0.0,0.0,0.0,0.0,0.0,0.0,0.0,0.0,0.0,0.0,0.0,0.0,0.0,0.0,0.0,0.0,0.0,0.0,0.0,0.0,0.0,0.0,0.0,0.0,0.0,0.0,0.0,0.0,0.0,0.0,0.0,5.0,0.0,0.0,0.0,0.0,0.0,0.0,0,0,5.0,-2.0
237,2192,Rossi Francesco,G,3.0,0.0,0.0,0.0,0.0,0,0,0,0.0,0.0,0.0,0,0,0,0.0,0.0,0.0,0,0,0,0.0,0.0,0.0,0.0,0.0,0.0,1000.0,0.0,0.0,0.0,0.0,0.0,0.0,0.0,0.0,0.0,0.0,0.0,0.0,0.0,0.0,0.0,0.0,0.0,0.0,0.0,0.0,0.0,0.0,0.0,0.0,0.0,0.0,0.0,0.0,0.0,0.0,0.0,0.0,0.0,0.0,0.0,0.0,0.0,0.0,0.0,0.0,0.0,0.0,0.0,0.0,0.0,0.0,0.0,0.0,0.0,0.0,0.0,0.0,0.0,0.0,0.0,0.0,0,0,2.949152542372877,-0.05084745762712295
238,2193,Berisha Etrit,G,7.0,0.0,0.0,0.0,6.14,0,0,7,0.0,0.0,1.21,0,0,0,0.0,0.0,1.0,0,0,630,0.0,0.0,90.0,0.0,0.0,0.0,1000.0,0.0,0.0,0.0,0.0,0.0,0.0,0.0,0.0,0.0,0.0,0.0,0.0,0.0,0.0,0.0,0.0,0.0,0.0,0.0,0.0,0.0,0.0,0.0,0.0,0.0,0.0,0.0,0.0,0.0,0.0,0.0,0.0,0.0,0.0,0.0,0.0,0.0,0.0,0.0,0.0,0.0,0.0,0.0,0.0,0.0,0.0,0.0,0.0,0.0,4.0,7.0,7.5,5.5,0.0,5.5,7.0,0,0,6.0,-1.0
239,2194,Pinsoglio Carlo,G,3.0,0.0,0.0,0.0,5.0,0,0,1,0.0,0.0,0.0,0,0,0,0.0,0.0,0.0,0,0,45,0.0,0.0,45.0,0.0,0.0,0.0,1000.0,0.0,0.0,0.0,0.0,0.0,0.0,0.0,0.0,0.0,0.0,0.0,0.0,0.0,0.0,0.0,0.0,0.0,0.0,0.0,0.0,0.0,0.0,0.0,0.0,0.0,0.0,0.0,0.0,0.0,0.0,0.0,0.0,0.0,0.0,0.0,0.0,0.0,0.0,0.0,0.0,0.0,0.0,0.0,0.0,0.0,0.0,0.0,0.0,0.0,5.0,0.0,0.0,0.0,0.0,0.0,0.0,0,0,3.0,0.0
240,2196,Padelli Daniele,G,7.0,8.0,0.0,0.0,8.5,0,0,1,0.0,0.0,0.0,0,0,0,0.0,0.0,1.0,0,0,90,0.0,0.0,90.0,0.0,0.0,0.0,1000.0,0.0,0.0,0.0,0.0,0.0,0.0,0.0,0.0,0.0,0.0,0.0,0.0,0.0,0.0,0.0,0.0,0.0,0.0,0.0,0.0,0.0,0.0,0.0,0.0,0.0,0.0,0.0,0.0,0.0,0.0,0.0,0.0,0.0,0.0,0.0,0.0,0.0,0.0,0.0,0.0,0.0,0.0,0.0,0.0,0.0,0.0,0.0,0.0,0.0,8.5,0.0,0.0,0.0,0.0,0.0,0.0,0,0,7.0,0.0
241,2197,Mirante Antonio,G,1.0,1.0,0.0,0.0,0.0,0,0,0,0.0,0.0,0.0,0,0,0,0.0,0.0,0.0,0,0,0,0.0,0.0,0.0,0.0,0.0,0.0,1000.0,0.0,0.0,0.0,0.0,0.0,0.0,0.0,0.0,0.0,0.0,0.0,0.0,0.0,0.0,0.0,0.0,0.0,0.0,0.0,0.0,0.0,0.0,0.0,0.0,0.0,0.0,0.0,0.0,0.0,0.0,0.0,0.0,0.0,0.0,0.0,0.0,0.0,0.0,0.0,0.0,0.0,0.0,0.0,0.0,0.0,0.0,0.0,0.0,0.0,0.0,0.0,0.0,0.0,0.0,0.0,0.0,0,0,2.949152542372877,1.949152542372877
242,2198,Idasiak Hubert Dawid,G,1.0,1.0,0.0,0.0,0.0,0,0,0,0.0,0.0,0.0,0,0,0,0.0,0.0,0.0,0,0,0,0.0,0.0,0.0,0.0,0.0,0.0,1000.0,0.0,0.0,0.0,0.0,0.0,0.0,0.0,0.0,0.0,0.0,0.0,0.0,0.0,0.0,0.0,0.0,0.0,0.0,0.0,0.0,0.0,0.0,0.0,0.0,0.0,0.0,0.0,0.0,0.0,0.0,0.0,0.0,0.0,0.0,0.0,0.0,0.0,0.0,0.0,0.0,0.0,0.0,0.0,0.0,0.0,0.0,0.0,0.0,0.0,0.0,0.0,0.0,0.0,0.0,0.0,0.0,0,0,2.949152542372877,1.949152542372877
243,2199,Ujkani Samir,G,3.0,4.0,0.0,0.0,0.0,0,0,0,0.0,0.0,0.0,0,0,0,0.0,0.0,0.0,0,0,0,0.0,0.0,0.0,0.0,0.0,0.0,1000.0,0.0,0.0,0.0,0.0,0.0,0.0,0.0,0.0,0.0,0.0,0.0,0.0,0.0,0.0,0.0,0.0,0.0,0.0,0.0,0.0,0.0,0.0,0.0,0.0,0.0,0.0,0.0,0.0,0.0,0.0,0.0,0.0,0.0,0.0,0.0,0.0,0.0,0.0,0.0,0.0,0.0,0.0,0.0,0.0,0.0,0.0,0.0,0.0,0.0,0.0,0.0,0.0,0.0,0.0,0.0,0.0,0,0,2.949152542372877,-0.05084745762712295
244,2203,Cordaz Alex,G,3.0,3.0,0.0,0.0,0.0,0,0,0,0.0,0.0,0.0,0,0,0,0.0,0.0,0.0,0,0,0,0.0,0.0,0.0,0.0,0.0,0.0,1000.0,0.0,0.0,0.0,0.0,0.0,0.0,0.0,0.0,0.0,0.0,0.0,0.0,0.0,0.0,0.0,0.0,0.0,0.0,0.0,0.0,0.0,0.0,0.0,0.0,0.0,0.0,0.0,0.0,0.0,0.0,0.0,0.0,0.0,0.0,0.0,0.0,0.0,0.0,0.0,0.0,0.0,0.0,0.0,0.0,0.0,0.0,0.0,0.0,0.0,0.0,0.0,0.0,0.0,0.0,0.0,0.0,0,0,2.949152542372877,-0.05084745762712295
245,2204,Boer Pietro,G,1.0,1.0,0.0,0.0,0.0,0,0,0,0.0,0.0,0.0,0,0,0,0.0,0.0,0.0,0,0,0,0.0,0.0,0.0,0.0,0.0,0.0,1000.0,0.0,0.0,0.0,0.0,0.0,0.0,0.0,0.0,0.0,0.0,0.0,0.0,0.0,0.0,0.0,0.0,0.0,0.0,0.0,0.0,0.0,0.0,0.0,0.0,0.0,0.0,0.0,0.0,0.0,0.0,0.0,0.0,0.0,0.0,0.0,0.0,0.0,0.0,0.0,0.0,0.0,0.0,0.0,0.0,0.0,0.0,0.0,0.0,0.0,0.0,0.0,0.0,0.0,0.0,0.0,0.0,0,0,2.949152542372877,1.949152542372877
246,2206,Zacchi Gioele,G,1.0,1.0,0.0,0.0,0.0,0,0,0,0.0,0.0,0.0,0,0,0,0.0,0.0,0.0,0,0,0,0.0,0.0,0.0,0.0,0.0,0.0,1000.0,0.0,0.0,0.0,0.0,0.0,0.0,0.0,0.0,0.0,0.0,0.0,0.0,0.0,0.0,0.0,0.0,0.0,0.0,0.0,0.0,0.0,0.0,0.0,0.0,0.0,0.0,0.0,0.0,0.0,0.0,0.0,0.0,0.0,0.0,0.0,0.0,0.0,0.0,0.0,0.0,0.0,0.0,0.0,0.0,0.0,0.0,0.0,0.0,0.0,0.0,0.0,0.0,0.0,0.0,0.0,0.0,0,0,2.949152542372877,1.949152542372877
247,2208,Piana Edoardo,G,1.0,1.0,0.0,0.0,0.0,0,0,0,0.0,0.0,0.0,0,0,0,0.0,0.0,0.0,0,0,0,0.0,0.0,0.0,0.0,0.0,0.0,1000.0,0.0,0.0,0.0,0.0,0.0,0.0,0.0,0.0,0.0,0.0,0.0,0.0,0.0,0.0,0.0,0.0,0.0,0.0,0.0,0.0,0.0,0.0,0.0,0.0,0.0,0.0,0.0,0.0,0.0,0.0,0.0,0.0,0.0,0.0,0.0,0.0,0.0,0.0,0.0,0.0,0.0,0.0,0.0,0.0,0.0,0.0,0.0,0.0,0.0,0.0,0.0,0.0,0.0,0.0,0.0,0.0,0,0,2.949152542372877,1.949152542372877
248,2211,Fiorillo Vincenzo,G,3.0,0.0,0.0,0.0,0.0,0,0,0,0.0,0.0,0.0,0,0,0,0.0,0.0,0.0,0,0,0,0.0,0.0,0.0,0.0,0.0,0.0,1000.0,0.0,0.0,0.0,0.0,0.0,0.0,0.0,0.0,0.0,0.0,0.0,0.0,0.0,0.0,0.0,0.0,0.0,0.0,0.0,0.0,0.0,0.0,0.0,0.0,0.0,0.0,0.0,0.0,0.0,0.0,0.0,0.0,0.0,0.0,0.0,0.0,0.0,0.0,0.0,0.0,0.0,0.0,0.0,0.0,0.0,0.0,0.0,0.0,0.0,0.0,0.0,0.0,0.0,0.0,0.0,0.0,0,0,2.949152542372877,-0.05084745762712295
249,2215,Svilar Mile,G,7.0,7.0,0.0,0.0,0.0,0,0,0,0.0,0.0,0.0,0,0,0,0.0,0.0,0.0,0,0,0,0.0,0.0,0.0,0.0,0.0,0.0,1000.0,0.0,0.0,0.0,0.0,0.0,0.0,0.0,0.0,0.0,0.0,0.0,0.0,0.0,0.0,0.0,0.0,0.0,0.0,0.0,0.0,0.0,0.0,0.0,0.0,0.0,0.0,0.0,0.0,0.0,0.0,0.0,0.0,0.0,0.0,0.0,0.0,0.0,0.0,0.0,0.0,0.0,0.0,0.0,0.0,0.0,0.0,0.0,0.0,0.0,0.0,0.0,0.0,0.0,0.0,0.0,0.0,0,0,2.949152542372877,-4.050847457627123
250,2216,Lamanna Eugenio,G,1.0,0.0,0.0,0.0,0.0,0,0,0,0.0,0.0,0.0,0,0,0,0.0,0.0,0.0,0,0,0,0.0,0.0,0.0,0.0,0.0,0.0,1000.0,0.0,0.0,0.0,0.0,0.0,0.0,0.0,0.0,0.0,0.0,0.0,0.0,0.0,0.0,0.0,0.0,0.0,0.0,0.0,0.0,0.0,0.0,0.0,0.0,0.0,0.0,0.0,0.0,0.0,0.0,0.0,0.0,0.0,0.0,0.0,0.0,0.0,0.0,0.0,0.0,0.0,0.0,0.0,0.0,0.0,0.0,0.0,0.0,0.0,0.0,0.0,0.0,0.0,0.0,0.0,0.0,0,0,2.949152542372877,1.949152542372877
251,2217,Sorrentino Alessandro,G,1.0,0.0,0.0,0.0,0.0,0,0,0,0.0,0.0,0.0,0,0,0,0.0,0.0,0.0,0,0,0,0.0,0.0,0.0,0.0,0.0,0.0,1000.0,0.0,0.0,0.0,0.0,0.0,0.0,0.0,0.0,0.0,0.0,0.0,0.0,0.0,0.0,0.0,0.0,0.0,0.0,0.0,0.0,0.0,0.0,0.0,0.0,0.0,0.0,0.0,0.0,0.0,0.0,0.0,0.0,0.0,0.0,0.0,0.0,0.0,0.0,0.0,0.0,0.0,0.0,0.0,0.0,0.0,0.0,0.0,0.0,0.0,0.0,0.0,0.0,0.0,0.0,0.0,0.0,0,0,2.949152542372877,1.949152542372877
252,2218,Sorrentino Andrea,G,1.0,0.0,0.0,0.0,0.0,0,0,0,0.0,0.0,0.0,0,0,0,0.0,0.0,0.0,0,0,0,0.0,0.0,0.0,0.0,0.0,0.0,1000.0,0.0,0.0,0.0,0.0,0.0,0.0,0.0,0.0,0.0,0.0,0.0,0.0,0.0,0.0,0.0,0.0,0.0,0.0,0.0,0.0,0.0,0.0,0.0,0.0,0.0,0.0,0.0,0.0,0.0,0.0,0.0,0.0,0.0,0.0,0.0,0.0,0.0,0.0,0.0,0.0,0.0,0.0,0.0,0.0,0.0,0.0,0.0,0.0,0.0,0.0,0.0,0.0,0.0,0.0,0.0,0.0,0,0,2.949152542372877,1.949152542372877
253,2219,Saro Gianluca,G,1.0,0.0,0.0,0.0,0.0,0,0,0,0.0,0.0,0.0,0,0,0,0.0,0.0,0.0,0,0,0,0.0,0.0,0.0,0.0,0.0,0.0,1000.0,0.0,0.0,0.0,0.0,0.0,0.0,0.0,0.0,0.0,0.0,0.0,0.0,0.0,0.0,0.0,0.0,0.0,0.0,0.0,0.0,0.0,0.0,0.0,0.0,0.0,0.0,0.0,0.0,0.0,0.0,0.0,0.0,0.0,0.0,0.0,0.0,0.0,0.0,0.0,0.0,0.0,0.0,0.0,0.0,0.0,0.0,0.0,0.0,0.0,0.0,0.0,0.0,0.0,0.0,0.0,0.0,0,0,2.949152542372877,1.949152542372877
254,2226,Vásquez Devis,G,3.0,3.0,0.0,0.0,0.0,0,0,0,0.0,0.0,0.0,0,0,0,0.0,0.0,0.0,0,0,0,0.0,0.0,0.0,0.0,0.0,0.0,1000.0,0.0,0.0,0.0,0.0,0.0,0.0,0.0,0.0,0.0,0.0,0.0,0.0,0.0,0.0,0.0,0.0,0.0,0.0,0.0,0.0,0.0,0.0,0.0,0.0,0.0,0.0,0.0,0.0,0.0,0.0,0.0,0.0,0.0,0.0,0.0,0.0,0.0,0.0,0.0,0.0,0.0,0.0,0.0,0.0,0.0,0.0,0.0,0.0,0.0,0.0,0.0,0.0,0.0,0.0,0.0,0.0,0,0,2.949152542372877,-0.05084745762712295
