,Note,Note série,Note 1 an,Nb match,Nb match série,Nb match 1 an,Variation,Titu,Titu série,Titu 1 an,Temps,Tps série,Tps 1 an,Tps moy,Tps moy série,Tps moy 1 an,Min/But,Min/But 1 an,moy_j,moy_j_10,j-1,j-2,j-3,j-4,j-5,j-6,j-7,j-8,j-9,j-10,j-11,j-12,j-13,j-14,j-15,Titu_4,Titu_10,Cleansheet,Pass decis.,Occas° créée,Passes,Ballons,Fautes,But évité,Action stoppée,DMI
0,7.0,0.0,5.5,1,0,2,0.0,1.0,0.0,1.0,90,0,180,90.0,0.0,90.0,0.0,0.0,0.0,0.0,0.0,0.0,0.0,0.0,0.0,0.0,0.0,0.0,0.0,0.0,0.0,0.0,0.0,0.0,0.0,0,0,1.0,0.0,0.0,0.0,0.0,0.0,4.0,0.0,0.0
1,7.0,7.0,7.0,3,3,3,0.5,1.0,1.0,1.0,270,270,270,90.0,90.0,90.0,0.0,0.0,7.0,7.0,7.5,6.5,7.0,0.0,0.0,0.0,0.0,0.0,0.0,0.0,0.0,0.0,0.0,0.0,0.0,3,3,2.0,0.0,0.0,0.0,0.0,0.0,7.0,8.0,0.0
2,6.5,0.0,5.6,1,0,10,0.0,0.0,0.0,0.9,66,0,876,66.0,0.0,87.6,0.0,0.0,0.0,6.5,0.0,0.0,0.0,0.0,0.0,0.0,0.0,0.0,6.5,0.0,0.0,0.0,0.0,0.0,0.0,0,1,0.0,0.0,0.0,0.0,0.0,0.0,2.0,3.0,0.0
3,6.02,6.02,6.02,29,29,29,0.93,1.0,1.0,1.0,2610,2610,2610,90.0,90.0,90.0,0.0,0.0,6.0,5.722222222222222,6.0,6.5,6.0,5.5,0.0,4.0,4.5,5.0,8.0,6.0,6.0,5.5,6.0,7.0,5.5,4,9,7.0,0.0,0.0,0.0,0.0,0.0,86.0,30.0,0.0
4,5.72,5.72,5.69,32,32,40,1.22,1.0,1.0,1.0,2880,2880,3600,90.0,90.0,90.0,0.0,0.0,5.375,5.35,4.5,6.0,4.0,7.0,4.5,5.5,5.5,5.0,5.5,6.0,7.0,7.0,6.0,6.0,7.5,4,10,9.0,0.0,0.0,0.0,0.0,0.0,73.0,59.0,6.75
5,5.69,5.69,5.75,31,31,42,1.19,1.0,1.0,1.0,2722,2722,3712,87.81,87.81,88.38,0.0,0.0,5.875,5.222222222222222,5.5,4.0,8.0,6.0,5.0,6.0,4.0,0.0,2.5,6.0,4.0,6.0,5.5,7.0,6.0,4,9,13.0,0.0,0.0,0.0,0.0,0.0,46.0,26.0,7.5
6,5.67,5.5,5.67,23,15,23,1.11,1.0,1.0,1.0,2025,1350,2025,88.04,90.0,88.04,0.0,0.0,5.333333333333333,5.111111111111111,0.0,7.0,5.5,3.5,4.0,6.0,6.0,4.0,5.0,5.0,6.0,6.5,7.0,5.0,6.0,3,9,9.0,0.0,0.0,0.0,0.0,0.0,44.0,28.0,6.0
7,5.66,5.66,5.66,31,31,40,1.05,1.0,1.0,1.0,2790,2790,3600,90.0,90.0,90.0,0.0,0.0,5.0,5.666666666666667,5.5,5.5,5.5,3.5,0.0,4.5,7.0,6.0,7.5,6.0,4.0,6.0,4.0,4.5,5.5,4,9,11.0,0.0,0.0,0.0,0.0,0.0,65.0,26.0,5.0
8,5.65,0.0,5.67,27,0,33,1.26,1.0,0.0,1.0,2430,0,2970,90.0,0.0,90.0,0.0,0.0,5.5,5.916666666666667,0.0,0.0,0.0,5.5,0.0,6.0,5.0,6.0,6.0,7.0,5.5,7.5,5.5,2.5,6.5,1,6,6.0,0.0,0.0,0.0,0.0,0.0,62.0,22.0,6.0
9,5.63,5.82,5.55,30,14,38,1.21,1.0,1.0,1.0,2600,1215,3320,86.67,86.79,87.37,0.0,0.0,6.625,5.95,6.0,6.5,6.0,8.0,6.0,6.0,6.0,7.0,2.5,5.5,3.0,7.5,6.0,5.5,0.0,4,10,10.0,0.0,0.0,0.0,0.0,0.0,57.0,27.0,5.0
10,5.5,0.0,5.5,2,0,2,0.71,1.0,0.0,1.0,180,0,180,90.0,0.0,90.0,0.0,0.0,0.0,0.0,0.0,0.0,0.0,0.0,0.0,0.0,0.0,0.0,0.0,0.0,0.0,5.0,0.0,0.0,0.0,0,0,0.0,0.0,0.0,0.0,0.0,0.0,6.0,1.0,0.0
11,5.5,0.0,5.5,6,0,6,1.38,1.0,0.0,1.0,540,0,540,90.0,0.0,90.0,0.0,0.0,4.0,4.75,0.0,0.0,4.0,4.0,0.0,5.0,6.0,0.0,0.0,0.0,0.0,0.0,0.0,0.0,0.0,2,4,3.0,0.0,0.0,0.0,0.0,0.0,10.0,3.0,0.0
12,5.48,5.46,5.5,22,13,23,1.19,1.0,1.0,1.0,1935,1170,2025,87.95,90.0,88.04,0.0,0.0,5.375,5.5,3.5,6.0,7.0,5.0,4.5,7.0,5.5,3.0,7.5,6.0,6.0,6.0,4.0,0.0,0.0,4,10,5.0,0.0,0.0,0.0,0.0,0.0,56.0,28.0,5.0
13,5.44,5.44,5.3,32,32,42,1.02,1.0,1.0,1.0,2880,2880,3780,90.0,90.0,90.0,0.0,0.0,4.875,5.15,3.0,4.5,6.0,6.0,6.0,6.0,5.0,5.0,5.5,4.5,4.5,4.0,8.0,5.5,6.0,4,10,12.0,0.0,0.0,0.0,0.0,0.0,60.0,17.0,4.0
14,5.4,6.38,5.45,29,4,37,1.08,1.0,1.0,1.0,2483,360,3203,85.62,90.0,86.57,0.0,0.0,6.375,5.928571428571429,7.5,5.0,6.5,6.5,0.0,0.0,0.0,5.5,5.0,5.5,5.0,6.0,5.5,5.0,4.5,4,7,7.0,0.0,0.0,0.0,0.0,0.0,44.0,40.0,6.5
15,5.38,5.38,5.31,32,32,39,1.28,1.0,1.0,1.0,2880,2880,3465,90.0,90.0,88.85,0.0,0.0,5.625,5.45,4.5,6.0,6.0,6.0,2.5,6.0,7.5,6.0,4.5,5.5,6.5,3.5,7.0,5.0,6.5,4,10,9.0,0.0,0.0,0.0,0.0,0.0,63.0,32.0,5.0
16,5.28,5.28,5.17,30,30,39,1.51,1.0,1.0,1.0,2700,2700,3510,90.0,90.0,90.0,0.0,0.0,5.0,5.3125,0.0,5.5,5.0,4.5,0.0,6.5,1.0,6.0,6.5,7.5,5.5,4.0,4.5,7.0,6.0,3,8,14.0,0.0,0.0,0.0,0.0,0.0,51.0,25.0,3.5
17,5.26,5.17,5.34,31,24,41,1.3,1.0,1.0,1.0,2790,2160,3690,90.0,90.0,90.0,0.0,0.0,5.375,5.25,6.0,4.0,7.0,4.5,6.0,6.0,5.0,4.5,6.0,3.5,6.0,4.0,5.0,3.5,5.5,4,10,7.0,0.0,0.0,0.0,0.0,0.0,76.0,32.0,5.5
18,5.25,4.5,5.1,8,1,15,1.28,0.88,0.0,0.93,675,45,1305,84.38,45.0,87.0,0.0,0.0,4.5,5.357142857142857,4.5,0.0,0.0,0.0,5.0,7.0,5.5,6.5,6.0,3.0,0.0,0.0,0.0,0.0,0.0,1,7,2.0,0.0,0.0,0.0,0.0,0.0,13.0,7.0,0.0
19,5.25,0.0,5.25,18,0,18,1.93,1.0,0.0,1.0,1620,0,1620,90.0,0.0,90.0,0.0,0.0,0.0,0.0,0.0,0.0,0.0,0.0,0.0,0.0,0.0,0.0,0.0,0.0,0.0,0.0,6.0,6.0,4.5,0,0,6.0,0.0,0.0,0.0,0.0,0.0,40.0,14.0,8.0
20,5.17,5.3,5.17,6,5,6,0.98,1.0,1.0,1.0,540,450,540,90.0,90.0,90.0,0.0,0.0,5.5,5.3,5.5,4.0,6.5,6.0,4.5,0.0,0.0,0.0,0.0,0.0,0.0,0.0,0.0,0.0,0.0,4,5,0.0,0.0,0.0,0.0,0.0,0.0,11.0,10.0,0.0
21,5.16,4.5,5.34,25,4,34,1.37,1.0,1.0,1.0,2205,315,3015,88.2,78.75,88.68,0.0,0.0,4.5,4.5,2.5,4.0,5.5,6.0,0.0,0.0,0.0,0.0,0.0,0.0,7.0,7.0,4.0,7.0,3.0,4,4,7.0,0.0,0.0,0.0,0.0,0.0,37.0,42.0,6.5
22,5.14,5.14,5.2,32,32,40,1.49,1.0,1.0,1.0,2880,2880,3600,90.0,90.0,90.0,0.0,0.0,3.125,4.65,5.0,1.5,2.5,3.5,7.0,5.0,5.5,6.0,6.0,4.5,4.5,6.0,5.0,4.0,8.0,4,10,5.0,0.0,0.0,0.0,0.0,0.0,62.0,25.0,3.5
23,5.13,5.0,5.23,23,1,32,1.07,1.0,1.0,1.0,2070,90,2880,90.0,90.0,90.0,0.0,0.0,5.0,4.333333333333333,0.0,5.0,0.0,0.0,0.0,0.0,0.0,0.0,4.5,3.5,6.0,4.0,6.0,5.0,3.5,1,3,6.0,0.0,0.0,0.0,0.0,0.0,34.0,13.0,6.0
24,5.11,0.0,4.97,9,0,19,1.19,0.89,0.0,0.95,765,0,1665,85.0,0.0,87.63,0.0,0.0,0.0,0.0,0.0,0.0,0.0,0.0,0.0,0.0,0.0,0.0,0.0,0.0,0.0,0.0,0.0,0.0,0.0,0,0,1.0,0.0,0.0,0.0,0.0,0.0,19.0,6.0,5.0
25,5.08,5.08,5.1,30,30,39,0.86,1.0,1.0,1.0,2700,2700,3510,90.0,90.0,90.0,0.0,0.0,5.0,5.0625,0.0,6.0,4.5,4.5,0.0,5.0,6.0,5.0,4.0,5.5,5.0,5.5,4.0,6.0,4.5,3,8,10.0,0.0,0.0,0.0,0.0,0.0,26.0,13.0,5.0
26,5.02,0.0,5.06,26,0,27,1.43,1.0,0.0,1.0,2340,0,2430,90.0,0.0,90.0,0.0,0.0,0.0,5.1,0.0,0.0,0.0,0.0,0.0,4.0,7.0,4.5,4.0,6.0,5.0,4.5,4.0,4.5,6.0,0,5,6.0,0.0,0.0,0.0,0.0,0.0,51.0,25.0,6.5
27,5.0,5.0,4.8,4,1,5,0.82,0.5,0.0,0.6,280,45,370,70.0,45.0,74.0,0.0,0.0,5.0,5.0,5.0,0.0,0.0,0.0,0.0,0.0,0.0,0.0,0.0,0.0,0.0,0.0,0.0,0.0,6.0,1,1,1.0,0.0,0.0,0.0,0.0,0.0,7.0,4.0,0.0
28,5.0,0.0,5.0,2,0,2,0.71,1.0,0.0,1.0,180,0,180,90.0,0.0,90.0,0.0,0.0,0.0,0.0,0.0,0.0,0.0,0.0,0.0,0.0,0.0,0.0,0.0,0.0,0.0,0.0,0.0,0.0,0.0,0,0,1.0,0.0,0.0,0.0,0.0,0.0,2.0,0.0,4.5
29,4.98,4.98,4.98,32,32,32,1.18,1.0,1.0,1.0,2880,2880,2880,90.0,90.0,90.0,0.0,0.0,4.5,5.1,4.0,4.0,4.5,5.5,4.0,7.5,5.0,5.5,7.0,4.0,3.0,6.0,6.0,4.0,5.5,4,10,4.0,0.0,0.0,0.0,0.0,0.0,55.0,13.0,6.5
30,4.9,0.0,4.9,5,0,5,0.89,0.4,0.0,0.4,307,0,307,61.4,0.0,61.4,0.0,0.0,0.0,5.166666666666667,0.0,0.0,0.0,0.0,0.0,6.0,4.0,5.5,0.0,0.0,0.0,0.0,0.0,0.0,0.0,0,3,0.0,0.0,0.0,0.0,0.0,0.0,7.0,2.0,4.0
31,4.88,4.86,4.94,12,11,16,1.23,1.0,1.0,1.0,1080,990,1433,90.0,90.0,89.56,0.0,0.0,4.625,4.65,4.0,6.0,4.0,4.5,4.5,5.0,4.5,3.0,7.0,4.0,7.0,0.0,0.0,0.0,0.0,4,10,1.0,0.0,0.0,0.0,0.0,0.0,24.0,6.0,0.0
32,4.75,0.0,4.75,2,0,2,1.77,1.0,0.0,1.0,180,0,180,90.0,0.0,90.0,0.0,0.0,0.0,3.5,0.0,0.0,0.0,0.0,3.5,0.0,0.0,0.0,0.0,0.0,0.0,0.0,0.0,0.0,0.0,0,1,0.0,0.0,0.0,0.0,0.0,0.0,3.0,2.0,0.0
33,4.55,0.0,4.55,11,0,11,1.19,0.91,0.0,0.91,945,0,945,85.91,0.0,85.91,0.0,0.0,0.0,0.0,0.0,0.0,0.0,0.0,0.0,0.0,0.0,0.0,0.0,0.0,0.0,0.0,0.0,4.0,4.5,0,0,2.0,0.0,0.0,0.0,0.0,0.0,22.0,9.0,0.0
34,0.0,0.0,0.0,0,0,0,0.0,0.0,0.0,0.0,0,0,0,0.0,0.0,0.0,0.0,0.0,0.0,0.0,0.0,0.0,0.0,0.0,0.0,0.0,0.0,0.0,0.0,0.0,0.0,0.0,0.0,0.0,0.0,0,0,0.0,0.0,0.0,0.0,0.0,0.0,0.0,0.0,0.0
35,0.0,0.0,0.0,0,0,0,0.0,0.0,0.0,0.0,0,0,0,0.0,0.0,0.0,0.0,0.0,0.0,0.0,0.0,0.0,0.0,0.0,0.0,0.0,0.0,0.0,0.0,0.0,0.0,0.0,0.0,0.0,0.0,0,0,0.0,0.0,0.0,0.0,0.0,0.0,0.0,0.0,0.0
36,0.0,0.0,0.0,0,0,0,0.0,0.0,0.0,0.0,0,0,0,0.0,0.0,0.0,0.0,0.0,0.0,0.0,0.0,0.0,0.0,0.0,0.0,0.0,0.0,0.0,0.0,0.0,0.0,0.0,0.0,0.0,0.0,0,0,0.0,0.0,0.0,0.0,0.0,0.0,0.0,0.0,0.0
37,0.0,0.0,0.0,0,0,0,0.0,0.0,0.0,0.0,0,0,0,0.0,0.0,0.0,0.0,0.0,0.0,0.0,0.0,0.0,0.0,0.0,0.0,0.0,0.0,0.0,0.0,0.0,0.0,0.0,0.0,0.0,0.0,0,0,0.0,0.0,0.0,0.0,0.0,0.0,0.0,0.0,0.0
38,0.0,0.0,0.0,0,0,0,0.0,0.0,0.0,0.0,0,0,0,0.0,0.0,0.0,0.0,0.0,0.0,0.0,0.0,0.0,0.0,0.0,0.0,0.0,0.0,0.0,0.0,0.0,0.0,0.0,0.0,0.0,0.0,0,0,0.0,0.0,0.0,0.0,0.0,0.0,0.0,0.0,0.0
39,0.0,0.0,3.75,0,0,2,0.0,0.0,0.0,1.0,0,0,180,0.0,0.0,90.0,0.0,0.0,0.0,0.0,0.0,0.0,0.0,0.0,0.0,0.0,0.0,0.0,0.0,0.0,0.0,0.0,0.0,0.0,0.0,0,0,0.0,0.0,0.0,0.0,0.0,0.0,0.0,0.0,0.0
40,0.0,0.0,0.0,0,0,0,0.0,0.0,0.0,0.0,0,0,0,0.0,0.0,0.0,0.0,0.0,0.0,0.0,0.0,0.0,0.0,0.0,0.0,0.0,0.0,0.0,0.0,0.0,0.0,0.0,0.0,0.0,0.0,0,0,0.0,0.0,0.0,0.0,0.0,0.0,0.0,0.0,0.0
41,0.0,0.0,5.0,0,0,3,0.0,0.0,0.0,1.0,0,0,270,0.0,0.0,90.0,0.0,0.0,0.0,0.0,0.0,0.0,0.0,0.0,0.0,0.0,0.0,0.0,0.0,0.0,0.0,0.0,0.0,0.0,0.0,0,0,0.0,0.0,0.0,0.0,0.0,0.0,0.0,0.0,0.0
42,0.0,0.0,0.0,0,0,0,0.0,0.0,0.0,0.0,0,0,0,0.0,0.0,0.0,0.0,0.0,0.0,0.0,0.0,0.0,0.0,0.0,0.0,0.0,0.0,0.0,0.0,0.0,0.0,0.0,0.0,0.0,0.0,0,0,0.0,0.0,0.0,0.0,0.0,0.0,0.0,0.0,0.0
43,0.0,0.0,0.0,0,0,0,0.0,0.0,0.0,0.0,0,0,0,0.0,0.0,0.0,0.0,0.0,0.0,0.0,0.0,0.0,0.0,0.0,0.0,0.0,0.0,0.0,0.0,0.0,0.0,0.0,0.0,0.0,0.0,0,0,0.0,0.0,0.0,0.0,0.0,0.0,0.0,0.0,0.0
44,0.0,0.0,0.0,0,0,0,0.0,0.0,0.0,0.0,0,0,0,0.0,0.0,0.0,0.0,0.0,0.0,0.0,0.0,0.0,0.0,0.0,0.0,0.0,0.0,0.0,0.0,0.0,0.0,0.0,0.0,0.0,0.0,0,0,0.0,0.0,0.0,0.0,0.0,0.0,0.0,0.0,0.0
45,0.0,0.0,5.0,0,0,8,0.0,0.0,0.0,1.0,0,0,720,0.0,0.0,90.0,0.0,0.0,0.0,0.0,0.0,0.0,0.0,0.0,0.0,0.0,0.0,0.0,0.0,0.0,0.0,0.0,0.0,0.0,0.0,0,0,0.0,0.0,0.0,0.0,0.0,0.0,0.0,0.0,0.0
46,0.0,0.0,0.0,0,0,0,0.0,0.0,0.0,0.0,0,0,0,0.0,0.0,0.0,0.0,0.0,0.0,0.0,0.0,0.0,0.0,0.0,0.0,0.0,0.0,0.0,0.0,0.0,0.0,0.0,0.0,0.0,0.0,0,0,0.0,0.0,0.0,0.0,0.0,0.0,0.0,0.0,0.0
47,0.0,0.0,0.0,0,0,0,0.0,0.0,0.0,0.0,0,0,0,0.0,0.0,0.0,0.0,0.0,0.0,0.0,0.0,0.0,0.0,0.0,0.0,0.0,0.0,0.0,0.0,0.0,0.0,0.0,0.0,0.0,0.0,0,0,0.0,0.0,0.0,0.0,0.0,0.0,0.0,0.0,0.0
48,0.0,0.0,0.0,0,0,0,0.0,0.0,0.0,0.0,0,0,0,0.0,0.0,0.0,0.0,0.0,0.0,0.0,0.0,0.0,0.0,0.0,0.0,0.0,0.0,0.0,0.0,0.0,0.0,0.0,0.0,0.0,0.0,0,0,0.0,0.0,0.0,0.0,0.0,0.0,0.0,0.0,0.0
49,0.0,0.0,0.0,0,0,0,0.0,0.0,0.0,0.0,0,0,0,0.0,0.0,0.0,0.0,0.0,0.0,0.0,0.0,0.0,0.0,0.0,0.0,0.0,0.0,0.0,0.0,0.0,0.0,0.0,0.0,0.0,0.0,0,0,0.0,0.0,0.0,0.0,0.0,0.0,0.0,0.0,0.0
50,0.0,0.0,0.0,0,0,0,0.0,0.0,0.0,0.0,0,0,0,0.0,0.0,0.0,0.0,0.0,0.0,0.0,0.0,0.0,0.0,0.0,0.0,0.0,0.0,0.0,0.0,0.0,0.0,0.0,0.0,0.0,0.0,0,0,0.0,0.0,0.0,0.0,0.0,0.0,0.0,0.0,0.0
51,0.0,0.0,0.0,0,0,0,0.0,0.0,0.0,0.0,0,0,0,0.0,0.0,0.0,0.0,0.0,0.0,0.0,0.0,0.0,0.0,0.0,0.0,0.0,0.0,0.0,0.0,0.0,0.0,0.0,0.0,0.0,0.0,0,0,0.0,0.0,0.0,0.0,0.0,0.0,0.0,0.0,0.0
52,0.0,0.0,0.0,0,0,0,0.0,0.0,0.0,0.0,0,0,0,0.0,0.0,0.0,0.0,0.0,0.0,0.0,0.0,0.0,0.0,0.0,0.0,0.0,0.0,0.0,0.0,0.0,0.0,0.0,0.0,0.0,0.0,0,0,0.0,0.0,0.0,0.0,0.0,0.0,0.0,0.0,0.0
53,0.0,0.0,0.0,0,0,0,0.0,0.0,0.0,0.0,0,0,0,0.0,0.0,0.0,0.0,0.0,0.0,0.0,0.0,0.0,0.0,0.0,0.0,0.0,0.0,0.0,0.0,0.0,0.0,0.0,0.0,0.0,0.0,0,0,0.0,0.0,0.0,0.0,0.0,0.0,0.0,0.0,0.0
54,0.0,0.0,0.0,0,0,0,0.0,0.0,0.0,0.0,0,0,0,0.0,0.0,0.0,0.0,0.0,0.0,0.0,0.0,0.0,0.0,0.0,0.0,0.0,0.0,0.0,0.0,0.0,0.0,0.0,0.0,0.0,0.0,0,0,0.0,0.0,0.0,0.0,0.0,0.0,0.0,0.0,0.0
55,0.0,0.0,0.0,0,0,0,0.0,0.0,0.0,0.0,0,0,0,0.0,0.0,0.0,0.0,0.0,0.0,0.0,0.0,0.0,0.0,0.0,0.0,0.0,0.0,0.0,0.0,0.0,0.0,0.0,0.0,0.0,0.0,0,0,0.0,0.0,0.0,0.0,0.0,0.0,0.0,0.0,0.0
56,0.0,0.0,0.0,0,0,0,0.0,0.0,0.0,0.0,0,0,0,0.0,0.0,0.0,0.0,0.0,0.0,0.0,0.0,0.0,0.0,0.0,0.0,0.0,0.0,0.0,0.0,0.0,0.0,0.0,0.0,0.0,0.0,0,0,0.0,0.0,0.0,0.0,0.0,0.0,0.0,0.0,0.0
57,6.31,6.31,5.63,13,13,23,1.18,1.0,1.0,1.0,1170,1170,2069,90.0,90.0,89.96,0.0,0.0,6.25,6.3,7.0,6.0,7.0,5.0,7.0,6.0,6.5,6.5,6.0,6.0,3.5,7.0,8.5,0.0,0.0,4,10,6.0,0.0,0.0,0.0,0.0,0.0,35.0,11.0,0.0
58,6.25,6.25,5.5,2,2,10,0.35,1.0,1.0,1.0,180,180,900,90.0,90.0,90.0,0.0,0.0,6.25,6.25,6.0,6.5,0.0,0.0,0.0,0.0,0.0,0.0,0.0,0.0,0.0,0.0,0.0,0.0,0.0,2,2,0.0,0.0,0.0,0.0,0.0,0.0,5.0,4.0,0.0
59,6.0,0.0,6.0,1,0,1,0.0,1.0,0.0,1.0,90,0,90,90.0,0.0,90.0,0.0,0.0,0.0,0.0,0.0,0.0,0.0,0.0,0.0,0.0,0.0,0.0,0.0,0.0,0.0,0.0,0.0,0.0,0.0,0,0,0.0,0.0,0.0,0.0,0.0,0.0,2.0,3.0,0.0
60,6.0,0.0,6.0,1,0,1,0.0,0.0,0.0,0.0,81,0,81,81.0,0.0,81.0,0.0,0.0,0.0,0.0,0.0,0.0,0.0,0.0,0.0,0.0,0.0,0.0,0.0,0.0,0.0,0.0,0.0,0.0,0.0,0,0,0.0,0.0,0.0,0.0,0.0,0.0,3.0,1.0,0.0
61,6.0,0.0,6.0,1,0,1,0.0,1.0,0.0,1.0,90,0,90,90.0,0.0,90.0,0.0,0.0,0.0,0.0,0.0,0.0,0.0,0.0,0.0,0.0,0.0,0.0,0.0,0.0,0.0,0.0,0.0,0.0,0.0,0,0,1.0,0.0,0.0,0.0,0.0,0.0,2.0,1.0,0.0
62,5.87,6.0,5.63,27,3,31,1.09,1.0,1.0,1.0,2430,270,2790,90.0,90.0,90.0,0.0,0.0,6.0,6.111111111111111,5.0,5.0,8.0,0.0,7.5,7.0,6.0,4.0,6.0,6.5,3.0,6.0,0.0,5.0,6.0,3,9,10.0,0.0,0.0,0.0,0.0,0.0,56.0,27.0,6.0
63,5.86,0.0,5.5,11,0,21,0.9,1.0,0.0,1.0,990,0,1890,90.0,0.0,90.0,0.0,0.0,6.0,6.125,0.0,0.0,6.0,6.0,6.0,6.0,7.0,6.0,6.0,6.0,7.0,4.5,4.0,0.0,0.0,2,8,5.0,0.0,0.0,0.0,0.0,0.0,24.0,9.0,0.0
64,5.8,5.8,5.8,25,25,25,1.0,1.0,1.0,1.0,2250,2250,2250,90.0,90.0,90.0,0.0,0.0,5.25,5.75,4.0,4.0,6.0,7.0,5.0,6.5,5.5,7.5,6.0,6.0,6.0,4.0,5.0,6.5,6.0,4,10,13.0,0.0,0.0,0.0,0.0,0.0,50.0,37.0,0.0
65,5.73,5.73,5.65,32,32,37,1.24,1.0,1.0,1.0,2880,2880,3330,90.0,90.0,90.0,0.0,0.0,6.0,5.6,5.5,6.5,8.0,4.0,4.0,5.0,4.0,8.0,5.5,5.5,6.0,5.5,6.0,6.0,5.5,4,10,12.0,0.0,0.0,0.0,0.0,0.0,62.0,40.0,5.0
66,5.66,5.66,5.66,32,32,32,0.73,1.0,1.0,1.0,2880,2880,2880,90.0,90.0,90.0,0.0,0.0,5.75,5.6,7.0,4.0,5.5,6.5,5.0,7.0,6.0,5.0,5.0,5.0,5.0,6.0,4.5,5.5,5.5,4,10,13.0,0.0,0.0,0.0,0.0,0.0,56.0,32.0,5.5
67,5.56,5.92,5.49,31,19,40,1.3,1.0,1.0,1.0,2789,1710,3599,89.97,90.0,89.98,0.0,0.0,5.375,5.65,5.0,4.5,7.0,5.0,7.0,6.0,6.0,5.0,4.0,7.0,6.0,4.0,6.0,7.0,7.0,4,10,9.0,0.0,0.0,0.0,0.0,0.0,72.0,42.0,5.75
68,5.52,5.52,5.43,26,26,34,0.95,1.0,1.0,1.0,2340,2340,3060,90.0,90.0,90.0,0.0,0.0,5.25,5.25,5.5,4.5,6.0,5.0,7.0,4.5,5.0,4.5,5.5,5.0,6.5,7.0,6.0,5.0,5.5,4,10,8.0,0.0,0.0,0.0,0.0,0.0,44.0,23.0,0.0
69,5.52,5.52,5.52,32,32,32,1.23,1.0,1.0,1.0,2880,2880,2880,90.0,90.0,90.0,0.0,0.0,5.875,5.4,6.0,6.0,6.5,5.0,6.5,2.0,6.0,6.0,5.0,5.0,4.0,7.0,5.5,5.0,5.0,4,10,8.0,0.0,0.0,0.0,0.0,0.0,68.0,32.0,5.5
70,5.5,5.63,5.59,30,24,40,1.16,1.0,1.0,1.0,2700,2160,3600,90.0,90.0,90.0,0.0,0.0,4.75,5.25,4.0,5.0,4.0,6.0,4.5,4.0,4.5,7.0,7.5,6.0,6.5,7.0,7.5,6.0,5.0,4,10,9.0,0.0,0.0,0.0,0.0,0.0,47.0,34.0,6.0
71,5.5,5.5,5.53,29,2,34,1.09,1.0,1.0,1.0,2565,180,3015,88.45,90.0,88.68,0.0,0.0,5.666666666666667,6.055555555555555,5.0,6.0,0.0,6.0,8.0,5.5,6.0,8.0,6.0,4.0,4.0,5.5,4.5,6.0,5.0,3,9,10.0,0.0,0.0,0.0,0.0,0.0,51.0,24.0,5.0
72,5.5,0.0,5.5,5,0,5,0.87,1.0,0.0,1.0,450,0,450,90.0,0.0,90.0,0.0,0.0,5.5,5.5,0.0,0.0,0.0,5.5,0.0,0.0,0.0,0.0,0.0,0.0,0.0,0.0,6.0,0.0,0.0,1,1,0.0,0.0,0.0,0.0,0.0,0.0,10.0,5.0,0.0
73,5.5,0.0,5.5,7,0,7,1.41,1.0,0.0,1.0,630,0,630,90.0,0.0,90.0,0.0,0.0,0.0,0.0,0.0,0.0,0.0,0.0,0.0,0.0,0.0,0.0,0.0,0.0,0.0,0.0,0.0,4.0,4.0,0,0,1.0,0.0,0.0,0.0,0.0,0.0,22.0,10.0,0.0
74,5.44,6.13,5.48,26,4,32,1.19,1.0,1.0,1.0,2277,360,2757,87.58,90.0,86.16,0.0,0.0,6.125,5.714285714285714,6.0,6.0,5.5,7.0,0.0,0.0,0.0,5.0,4.5,6.0,5.0,5.5,7.0,4.0,7.0,4,7,6.0,0.0,0.0,0.0,0.0,0.0,47.0,26.0,4.0
75,5.43,5.5,5.43,15,1,15,1.33,1.0,1.0,1.0,1273,90,1273,84.87,90.0,84.87,0.0,0.0,5.5,5.5,5.5,0.0,0.0,0.0,0.0,0.0,0.0,0.0,0.0,0.0,0.0,0.0,0.0,0.0,0.0,1,1,3.0,0.0,0.0,0.0,0.0,0.0,35.0,14.0,3.5
76,5.41,5.41,5.45,32,32,41,1.15,1.0,1.0,1.0,2880,2880,3690,90.0,90.0,90.0,0.0,0.0,4.625,4.75,4.0,5.5,4.0,5.0,5.5,6.0,4.5,4.0,4.0,5.0,6.5,4.5,4.5,5.0,5.0,4,10,8.0,0.0,0.0,0.0,0.0,0.0,60.0,51.0,6.0
77,5.38,5.38,5.44,32,32,40,1.12,1.0,1.0,1.0,2880,2880,3600,90.0,90.0,90.0,0.0,0.0,5.625,5.2,6.0,5.0,7.5,4.0,4.0,6.0,5.0,4.0,4.5,6.0,5.0,4.0,5.0,5.0,7.0,4,10,6.0,0.0,0.0,0.0,0.0,0.0,69.0,37.0,6.0
78,5.36,0.0,5.45,7,0,11,0.56,0.86,0.0,0.91,600,0,915,85.71,0.0,83.18,0.0,0.0,0.0,5.5,0.0,0.0,0.0,0.0,6.0,5.0,5.5,0.0,0.0,0.0,0.0,0.0,0.0,0.0,0.0,0,3,1.0,0.0,0.0,0.0,0.0,0.0,12.0,5.0,0.0
79,5.35,5.66,5.35,31,19,40,1.36,1.0,1.0,1.0,2790,1710,3600,90.0,90.0,90.0,0.0,0.0,6.375,5.35,6.0,7.5,6.5,5.5,5.0,4.5,7.0,3.0,4.0,4.5,5.0,8.0,6.0,6.0,6.5,4,10,6.0,0.0,0.0,0.0,0.0,0.0,78.0,34.0,4.75
80,5.33,0.0,5.33,18,0,18,1.28,0.94,0.0,0.94,1607,0,1607,89.28,0.0,89.28,0.0,0.0,4.5,5.277777777777778,0.0,4.0,5.5,4.0,4.0,6.5,7.0,4.0,6.5,6.0,7.0,4.0,6.0,3.0,4.5,3,9,5.0,0.0,0.0,0.0,0.0,0.0,43.0,18.0,6.0
81,5.31,5.31,5.32,32,32,41,1.18,1.0,1.0,1.0,2880,2880,3690,90.0,90.0,90.0,0.0,0.0,5.75,5.65,7.5,4.5,7.0,4.0,6.0,5.0,4.0,5.5,5.5,7.5,6.0,3.0,4.0,7.0,7.0,4,10,4.0,0.0,0.0,0.0,0.0,0.0,70.0,30.0,6.0
82,5.0,0.0,5.0,2,0,2,0.0,1.0,0.0,1.0,180,0,180,90.0,0.0,90.0,0.0,0.0,0.0,0.0,0.0,0.0,0.0,0.0,0.0,0.0,0.0,0.0,0.0,0.0,0.0,0.0,0.0,0.0,0.0,0,0,0.0,0.0,0.0,0.0,0.0,0.0,4.0,0.0,0.0
83,5.0,0.0,5.21,8,0,14,1.16,1.0,0.0,1.0,720,0,1260,90.0,0.0,90.0,0.0,0.0,0.0,0.0,0.0,0.0,0.0,0.0,0.0,0.0,0.0,0.0,0.0,0.0,0.0,0.0,0.0,0.0,0.0,0,0,1.0,0.0,0.0,0.0,0.0,0.0,17.0,9.0,0.0
84,4.9,0.0,4.9,5,0,5,1.85,0.8,0.0,0.8,407,0,407,81.4,0.0,81.4,0.0,0.0,0.0,0.0,0.0,0.0,0.0,0.0,0.0,0.0,0.0,0.0,0.0,0.0,0.0,0.0,0.0,0.0,0.0,0,0,0.0,0.0,0.0,0.0,0.0,0.0,10.0,4.0,0.0
85,4.88,5.0,4.82,24,17,33,1.35,1.0,1.0,1.0,2160,1530,2970,90.0,90.0,90.0,0.0,0.0,6.0,4.95,5.0,5.5,8.0,5.5,4.0,4.0,2.5,4.0,5.0,6.0,6.0,5.0,3.0,5.0,6.0,4,10,3.0,0.0,0.0,0.0,0.0,0.0,47.0,29.0,5.0
86,4.86,4.88,4.91,25,13,27,0.96,1.0,1.0,1.0,2250,1170,2430,90.0,90.0,90.0,0.0,0.0,5.25,5.05,7.0,4.5,4.0,5.5,4.0,4.5,5.0,6.0,6.0,4.0,4.0,3.0,6.0,0.0,0.0,4,10,0.0,0.0,0.0,0.0,0.0,0.0,49.0,30.0,5.0
87,4.82,0.0,4.59,19,0,22,1.45,1.0,0.0,1.0,1710,0,1980,90.0,0.0,90.0,0.0,0.0,0.0,0.0,0.0,0.0,0.0,0.0,0.0,0.0,0.0,0.0,0.0,0.0,0.0,0.0,0.0,5.0,2.5,0,0,2.0,0.0,0.0,0.0,0.0,0.0,31.0,24.0,0.0
88,4.81,4.45,4.9,29,11,35,1.19,1.0,1.0,1.0,2529,990,2991,87.21,90.0,85.46,0.0,0.0,4.875,4.5,6.0,4.5,3.5,5.5,4.0,4.0,4.0,6.5,4.0,3.0,4.0,0.0,0.0,2.0,4.5,4,10,3.0,0.0,0.0,0.0,0.0,0.0,40.0,27.0,3.5
89,4.75,0.0,4.75,2,0,2,1.06,0.5,0.0,0.5,135,0,135,67.5,0.0,67.5,0.0,0.0,0.0,0.0,0.0,0.0,0.0,0.0,0.0,0.0,0.0,0.0,0.0,0.0,0.0,0.0,0.0,0.0,0.0,0,0,0.0,0.0,0.0,0.0,0.0,0.0,2.0,3.0,0.0
90,4.38,0.0,5.15,4,0,10,1.55,0.75,0.0,0.9,315,0,855,78.75,0.0,85.5,0.0,0.0,3.0,3.0,0.0,0.0,3.0,0.0,0.0,0.0,0.0,0.0,0.0,0.0,0.0,0.0,0.0,0.0,0.0,1,1,0.0,0.0,0.0,0.0,0.0,0.0,2.0,2.0,0.0
91,4.17,0.0,4.67,3,0,6,1.26,1.0,0.0,0.83,270,0,528,90.0,0.0,88.0,0.0,0.0,0.0,0.0,0.0,0.0,0.0,0.0,0.0,0.0,0.0,0.0,0.0,0.0,0.0,5.5,4.0,0.0,0.0,0,0,0.0,0.0,0.0,0.0,0.0,0.0,0.0,1.0,0.0
92,0.0,0.0,5.88,0,0,4,0.0,0.0,0.0,1.0,0,0,289,0.0,0.0,72.25,0.0,0.0,0.0,0.0,0.0,0.0,0.0,0.0,0.0,0.0,0.0,0.0,0.0,0.0,0.0,0.0,0.0,0.0,0.0,0,0,0.0,0.0,0.0,0.0,0.0,0.0,0.0,0.0,0.0
93,0.0,0.0,5.5,0,0,7,0.0,0.0,0.0,1.0,0,0,630,0.0,0.0,90.0,0.0,0.0,0.0,0.0,0.0,0.0,0.0,0.0,0.0,0.0,0.0,0.0,0.0,0.0,0.0,0.0,0.0,0.0,0.0,0,0,0.0,0.0,0.0,0.0,0.0,0.0,0.0,0.0,5.5
94,0.0,0.0,0.0,0,0,0,0.0,0.0,0.0,0.0,0,0,0,0.0,0.0,0.0,0.0,0.0,0.0,0.0,0.0,0.0,0.0,0.0,0.0,0.0,0.0,0.0,0.0,0.0,0.0,0.0,0.0,0.0,0.0,0,0,0.0,0.0,0.0,0.0,0.0,0.0,0.0,0.0,0.0
95,0.0,0.0,0.0,1,0,1,0.0,0.0,0.0,0.0,80,0,80,80.0,0.0,80.0,0.0,0.0,0.0,0.0,0.0,0.0,0.0,0.0,0.0,0.0,0.0,0.0,0.0,0.0,0.0,0.0,0.0,0.0,0.0,0,0,0.0,0.0,0.0,0.0,0.0,0.0,0.0,0.0,0.0
96,0.0,0.0,0.0,0,0,0,0.0,0.0,0.0,0.0,0,0,0,0.0,0.0,0.0,0.0,0.0,0.0,0.0,0.0,0.0,0.0,0.0,0.0,0.0,0.0,0.0,0.0,0.0,0.0,0.0,0.0,0.0,0.0,0,0,0.0,0.0,0.0,0.0,0.0,0.0,0.0,0.0,0.0
97,0.0,0.0,5.55,0,0,20,0.0,0.0,0.0,1.0,0,0,1800,0.0,0.0,90.0,0.0,0.0,0.0,0.0,0.0,0.0,0.0,0.0,0.0,0.0,0.0,0.0,0.0,0.0,0.0,0.0,0.0,0.0,0.0,0,0,0.0,0.0,0.0,0.0,0.0,0.0,0.0,0.0,0.0
98,0.0,0.0,5.0,0,0,1,0.0,0.0,0.0,0.0,0,0,7,0.0,0.0,7.0,0.0,0.0,0.0,0.0,0.0,0.0,0.0,0.0,0.0,0.0,0.0,0.0,0.0,0.0,0.0,0.0,0.0,0.0,0.0,0,0,0.0,0.0,0.0,0.0,0.0,0.0,0.0,0.0,0.0
99,0.0,0.0,0.0,0,0,0,0.0,0.0,0.0,0.0,0,0,0,0.0,0.0,0.0,0.0,0.0,0.0,0.0,0.0,0.0,0.0,0.0,0.0,0.0,0.0,0.0,0.0,0.0,0.0,0.0,0.0,0.0,0.0,0,0,0.0,0.0,0.0,0.0,0.0,0.0,0.0,0.0,0.0
100,0.0,0.0,5.5,0,0,5,0.0,0.0,0.0,0.8,0,0,361,0.0,0.0,72.2,0.0,0.0,0.0,0.0,0.0,0.0,0.0,0.0,0.0,0.0,0.0,0.0,0.0,0.0,0.0,0.0,0.0,0.0,0.0,0,0,0.0,0.0,0.0,0.0,0.0,0.0,0.0,0.0,0.0
101,0.0,0.0,4.67,0,0,6,0.0,0.0,0.0,1.0,0,0,540,0.0,0.0,90.0,0.0,0.0,0.0,0.0,0.0,0.0,0.0,0.0,0.0,0.0,0.0,0.0,0.0,0.0,0.0,0.0,0.0,0.0,0.0,0,0,0.0,0.0,0.0,0.0,0.0,0.0,0.0,0.0,0.0
102,0.0,0.0,0.0,0,0,0,0.0,0.0,0.0,0.0,0,0,0,0.0,0.0,0.0,0.0,0.0,0.0,0.0,0.0,0.0,0.0,0.0,0.0,0.0,0.0,0.0,0.0,0.0,0.0,0.0,0.0,0.0,0.0,0,0,0.0,0.0,0.0,0.0,0.0,0.0,0.0,0.0,0.0
103,0.0,0.0,5.13,0,0,8,0.0,0.0,0.0,0.88,0,0,675,0.0,0.0,84.38,0.0,0.0,0.0,0.0,0.0,0.0,0.0,0.0,0.0,0.0,0.0,0.0,0.0,0.0,0.0,0.0,0.0,0.0,0.0,0,0,0.0,0.0,0.0,0.0,0.0,0.0,0.0,0.0,0.0
104,0.0,0.0,0.0,0,0,0,0.0,0.0,0.0,0.0,0,0,0,0.0,0.0,0.0,0.0,0.0,0.0,0.0,0.0,0.0,0.0,0.0,0.0,0.0,0.0,0.0,0.0,0.0,0.0,0.0,0.0,0.0,0.0,0,0,0.0,0.0,0.0,0.0,0.0,0.0,0.0,0.0,0.0
105,0.0,0.0,5.42,0,0,6,0.0,0.0,0.0,0.83,0,0,519,0.0,0.0,86.5,0.0,0.0,0.0,0.0,0.0,0.0,0.0,0.0,0.0,0.0,0.0,0.0,0.0,0.0,0.0,0.0,0.0,0.0,0.0,0,0,0.0,0.0,0.0,0.0,0.0,0.0,0.0,0.0,0.0
106,0.0,0.0,0.0,0,0,0,0.0,0.0,0.0,0.0,0,0,0,0.0,0.0,0.0,0.0,0.0,0.0,0.0,0.0,0.0,0.0,0.0,0.0,0.0,0.0,0.0,0.0,0.0,0.0,0.0,0.0,0.0,0.0,0,0,0.0,0.0,0.0,0.0,0.0,0.0,0.0,0.0,0.0
107,0.0,0.0,0.0,0,0,0,0.0,0.0,0.0,0.0,0,0,0,0.0,0.0,0.0,0.0,0.0,0.0,0.0,0.0,0.0,0.0,0.0,0.0,0.0,0.0,0.0,0.0,0.0,0.0,0.0,0.0,0.0,0.0,0,0,0.0,0.0,0.0,0.0,0.0,0.0,0.0,0.0,0.0
108,0.0,0.0,5.5,0,0,4,0.0,0.0,0.0,0.75,0,0,330,0.0,0.0,82.5,0.0,0.0,0.0,0.0,0.0,0.0,0.0,0.0,0.0,0.0,0.0,0.0,0.0,0.0,0.0,0.0,0.0,0.0,0.0,0,0,0.0,0.0,0.0,0.0,0.0,0.0,0.0,0.0,0.0
109,0.0,0.0,0.0,0,0,0,0.0,0.0,0.0,0.0,0,0,0,0.0,0.0,0.0,0.0,0.0,0.0,0.0,0.0,0.0,0.0,0.0,0.0,0.0,0.0,0.0,0.0,0.0,0.0,0.0,0.0,0.0,0.0,0,0,0.0,0.0,0.0,0.0,0.0,0.0,0.0,0.0,0.0
110,0.0,0.0,0.0,0,0,0,0.0,0.0,0.0,0.0,0,0,0,0.0,0.0,0.0,0.0,0.0,0.0,0.0,0.0,0.0,0.0,0.0,0.0,0.0,0.0,0.0,0.0,0.0,0.0,0.0,0.0,0.0,0.0,0,0,0.0,0.0,0.0,0.0,0.0,0.0,0.0,0.0,0.0
111,0.0,0.0,0.0,0,0,0,0.0,0.0,0.0,0.0,0,0,0,0.0,0.0,0.0,0.0,0.0,0.0,0.0,0.0,0.0,0.0,0.0,0.0,0.0,0.0,0.0,0.0,0.0,0.0,0.0,0.0,0.0,0.0,0,0,0.0,0.0,0.0,0.0,0.0,0.0,0.0,0.0,0.0
112,0.0,0.0,0.0,0,0,0,0.0,0.0,0.0,0.0,0,0,0,0.0,0.0,0.0,0.0,0.0,0.0,0.0,0.0,0.0,0.0,0.0,0.0,0.0,0.0,0.0,0.0,0.0,0.0,0.0,0.0,0.0,0.0,0,0,0.0,0.0,0.0,0.0,0.0,0.0,0.0,0.0,0.0
113,0.0,0.0,0.0,0,0,0,0.0,0.0,0.0,0.0,0,0,0,0.0,0.0,0.0,0.0,0.0,0.0,0.0,0.0,0.0,0.0,0.0,0.0,0.0,0.0,0.0,0.0,0.0,0.0,0.0,0.0,0.0,0.0,0,0,0.0,0.0,0.0,0.0,0.0,0.0,0.0,0.0,0.0
114,0.0,0.0,0.0,0,0,0,0.0,0.0,0.0,0.0,0,0,0,0.0,0.0,0.0,0.0,0.0,0.0,0.0,0.0,0.0,0.0,0.0,0.0,0.0,0.0,0.0,0.0,0.0,0.0,0.0,0.0,0.0,0.0,0,0,0.0,0.0,0.0,0.0,0.0,0.0,0.0,0.0,0.0
115,0.0,0.0,0.0,0,0,0,0.0,0.0,0.0,0.0,0,0,0,0.0,0.0,0.0,0.0,0.0,0.0,0.0,0.0,0.0,0.0,0.0,0.0,0.0,0.0,0.0,0.0,0.0,0.0,0.0,0.0,0.0,0.0,0,0,0.0,0.0,0.0,0.0,0.0,0.0,0.0,0.0,0.0
116,0.0,0.0,0.0,0,0,0,0.0,0.0,0.0,0.0,0,0,0,0.0,0.0,0.0,0.0,0.0,0.0,0.0,0.0,0.0,0.0,0.0,0.0,0.0,0.0,0.0,0.0,0.0,0.0,0.0,0.0,0.0,0.0,0,0,0.0,0.0,0.0,0.0,0.0,0.0,0.0,0.0,0.0
117,0.0,0.0,0.0,0,0,0,0.0,0.0,0.0,0.0,0,0,0,0.0,0.0,0.0,0.0,0.0,0.0,0.0,0.0,0.0,0.0,0.0,0.0,0.0,0.0,0.0,0.0,0.0,0.0,0.0,0.0,0.0,0.0,0,0,0.0,0.0,0.0,0.0,0.0,0.0,0.0,0.0,0.0
118,0.0,0.0,0.0,0,0,0,0.0,0.0,0.0,0.0,0,0,0,0.0,0.0,0.0,0.0,0.0,0.0,0.0,0.0,0.0,0.0,0.0,0.0,0.0,0.0,0.0,0.0,0.0,0.0,0.0,0.0,0.0,0.0,0,0,0.0,0.0,0.0,0.0,0.0,0.0,0.0,0.0,0.0
119,0.0,0.0,0.0,0,0,0,0.0,0.0,0.0,0.0,0,0,0,0.0,0.0,0.0,0.0,0.0,0.0,0.0,0.0,0.0,0.0,0.0,0.0,0.0,0.0,0.0,0.0,0.0,0.0,0.0,0.0,0.0,0.0,0,0,0.0,0.0,0.0,0.0,0.0,0.0,0.0,0.0,0.0
120,0.0,0.0,0.0,0,0,0,0.0,0.0,0.0,0.0,0,0,0,0.0,0.0,0.0,0.0,0.0,0.0,0.0,0.0,0.0,0.0,0.0,0.0,0.0,0.0,0.0,0.0,0.0,0.0,0.0,0.0,0.0,0.0,0,0,0.0,0.0,0.0,0.0,0.0,0.0,0.0,0.0,0.0
121,0.0,0.0,0.0,0,0,0,0.0,0.0,0.0,0.0,0,0,0,0.0,0.0,0.0,0.0,0.0,0.0,0.0,0.0,0.0,0.0,0.0,0.0,0.0,0.0,0.0,0.0,0.0,0.0,0.0,0.0,0.0,0.0,0,0,0.0,0.0,0.0,0.0,0.0,0.0,0.0,0.0,0.0
122,0.0,0.0,0.0,0,0,0,0.0,0.0,0.0,0.0,0,0,0,0.0,0.0,0.0,0.0,0.0,0.0,0.0,0.0,0.0,0.0,0.0,0.0,0.0,0.0,0.0,0.0,0.0,0.0,0.0,0.0,0.0,0.0,0,0,0.0,0.0,0.0,0.0,0.0,0.0,0.0,0.0,0.0
123,0.0,0.0,0.0,0,0,0,0.0,0.0,0.0,0.0,0,0,0,0.0,0.0,0.0,0.0,0.0,0.0,0.0,0.0,0.0,0.0,0.0,0.0,0.0,0.0,0.0,0.0,0.0,0.0,0.0,0.0,0.0,0.0,0,0,0.0,0.0,0.0,0.0,0.0,0.0,0.0,0.0,0.0
124,0.0,0.0,0.0,0,0,0,0.0,0.0,0.0,0.0,0,0,0,0.0,0.0,0.0,0.0,0.0,0.0,0.0,0.0,0.0,0.0,0.0,0.0,0.0,0.0,0.0,0.0,0.0,0.0,0.0,0.0,0.0,0.0,0,0,0.0,0.0,0.0,0.0,0.0,0.0,0.0,0.0,0.0
125,0.0,0.0,0.0,0,0,0,0.0,0.0,0.0,0.0,0,0,0,0.0,0.0,0.0,0.0,0.0,0.0,0.0,0.0,0.0,0.0,0.0,0.0,0.0,0.0,0.0,0.0,0.0,0.0,0.0,0.0,0.0,0.0,0,0,0.0,0.0,0.0,0.0,0.0,0.0,0.0,0.0,0.0
126,0.0,0.0,0.0,0,0,0,0.0,0.0,0.0,0.0,0,0,0,0.0,0.0,0.0,0.0,0.0,0.0,0.0,0.0,0.0,0.0,0.0,0.0,0.0,0.0,0.0,0.0,0.0,0.0,0.0,0.0,0.0,0.0,0,0,0.0,0.0,0.0,0.0,0.0,0.0,0.0,0.0,0.0
127,6.03,6.5,6.03,20,3,20,0.97,1.0,1.0,1.0,1788,270,1788,89.4,90.0,89.4,0.0,0.0,6.5,6.5,7.5,7.0,5.0,0.0,0.0,0.0,0.0,0.0,6.0,7.0,7.0,6.0,5.0,7.0,5.5,3,5,6.0,0.0,0.0,0.0,0.0,0.0,50.0,28.0,6.0
128,6.0,0.0,6.0,1,0,1,0.0,0.0,0.0,0.0,12,0,12,12.0,0.0,12.0,0.0,0.0,0.0,6.0,0.0,0.0,0.0,0.0,0.0,0.0,0.0,0.0,6.0,0.0,0.0,0.0,0.0,0.0,0.0,0,1,0.0,0.0,0.0,0.0,0.0,0.0,2.0,1.0,0.0
129,5.81,5.88,5.83,8,4,9,0.46,0.75,1.0,0.78,638,360,728,79.75,90.0,80.89,0.0,0.0,5.875,5.9,6.0,6.0,5.0,6.5,0.0,6.0,0.0,0.0,0.0,0.0,0.0,0.0,0.0,0.0,0.0,4,5,2.0,0.0,0.0,0.0,0.0,0.0,15.0,11.0,5.75
130,5.81,7.0,5.81,26,1,35,1.41,1.0,1.0,1.0,2340,90,3150,90.0,90.0,90.0,0.0,0.0,7.0,6.25,7.0,0.0,0.0,0.0,0.0,7.5,6.0,6.5,4.5,6.0,4.0,6.0,7.5,6.0,6.5,1,6,10.0,0.0,0.0,0.0,0.0,0.0,71.0,35.0,4.0
131,5.75,6.0,5.74,24,9,31,0.66,1.0,1.0,1.0,2160,810,2790,90.0,90.0,90.0,0.0,0.0,5.875,6.0,6.0,6.0,5.5,6.0,7.0,5.5,6.5,5.0,6.5,0.0,0.0,6.0,6.5,5.5,5.0,4,9,9.0,0.0,0.0,0.0,0.0,0.0,37.0,29.0,5.0
132,5.75,0.0,5.68,6,0,11,0.88,1.0,0.0,1.0,540,0,917,90.0,0.0,83.36,0.0,0.0,0.0,5.666666666666667,0.0,0.0,0.0,0.0,0.0,0.0,7.0,5.0,5.0,0.0,0.0,0.0,5.0,0.0,0.0,0,3,2.0,0.0,0.0,0.0,0.0,0.0,11.0,4.0,6.0
133,5.75,0.0,5.75,4,0,4,1.26,1.0,0.0,1.0,360,0,360,90.0,0.0,90.0,0.0,0.0,5.666666666666667,5.75,0.0,7.0,6.0,4.0,6.0,0.0,0.0,0.0,0.0,0.0,0.0,0.0,0.0,0.0,0.0,3,4,1.0,0.0,0.0,0.0,0.0,0.0,12.0,6.0,0.0
134,5.73,5.73,5.67,30,30,39,0.75,1.0,1.0,1.0,2700,2700,3510,90.0,90.0,90.0,0.0,0.0,5.875,5.85,7.0,5.5,5.0,6.0,5.5,7.0,5.0,5.0,6.5,6.0,6.0,6.0,6.0,5.0,6.0,4,10,23.0,0.0,0.0,0.0,0.0,0.0,44.0,15.0,5.0
135,5.63,0.0,5.63,4,0,4,0.48,0.5,0.0,0.5,206,0,206,51.5,0.0,51.5,0.0,0.0,0.0,0.0,0.0,0.0,0.0,0.0,0.0,0.0,0.0,0.0,0.0,0.0,0.0,0.0,0.0,0.0,0.0,0,0,0.0,0.0,0.0,0.0,0.0,0.0,5.0,2.0,0.0
136,5.6,5.6,5.59,30,30,39,1.48,1.0,1.0,1.0,2700,2700,3510,90.0,90.0,90.0,0.0,0.0,5.625,5.95,4.0,6.5,6.0,6.0,7.0,5.0,5.5,5.5,7.0,7.0,6.0,5.0,6.0,4.0,5.0,4,10,10.0,0.0,0.0,0.0,0.0,0.0,53.0,43.0,5.0
137,5.59,0.0,5.59,16,0,16,1.0,1.0,0.0,1.0,1440,0,1440,90.0,0.0,90.0,0.0,0.0,4.5,5.25,0.0,4.5,4.5,0.0,4.0,0.0,5.5,6.5,0.0,6.5,6.0,6.0,5.5,6.0,7.0,2,6,6.0,0.0,0.0,0.0,0.0,0.0,26.0,14.0,0.0
138,5.56,5.25,5.64,24,6,29,1.18,1.0,1.0,0.97,2160,540,2593,90.0,90.0,89.41,0.0,0.0,5.0,5.5,4.0,5.5,4.0,6.5,6.0,5.5,0.0,0.0,0.0,7.0,3.5,6.0,0.0,4.0,5.5,4,7,8.0,0.0,0.0,0.0,0.0,0.0,47.0,20.0,8.0
139,5.55,5.55,5.53,30,30,39,0.89,1.0,1.0,1.0,2700,2700,3510,90.0,90.0,90.0,0.0,0.0,5.0,5.4,5.0,4.0,6.5,4.5,6.0,5.0,5.5,6.0,6.0,5.5,5.0,7.0,6.5,5.0,6.0,4,10,11.0,0.0,0.0,0.0,0.0,0.0,52.0,27.0,5.0
140,5.5,5.53,5.47,28,20,37,0.85,1.0,1.0,1.0,2494,1800,3304,89.07,90.0,89.3,0.0,0.0,5.375,5.8,5.5,4.5,5.5,6.0,5.5,7.0,4.5,6.5,6.5,6.5,4.5,7.0,5.5,5.0,4.5,4,10,11.0,0.0,0.0,0.0,0.0,0.0,29.0,30.0,5.25
141,5.5,0.0,5.5,6,0,6,0.55,0.83,0.0,0.83,495,0,495,82.5,0.0,82.5,0.0,0.0,5.5,5.5,0.0,0.0,0.0,5.5,5.5,4.5,6.0,5.5,6.0,0.0,0.0,0.0,0.0,0.0,0.0,1,6,2.0,0.0,0.0,0.0,0.0,0.0,8.0,3.0,0.0
142,5.45,5.32,5.45,29,19,29,1.33,1.0,1.0,1.0,2565,1665,2565,88.45,87.63,88.45,0.0,0.0,5.0,4.8,3.5,6.0,6.0,4.5,5.5,4.5,5.5,6.0,2.0,4.5,6.0,5.5,5.5,6.5,4.0,4,10,2.0,0.0,0.0,0.0,0.0,0.0,76.0,30.0,6.0
143,5.43,5.43,5.43,20,20,20,1.23,1.0,1.0,1.0,1800,1800,1800,90.0,90.0,90.0,0.0,0.0,6.25,5.15,6.0,7.0,7.0,5.0,4.0,5.5,4.5,3.5,5.0,4.0,7.0,4.5,8.0,5.0,4.5,4,10,3.0,0.0,0.0,0.0,0.0,0.0,31.0,27.0,6.5
144,5.42,0.0,5.63,6,0,8,0.86,1.0,0.0,1.0,540,0,720,90.0,0.0,90.0,0.0,0.0,0.0,5.0,0.0,0.0,0.0,0.0,0.0,0.0,0.0,0.0,0.0,5.0,4.5,0.0,0.0,0.0,0.0,0,1,3.0,0.0,0.0,0.0,0.0,0.0,6.0,5.0,0.0
145,5.42,5.42,5.51,30,30,39,1.15,1.0,1.0,1.0,2700,2700,3510,90.0,90.0,90.0,0.0,0.0,5.5,5.1,5.0,7.0,4.0,6.0,5.0,5.0,6.5,3.0,5.0,4.5,7.0,4.5,6.5,5.5,6.0,4,10,10.0,0.0,0.0,0.0,0.0,0.0,41.0,29.0,7.0
146,5.39,5.5,5.43,14,1,22,0.81,1.0,1.0,1.0,1191,90,1911,85.07,90.0,86.86,0.0,0.0,5.75,5.75,5.5,0.0,0.0,6.0,0.0,7.0,0.0,0.0,4.5,0.0,0.0,0.0,0.0,0.0,0.0,2,4,3.0,0.0,0.0,0.0,0.0,0.0,25.0,12.0,6.0
147,5.37,5.18,5.37,15,11,15,1.06,1.0,1.0,1.0,1350,990,1350,90.0,90.0,90.0,0.0,0.0,5.625,5.25,4.5,6.0,5.5,6.5,6.0,4.0,6.0,5.5,2.5,6.0,4.5,0.0,6.0,6.0,5.5,4,10,4.0,0.0,0.0,0.0,0.0,0.0,28.0,12.0,0.0
148,5.36,5.36,5.36,11,11,11,0.95,1.0,1.0,1.0,990,990,990,90.0,90.0,90.0,0.0,0.0,4.375,5.3,5.0,4.5,4.0,4.0,5.5,6.0,7.0,6.0,6.0,5.0,6.0,0.0,0.0,0.0,0.0,4,10,3.0,0.0,0.0,0.0,0.0,0.0,19.0,6.0,0.0
149,5.32,5.32,5.36,30,30,36,1.04,1.0,1.0,1.0,2700,2700,3240,90.0,90.0,90.0,0.0,0.0,4.5,4.9,6.0,4.0,3.0,5.0,4.0,6.0,4.0,7.0,6.0,4.0,7.0,6.0,4.0,6.0,5.0,4,10,6.0,0.0,0.0,0.0,0.0,0.0,53.0,30.0,6.0
150,5.3,5.22,5.22,10,9,18,1.09,1.0,1.0,1.0,900,810,1620,90.0,90.0,90.0,0.0,0.0,5.25,5.222222222222222,6.0,4.0,6.0,5.0,3.5,4.5,5.0,6.0,7.0,0.0,0.0,0.0,0.0,0.0,0.0,4,9,2.0,0.0,0.0,0.0,0.0,0.0,23.0,10.0,0.0
151,5.26,5.5,5.31,25,3,34,1.06,1.0,1.0,1.0,2205,270,3015,88.2,90.0,88.68,0.0,0.0,5.5,5.5,6.0,6.5,4.0,0.0,0.0,0.0,0.0,4.0,0.0,7.0,5.5,5.5,4.0,4.0,5.5,3,5,9.0,0.0,0.0,0.0,0.0,0.0,38.0,20.0,5.25
152,5.24,5.36,5.29,29,22,38,1.09,1.0,1.0,1.0,2610,1980,3420,90.0,90.0,90.0,0.0,0.0,4.875,4.9,4.0,6.0,4.0,5.5,5.0,4.0,6.5,5.5,4.5,4.0,7.0,6.5,5.0,6.5,4.0,4,10,9.0,0.0,0.0,0.0,0.0,0.0,48.0,27.0,7.0
153,5.21,4.0,5.21,29,1,36,1.18,1.0,1.0,1.0,2610,90,3240,90.0,90.0,90.0,0.0,0.0,4.166666666666667,5.166666666666667,4.0,0.0,5.5,3.0,5.0,4.0,6.5,7.5,5.0,6.0,5.5,4.0,5.5,5.0,6.0,3,9,1.0,0.0,0.0,0.0,0.0,0.0,74.0,36.0,6.0
154,5.17,0.0,5.27,24,0,32,1.19,1.0,0.0,1.0,2062,0,2782,85.92,0.0,86.94,0.0,0.0,0.0,4.416666666666667,0.0,0.0,0.0,0.0,4.0,4.5,2.0,4.0,6.0,6.0,4.5,6.0,5.5,6.0,5.0,0,6,4.0,0.0,0.0,0.0,0.0,0.0,44.0,22.0,0.0
155,5.14,0.0,5.14,11,0,11,1.03,1.0,0.0,1.0,990,0,990,90.0,0.0,90.0,0.0,0.0,0.0,4.0,0.0,0.0,0.0,0.0,0.0,0.0,0.0,0.0,0.0,4.0,5.5,4.5,6.5,5.0,5.0,0,1,2.0,0.0,0.0,0.0,0.0,0.0,19.0,14.0,0.0
156,5.13,0.0,5.13,19,0,19,1.16,1.0,0.0,1.0,1710,0,1710,90.0,0.0,90.0,0.0,0.0,0.0,0.0,0.0,0.0,0.0,0.0,0.0,0.0,0.0,0.0,0.0,0.0,0.0,6.0,5.0,4.5,7.0,0,0,6.0,0.0,0.0,0.0,0.0,0.0,31.0,13.0,7.0
157,5.0,0.0,5.0,1,0,1,0.0,1.0,0.0,1.0,90,0,90,90.0,0.0,90.0,0.0,0.0,0.0,0.0,0.0,0.0,0.0,0.0,0.0,0.0,0.0,0.0,0.0,0.0,0.0,5.0,0.0,0.0,0.0,0,0,0.0,0.0,0.0,0.0,0.0,0.0,1.0,1.0,0.0
158,5.0,0.0,5.0,1,0,1,0.0,0.0,0.0,0.0,45,0,45,45.0,0.0,45.0,0.0,0.0,0.0,5.0,0.0,0.0,0.0,0.0,0.0,0.0,5.0,0.0,0.0,0.0,0.0,0.0,0.0,0.0,0.0,0,1,0.0,0.0,0.0,0.0,0.0,0.0,3.0,0.0,0.0
159,4.9,0.0,4.9,10,0,10,1.05,1.0,0.0,1.0,900,0,900,90.0,0.0,90.0,0.0,0.0,0.0,0.0,0.0,0.0,0.0,0.0,0.0,0.0,0.0,0.0,0.0,0.0,0.0,0.0,0.0,0.0,0.0,0,0,0.0,0.0,0.0,0.0,0.0,0.0,17.0,8.0,0.0
160,4.6,0.0,4.71,10,0,12,1.41,1.0,0.0,1.0,900,0,1080,90.0,0.0,90.0,0.0,0.0,5.0,4.9,0.0,0.0,0.0,5.0,4.0,7.5,5.0,3.0,0.0,0.0,0.0,0.0,0.0,0.0,0.0,1,5,1.0,0.0,0.0,0.0,0.0,0.0,26.0,4.0,0.0
161,4.5,0.0,4.5,1,0,1,0.0,1.0,0.0,1.0,90,0,90,90.0,0.0,90.0,0.0,0.0,4.5,4.5,0.0,4.5,0.0,0.0,0.0,0.0,0.0,0.0,0.0,0.0,0.0,0.0,0.0,0.0,0.0,1,1,0.0,0.0,0.0,0.0,0.0,0.0,0.0,2.0,0.0
162,2.5,0.0,5.17,1,0,9,0.0,1.0,0.0,1.0,90,0,810,90.0,0.0,90.0,0.0,0.0,0.0,0.0,0.0,0.0,0.0,0.0,0.0,0.0,0.0,0.0,0.0,0.0,0.0,0.0,0.0,0.0,0.0,0,0,0.0,0.0,0.0,0.0,0.0,0.0,0.0,1.0,0.0
163,0.0,0.0,6.5,0,0,1,0.0,0.0,0.0,1.0,0,0,90,0.0,0.0,90.0,0.0,0.0,0.0,0.0,0.0,0.0,0.0,0.0,0.0,0.0,0.0,0.0,0.0,0.0,0.0,0.0,0.0,0.0,0.0,0,0,0.0,0.0,0.0,0.0,0.0,0.0,0.0,0.0,0.0
164,0.0,0.0,0.0,0,0,0,0.0,0.0,0.0,0.0,0,0,0,0.0,0.0,0.0,0.0,0.0,0.0,0.0,0.0,0.0,0.0,0.0,0.0,0.0,0.0,0.0,0.0,0.0,0.0,0.0,0.0,0.0,0.0,0,0,0.0,0.0,0.0,0.0,0.0,0.0,0.0,0.0,0.0
165,0.0,0.0,5.25,0,0,2,0.0,0.0,0.0,1.0,0,0,180,0.0,0.0,90.0,0.0,0.0,0.0,0.0,0.0,0.0,0.0,0.0,0.0,0.0,0.0,0.0,0.0,0.0,0.0,0.0,0.0,0.0,0.0,0,0,0.0,0.0,0.0,0.0,0.0,0.0,0.0,0.0,0.0
166,0.0,0.0,0.0,0,0,0,0.0,0.0,0.0,0.0,0,0,0,0.0,0.0,0.0,0.0,0.0,0.0,0.0,0.0,0.0,0.0,0.0,0.0,0.0,0.0,0.0,0.0,0.0,0.0,0.0,0.0,0.0,0.0,0,0,0.0,0.0,0.0,0.0,0.0,0.0,0.0,0.0,0.0
167,0.0,0.0,0.0,0,0,0,0.0,0.0,0.0,0.0,0,0,0,0.0,0.0,0.0,0.0,0.0,0.0,0.0,0.0,0.0,0.0,0.0,0.0,0.0,0.0,0.0,0.0,0.0,0.0,0.0,0.0,0.0,0.0,0,0,0.0,0.0,0.0,0.0,0.0,0.0,0.0,0.0,0.0
168,0.0,0.0,0.0,0,0,0,0.0,0.0,0.0,0.0,0,0,0,0.0,0.0,0.0,0.0,0.0,0.0,0.0,0.0,0.0,0.0,0.0,0.0,0.0,0.0,0.0,0.0,0.0,0.0,0.0,0.0,0.0,0.0,0,0,0.0,0.0,0.0,0.0,0.0,0.0,0.0,0.0,0.0
169,0.0,0.0,0.0,0,0,0,0.0,0.0,0.0,0.0,0,0,0,0.0,0.0,0.0,0.0,0.0,0.0,0.0,0.0,0.0,0.0,0.0,0.0,0.0,0.0,0.0,0.0,0.0,0.0,0.0,0.0,0.0,0.0,0,0,0.0,0.0,0.0,0.0,0.0,0.0,0.0,0.0,0.0
170,0.0,0.0,0.0,0,0,0,0.0,0.0,0.0,0.0,0,0,0,0.0,0.0,0.0,0.0,0.0,0.0,0.0,0.0,0.0,0.0,0.0,0.0,0.0,0.0,0.0,0.0,0.0,0.0,0.0,0.0,0.0,0.0,0,0,0.0,0.0,0.0,0.0,0.0,0.0,0.0,0.0,0.0
171,0.0,0.0,0.0,0,0,0,0.0,0.0,0.0,0.0,0,0,0,0.0,0.0,0.0,0.0,0.0,0.0,0.0,0.0,0.0,0.0,0.0,0.0,0.0,0.0,0.0,0.0,0.0,0.0,0.0,0.0,0.0,0.0,0,0,0.0,0.0,0.0,0.0,0.0,0.0,0.0,0.0,0.0
172,0.0,0.0,0.0,0,0,0,0.0,0.0,0.0,0.0,0,0,0,0.0,0.0,0.0,0.0,0.0,0.0,0.0,0.0,0.0,0.0,0.0,0.0,0.0,0.0,0.0,0.0,0.0,0.0,0.0,0.0,0.0,0.0,0,0,0.0,0.0,0.0,0.0,0.0,0.0,0.0,0.0,0.0
173,0.0,0.0,0.0,0,0,0,0.0,0.0,0.0,0.0,0,0,0,0.0,0.0,0.0,0.0,0.0,0.0,0.0,0.0,0.0,0.0,0.0,0.0,0.0,0.0,0.0,0.0,0.0,0.0,0.0,0.0,0.0,0.0,0,0,0.0,0.0,0.0,0.0,0.0,0.0,0.0,0.0,0.0
174,0.0,0.0,0.0,0,0,0,0.0,0.0,0.0,0.0,0,0,0,0.0,0.0,0.0,0.0,0.0,0.0,0.0,0.0,0.0,0.0,0.0,0.0,0.0,0.0,0.0,0.0,0.0,0.0,0.0,0.0,0.0,0.0,0,0,0.0,0.0,0.0,0.0,0.0,0.0,0.0,0.0,0.0
175,0.0,0.0,0.0,0,0,0,0.0,0.0,0.0,0.0,0,0,0,0.0,0.0,0.0,0.0,0.0,0.0,0.0,0.0,0.0,0.0,0.0,0.0,0.0,0.0,0.0,0.0,0.0,0.0,0.0,0.0,0.0,0.0,0,0,0.0,0.0,0.0,0.0,0.0,0.0,0.0,0.0,0.0
176,0.0,0.0,0.0,0,0,0,0.0,0.0,0.0,0.0,0,0,0,0.0,0.0,0.0,0.0,0.0,0.0,0.0,0.0,0.0,0.0,0.0,0.0,0.0,0.0,0.0,0.0,0.0,0.0,0.0,0.0,0.0,0.0,0,0,0.0,0.0,0.0,0.0,0.0,0.0,0.0,0.0,0.0
177,0.0,0.0,0.0,0,0,0,0.0,0.0,0.0,0.0,0,0,0,0.0,0.0,0.0,0.0,0.0,0.0,0.0,0.0,0.0,0.0,0.0,0.0,0.0,0.0,0.0,0.0,0.0,0.0,0.0,0.0,0.0,0.0,0,0,0.0,0.0,0.0,0.0,0.0,0.0,0.0,0.0,0.0
178,0.0,0.0,0.0,0,0,0,0.0,0.0,0.0,0.0,0,0,0,0.0,0.0,0.0,0.0,0.0,0.0,0.0,0.0,0.0,0.0,0.0,0.0,0.0,0.0,0.0,0.0,0.0,0.0,0.0,0.0,0.0,0.0,0,0,0.0,0.0,0.0,0.0,0.0,0.0,0.0,0.0,0.0
179,0.0,0.0,0.0,0,0,0,0.0,0.0,0.0,0.0,0,0,0,0.0,0.0,0.0,0.0,0.0,0.0,0.0,0.0,0.0,0.0,0.0,0.0,0.0,0.0,0.0,0.0,0.0,0.0,0.0,0.0,0.0,0.0,0,0,0.0,0.0,0.0,0.0,0.0,0.0,0.0,0.0,0.0
180,0.0,0.0,0.0,0,0,0,0.0,0.0,0.0,0.0,0,0,0,0.0,0.0,0.0,0.0,0.0,0.0,0.0,0.0,0.0,0.0,0.0,0.0,0.0,0.0,0.0,0.0,0.0,0.0,0.0,0.0,0.0,0.0,0,0,0.0,0.0,0.0,0.0,0.0,0.0,0.0,0.0,0.0
181,0.0,0.0,0.0,0,0,0,0.0,0.0,0.0,0.0,0,0,0,0.0,0.0,0.0,0.0,0.0,0.0,0.0,0.0,0.0,0.0,0.0,0.0,0.0,0.0,0.0,0.0,0.0,0.0,0.0,0.0,0.0,0.0,0,0,0.0,0.0,0.0,0.0,0.0,0.0,0.0,0.0,0.0
182,0.0,0.0,0.0,0,0,0,0.0,0.0,0.0,0.0,0,0,0,0.0,0.0,0.0,0.0,0.0,0.0,0.0,0.0,0.0,0.0,0.0,0.0,0.0,0.0,0.0,0.0,0.0,0.0,0.0,0.0,0.0,0.0,0,0,0.0,0.0,0.0,0.0,0.0,0.0,0.0,0.0,0.0
183,0.0,0.0,0.0,0,0,0,0.0,0.0,0.0,0.0,0,0,0,0.0,0.0,0.0,0.0,0.0,0.0,0.0,0.0,0.0,0.0,0.0,0.0,0.0,0.0,0.0,0.0,0.0,0.0,0.0,0.0,0.0,0.0,0,0,0.0,0.0,0.0,0.0,0.0,0.0,0.0,0.0,0.0
184,0.0,0.0,0.0,0,0,0,0.0,0.0,0.0,0.0,0,0,0,0.0,0.0,0.0,0.0,0.0,0.0,0.0,0.0,0.0,0.0,0.0,0.0,0.0,0.0,0.0,0.0,0.0,0.0,0.0,0.0,0.0,0.0,0,0,0.0,0.0,0.0,0.0,0.0,0.0,0.0,0.0,0.0
185,0.0,0.0,0.0,0,0,0,0.0,0.0,0.0,0.0,0,0,0,0.0,0.0,0.0,0.0,0.0,0.0,0.0,0.0,0.0,0.0,0.0,0.0,0.0,0.0,0.0,0.0,0.0,0.0,0.0,0.0,0.0,0.0,0,0,0.0,0.0,0.0,0.0,0.0,0.0,0.0,0.0,0.0
186,0.0,0.0,0.0,0,0,0,0.0,0.0,0.0,0.0,0,0,0,0.0,0.0,0.0,0.0,0.0,0.0,0.0,0.0,0.0,0.0,0.0,0.0,0.0,0.0,0.0,0.0,0.0,0.0,0.0,0.0,0.0,0.0,0,0,0.0,0.0,0.0,0.0,0.0,0.0,0.0,0.0,0.0
187,0.0,0.0,0.0,0,0,0,0.0,0.0,0.0,0.0,0,0,0,0.0,0.0,0.0,0.0,0.0,0.0,0.0,0.0,0.0,0.0,0.0,0.0,0.0,0.0,0.0,0.0,0.0,0.0,0.0,0.0,0.0,0.0,0,0,0.0,0.0,0.0,0.0,0.0,0.0,0.0,0.0,0.0
188,0.0,0.0,0.0,0,0,0,0.0,0.0,0.0,0.0,0,0,0,0.0,0.0,0.0,0.0,0.0,0.0,0.0,0.0,0.0,0.0,0.0,0.0,0.0,0.0,0.0,0.0,0.0,0.0,0.0,0.0,0.0,0.0,0,0,0.0,0.0,0.0,0.0,0.0,0.0,0.0,0.0,0.0
189,6.5,0.0,5.19,1,0,8,0.0,1.0,0.0,1.0,90,0,720,90.0,0.0,90.0,0.0,0.0,0.0,6.5,0.0,0.0,0.0,0.0,0.0,6.5,0.0,0.0,0.0,0.0,0.0,0.0,0.0,0.0,0.0,0,1,1.0,0.0,0.0,0.0,0.0,0.0,4.0,1.0,0.0
190,6.5,0.0,5.83,1,0,3,0.0,1.0,0.0,1.0,90,0,268,90.0,0.0,89.33,0.0,0.0,6.5,6.5,0.0,0.0,0.0,6.5,0.0,0.0,0.0,0.0,0.0,0.0,0.0,0.0,0.0,0.0,0.0,1,1,1.0,0.0,0.0,0.0,0.0,0.0,1.0,3.0,0.0
191,6.5,0.0,6.5,1,0,1,0.0,1.0,0.0,1.0,90,0,90,90.0,0.0,90.0,0.0,0.0,0.0,6.5,0.0,0.0,0.0,0.0,0.0,0.0,6.5,0.0,0.0,0.0,0.0,0.0,0.0,0.0,0.0,0,1,1.0,0.0,0.0,0.0,0.0,0.0,2.0,2.0,0.0
192,6.0,6.0,5.8,4,4,5,1.63,1.0,1.0,0.8,360,360,364,90.0,90.0,72.8,0.0,0.0,6.0,6.0,6.0,8.0,4.0,6.0,0.0,0.0,0.0,0.0,0.0,0.0,0.0,0.0,0.0,0.0,0.0,4,4,0.0,0.0,0.0,0.0,0.0,0.0,15.0,8.0,5.0
193,5.9,0.0,5.79,10,0,12,1.17,0.9,0.0,0.92,857,0,992,85.7,0.0,82.67,0.0,0.0,5.5,6.0,0.0,5.5,0.0,0.0,0.0,4.5,0.0,0.0,8.0,0.0,0.0,0.0,0.0,0.0,0.0,1,3,4.0,0.0,0.0,0.0,0.0,0.0,15.0,16.0,0.0
194,5.88,0.0,5.88,4,0,4,0.25,1.0,0.0,1.0,360,0,360,90.0,0.0,90.0,0.0,0.0,0.0,6.0,0.0,0.0,0.0,0.0,0.0,6.0,0.0,0.0,0.0,0.0,0.0,0.0,0.0,0.0,0.0,0,1,3.0,0.0,0.0,0.0,0.0,0.0,8.0,1.0,0.0
195,5.81,5.81,5.76,31,31,39,0.88,0.97,0.97,0.97,2782,2782,3474,89.74,89.74,89.08,0.0,0.0,5.625,5.95,4.0,6.0,6.0,6.5,6.5,6.0,6.5,6.0,6.0,6.0,5.5,6.0,6.5,6.0,4.0,4,10,18.0,0.0,0.0,0.0,0.0,0.0,50.0,31.0,7.0
196,5.71,0.0,5.69,17,0,26,1.0,1.0,0.0,1.0,1530,0,2294,90.0,0.0,88.23,0.0,0.0,0.0,5.5,0.0,0.0,0.0,0.0,0.0,0.0,0.0,0.0,6.0,5.0,0.0,0.0,0.0,0.0,0.0,0,2,3.0,0.0,0.0,0.0,0.0,0.0,45.0,15.0,0.0
197,5.71,6.06,5.71,14,8,14,1.45,1.0,1.0,1.0,1260,720,1260,90.0,90.0,90.0,0.0,0.0,6.375,6.0625,6.0,6.0,8.0,5.5,4.0,5.5,6.5,7.0,0.0,0.0,4.0,5.5,4.5,3.0,7.0,4,8,3.0,0.0,0.0,0.0,0.0,0.0,44.0,10.0,4.5
198,5.6,5.5,5.67,15,8,23,0.83,1.0,1.0,1.0,1350,720,2070,90.0,90.0,90.0,0.0,0.0,5.875,5.5,6.5,5.0,6.0,6.0,4.0,5.0,6.0,5.5,0.0,0.0,0.0,0.0,0.0,0.0,0.0,4,8,6.0,0.0,0.0,0.0,0.0,0.0,18.0,15.0,0.0
199,5.6,0.0,5.73,24,0,32,1.12,1.0,0.0,1.0,2160,0,2880,90.0,0.0,90.0,0.0,0.0,0.0,5.333333333333333,0.0,0.0,0.0,0.0,0.0,0.0,0.0,6.0,5.5,4.5,5.5,5.0,6.0,8.0,4.5,0,3,7.0,0.0,0.0,0.0,0.0,0.0,50.0,24.0,6.5
200,5.6,0.0,5.6,20,0,20,0.79,1.0,0.0,1.0,1800,0,1800,90.0,0.0,90.0,0.0,0.0,5.166666666666667,5.428571428571429,0.0,4.5,5.5,5.5,5.0,0.0,5.5,6.0,0.0,6.0,6.0,5.5,7.0,6.0,5.0,3,7,7.0,0.0,0.0,0.0,0.0,0.0,28.0,18.0,0.0
201,5.57,5.5,5.56,30,5,33,0.95,1.0,1.0,1.0,2700,450,2960,90.0,90.0,89.7,0.0,0.0,5.375,5.444444444444445,6.5,6.0,5.5,3.5,6.0,0.0,4.0,6.0,6.0,5.5,6.0,6.0,6.0,5.5,6.0,4,9,15.0,0.0,0.0,0.0,0.0,0.0,33.0,27.0,6.0
202,5.57,6.0,5.68,30,3,37,1.19,1.0,1.0,1.0,2700,270,3330,90.0,90.0,90.0,0.0,0.0,6.0,6.0,4.0,6.0,8.0,0.0,5.0,6.0,5.5,6.5,7.5,5.5,6.5,7.0,4.5,6.0,4.0,3,9,6.0,0.0,0.0,0.0,0.0,0.0,65.0,30.0,4.75
203,5.48,0.0,5.48,25,0,33,1.35,1.0,0.0,1.0,2250,0,2966,90.0,0.0,89.88,0.0,0.0,0.0,6.0,0.0,0.0,0.0,0.0,0.0,0.0,7.0,5.0,5.0,7.0,6.0,4.5,6.0,6.0,8.0,0,4,4.0,0.0,0.0,0.0,0.0,0.0,64.0,20.0,4.5
204,5.48,0.0,5.48,28,0,28,1.31,1.0,0.0,1.0,2408,0,2408,86.0,0.0,86.0,0.0,0.0,5.166666666666667,5.722222222222222,0.0,4.0,6.5,5.0,6.0,8.0,6.5,4.5,5.0,6.0,3.5,5.0,4.0,7.0,7.0,3,9,4.0,0.0,0.0,0.0,0.0,0.0,65.0,36.0,4.0
205,5.45,5.57,5.45,30,7,30,1.21,1.0,1.0,1.0,2700,630,2700,90.0,90.0,90.0,0.0,0.0,5.75,5.777777777777778,6.0,8.0,5.0,4.0,5.0,5.5,5.5,0.0,6.5,6.5,6.0,8.0,4.5,6.5,4.0,4,9,8.0,0.0,0.0,0.0,0.0,0.0,66.0,24.0,6.0
206,5.44,5.44,5.44,31,31,31,1.01,1.0,1.0,1.0,2790,2790,2790,90.0,90.0,90.0,0.0,0.0,4.875,5.1,4.0,4.5,4.0,7.0,5.5,3.5,4.5,5.0,7.0,6.0,6.5,5.0,4.0,4.0,6.0,4,10,3.0,0.0,0.0,0.0,0.0,0.0,61.0,36.0,6.0
207,5.43,6.0,5.41,22,1,28,1.12,1.0,1.0,1.0,1933,90,2473,87.86,90.0,88.32,0.0,0.0,5.333333333333333,5.357142857142857,6.0,0.0,4.0,6.0,6.5,0.0,4.5,4.5,0.0,6.0,5.5,4.0,4.0,3.0,6.5,3,7,12.0,0.0,0.0,0.0,0.0,0.0,27.0,22.0,5.25
208,5.41,5.41,5.41,22,22,22,1.34,1.0,1.0,1.0,1980,1980,1980,90.0,90.0,90.0,0.0,0.0,5.0,5.35,4.0,6.5,6.0,3.5,7.0,4.0,5.0,6.0,6.0,5.5,4.0,7.0,7.0,4.0,4.5,4,10,3.0,0.0,0.0,0.0,0.0,0.0,48.0,34.0,4.5
209,5.41,0.0,5.32,23,0,31,1.05,1.0,0.0,1.0,1988,0,2708,86.43,0.0,87.35,0.0,0.0,5.25,5.0625,0.0,0.0,4.5,6.0,5.0,5.0,5.5,3.5,4.0,7.0,7.0,7.0,6.0,4.5,5.0,2,8,7.0,0.0,0.0,0.0,0.0,0.0,34.0,28.0,4.75
210,5.37,5.25,5.45,30,6,37,1.17,1.0,1.0,1.0,2700,540,3330,90.0,90.0,90.0,0.0,0.0,5.75,5.277777777777778,6.5,6.0,6.0,4.5,3.0,5.5,0.0,4.0,6.0,6.0,5.5,6.5,7.0,5.0,7.0,4,9,4.0,0.0,0.0,0.0,0.0,0.0,53.0,48.0,7.0
211,5.26,5.26,5.28,31,31,39,1.12,1.0,1.0,1.0,2790,2790,3510,90.0,90.0,90.0,0.0,0.0,5.375,5.45,2.5,7.0,6.0,6.0,6.0,5.5,7.0,4.0,5.5,5.0,6.0,5.0,6.0,6.0,4.5,4,10,13.0,0.0,0.0,0.0,0.0,0.0,29.0,39.0,4.5
212,5.26,5.26,5.21,31,31,33,0.97,1.0,1.0,1.0,2790,2790,2970,90.0,90.0,90.0,0.0,0.0,5.5,4.95,7.0,4.5,5.0,5.5,3.0,6.0,6.0,3.0,4.0,5.5,6.0,4.5,7.0,6.0,5.5,4,10,8.0,0.0,0.0,0.0,0.0,0.0,42.0,35.0,4.0
213,5.25,0.0,5.25,16,0,16,1.25,1.0,0.0,1.0,1440,0,1440,90.0,0.0,90.0,0.0,0.0,0.0,6.5,0.0,0.0,0.0,0.0,0.0,0.0,0.0,0.0,7.0,6.0,6.0,2.5,3.0,4.0,4.5,0,2,4.0,0.0,0.0,0.0,0.0,0.0,27.0,13.0,4.5
214,5.25,5.0,5.25,4,1,4,0.5,0.75,1.0,0.75,245,90,245,61.25,90.0,61.25,0.0,0.0,5.0,5.0,5.0,0.0,0.0,0.0,0.0,0.0,0.0,0.0,0.0,0.0,0.0,0.0,0.0,0.0,0.0,1,1,0.0,0.0,0.0,0.0,0.0,0.0,4.0,2.0,0.0
215,5.22,5.4,5.07,27,5,36,1.03,1.0,1.0,1.0,2430,450,3240,90.0,90.0,90.0,0.0,0.0,5.25,5.722222222222222,4.5,4.5,5.0,7.0,6.0,0.0,6.5,7.0,5.5,5.5,5.5,4.5,5.0,4.0,6.0,4,9,5.0,0.0,0.0,0.0,0.0,0.0,44.0,14.0,4.25
216,5.22,6.0,5.3,9,2,10,1.25,0.89,1.0,0.9,802,180,892,89.11,90.0,89.2,0.0,0.0,6.0,6.0,5.5,6.5,0.0,0.0,0.0,0.0,0.0,0.0,0.0,0.0,0.0,0.0,0.0,0.0,0.0,2,2,1.0,0.0,0.0,0.0,0.0,0.0,10.0,13.0,0.0
217,5.19,5.19,5.28,31,31,40,1.1,1.0,1.0,1.0,2790,2790,3600,90.0,90.0,90.0,0.0,0.0,4.5,5.1,6.0,4.0,5.0,3.0,6.5,6.5,7.0,4.0,5.0,4.0,5.5,4.5,6.0,4.0,5.5,4,10,9.0,0.0,0.0,0.0,0.0,0.0,51.0,24.0,4.0
218,5.14,5.14,5.14,7,7,7,1.35,1.0,1.0,1.0,630,630,630,90.0,90.0,90.0,0.0,0.0,5.5,5.142857142857143,3.0,6.0,7.0,6.0,5.0,5.0,4.0,0.0,0.0,0.0,0.0,0.0,0.0,0.0,0.0,4,7,2.0,0.0,0.0,0.0,0.0,0.0,14.0,1.0,0.0
219,5.05,6.0,5.21,11,1,19,1.29,1.0,1.0,1.0,990,90,1710,90.0,90.0,90.0,0.0,0.0,6.0,4.833333333333333,6.0,0.0,0.0,0.0,0.0,4.0,0.0,0.0,4.5,0.0,0.0,0.0,0.0,0.0,0.0,1,3,3.0,0.0,0.0,0.0,0.0,0.0,18.0,9.0,4.0
220,5.0,0.0,5.0,2,0,2,1.41,1.0,0.0,1.0,180,0,180,90.0,0.0,90.0,0.0,0.0,0.0,5.0,0.0,0.0,0.0,0.0,6.0,4.0,0.0,0.0,0.0,0.0,0.0,0.0,0.0,0.0,0.0,0,2,0.0,0.0,0.0,0.0,0.0,0.0,4.0,4.0,0.0
221,4.93,5.08,4.96,29,12,37,1.22,1.0,1.0,1.0,2610,1080,3322,90.0,90.0,89.78,0.0,0.0,4.25,4.9,2.5,6.5,3.0,5.0,6.0,5.5,5.5,5.5,3.5,6.0,7.0,5.0,0.0,0.0,5.0,4,10,9.0,0.0,0.0,0.0,0.0,0.0,33.0,20.0,4.0
222,4.75,0.0,4.75,2,0,2,1.06,1.0,0.0,1.0,180,0,180,90.0,0.0,90.0,0.0,0.0,0.0,0.0,0.0,0.0,0.0,0.0,0.0,0.0,0.0,0.0,0.0,0.0,0.0,0.0,5.5,4.0,0.0,0,0,0.0,0.0,0.0,0.0,0.0,0.0,2.0,1.0,0.0
223,4.5,0.0,4.75,1,0,2,0.0,0.0,0.0,0.0,72,0,100,72.0,0.0,50.0,0.0,0.0,0.0,0.0,0.0,0.0,0.0,0.0,0.0,0.0,0.0,0.0,0.0,0.0,0.0,0.0,0.0,0.0,0.0,0,0,0.0,0.0,0.0,0.0,0.0,0.0,1.0,0.0,0.0
224,3.5,0.0,5.15,1,0,10,0.0,1.0,0.0,1.0,6,0,816,6.0,0.0,81.6,0.0,0.0,0.0,0.0,0.0,0.0,0.0,0.0,0.0,0.0,0.0,0.0,0.0,0.0,0.0,0.0,0.0,0.0,0.0,0,0,0.0,0.0,0.0,0.0,0.0,0.0,0.0,0.0,0.0
225,3.0,0.0,4.78,1,0,9,0.0,1.0,0.0,1.0,90,0,810,90.0,0.0,90.0,0.0,0.0,0.0,3.0,0.0,0.0,0.0,0.0,0.0,0.0,0.0,3.0,0.0,0.0,0.0,0.0,0.0,0.0,0.0,0,1,0.0,0.0,0.0,0.0,0.0,0.0,0.0,2.0,0.0
226,2.0,0.0,2.0,2,0,2,2.83,0.0,0.0,0.0,146,0,146,73.0,0.0,73.0,0.0,0.0,0.0,4.0,0.0,0.0,0.0,0.0,0.0,0.0,0.0,0.0,4.0,0.0,0.0,0.0,0.0,0.0,0.0,0,1,0.0,0.0,0.0,0.0,0.0,0.0,0.0,1.0,0.0
227,0.0,0.0,0.0,0,0,0,0.0,0.0,0.0,0.0,0,0,0,0.0,0.0,0.0,0.0,0.0,0.0,0.0,0.0,0.0,0.0,0.0,0.0,0.0,0.0,0.0,0.0,0.0,0.0,0.0,0.0,0.0,0.0,0,0,0.0,0.0,0.0,0.0,0.0,0.0,0.0,0.0,0.0
228,0.0,0.0,5.5,0,0,1,0.0,0.0,0.0,0.0,0,0,10,0.0,0.0,10.0,0.0,0.0,0.0,0.0,0.0,0.0,0.0,0.0,0.0,0.0,0.0,0.0,0.0,0.0,0.0,0.0,0.0,0.0,0.0,0,0,0.0,0.0,0.0,0.0,0.0,0.0,0.0,0.0,0.0
229,0.0,0.0,0.0,0,0,0,0.0,0.0,0.0,0.0,0,0,0,0.0,0.0,0.0,0.0,0.0,0.0,0.0,0.0,0.0,0.0,0.0,0.0,0.0,0.0,0.0,0.0,0.0,0.0,0.0,0.0,0.0,0.0,0,0,0.0,0.0,0.0,0.0,0.0,0.0,0.0,0.0,0.0
230,0.0,0.0,0.0,0,0,0,0.0,0.0,0.0,0.0,0,0,0,0.0,0.0,0.0,0.0,0.0,0.0,0.0,0.0,0.0,0.0,0.0,0.0,0.0,0.0,0.0,0.0,0.0,0.0,0.0,0.0,0.0,0.0,0,0,0.0,0.0,0.0,0.0,0.0,0.0,0.0,0.0,0.0
231,0.0,0.0,0.0,0,0,0,0.0,0.0,0.0,0.0,0,0,0,0.0,0.0,0.0,0.0,0.0,0.0,0.0,0.0,0.0,0.0,0.0,0.0,0.0,0.0,0.0,0.0,0.0,0.0,0.0,0.0,0.0,0.0,0,0,0.0,0.0,0.0,0.0,0.0,0.0,0.0,0.0,0.0
232,0.0,0.0,0.0,0,0,0,0.0,0.0,0.0,0.0,0,0,0,0.0,0.0,0.0,0.0,0.0,0.0,0.0,0.0,0.0,0.0,0.0,0.0,0.0,0.0,0.0,0.0,0.0,0.0,0.0,0.0,0.0,0.0,0,0,0.0,0.0,0.0,0.0,0.0,0.0,0.0,0.0,0.0
233,0.0,0.0,0.0,0,0,0,0.0,0.0,0.0,0.0,0,0,0,0.0,0.0,0.0,0.0,0.0,0.0,0.0,0.0,0.0,0.0,0.0,0.0,0.0,0.0,0.0,0.0,0.0,0.0,0.0,0.0,0.0,0.0,0,0,0.0,0.0,0.0,0.0,0.0,0.0,0.0,0.0,0.0
234,0.0,0.0,0.0,0,0,0,0.0,0.0,0.0,0.0,0,0,0,0.0,0.0,0.0,0.0,0.0,0.0,0.0,0.0,0.0,0.0,0.0,0.0,0.0,0.0,0.0,0.0,0.0,0.0,0.0,0.0,0.0,0.0,0,0,0.0,0.0,0.0,0.0,0.0,0.0,0.0,0.0,0.0
235,0.0,0.0,0.0,0,0,0,0.0,0.0,0.0,0.0,0,0,0,0.0,0.0,0.0,0.0,0.0,0.0,0.0,0.0,0.0,0.0,0.0,0.0,0.0,0.0,0.0,0.0,0.0,0.0,0.0,0.0,0.0,0.0,0,0,0.0,0.0,0.0,0.0,0.0,0.0,0.0,0.0,0.0
236,0.0,0.0,5.0,0,0,1,0.0,0.0,0.0,1.0,0,0,90,0.0,0.0,90.0,0.0,0.0,0.0,0.0,0.0,0.0,0.0,0.0,0.0,0.0,0.0,0.0,0.0,0.0,0.0,0.0,0.0,0.0,0.0,0,0,0.0,0.0,0.0,0.0,0.0,0.0,0.0,0.0,0.0
237,0.0,0.0,0.0,0,0,0,0.0,0.0,0.0,0.0,0,0,0,0.0,0.0,0.0,0.0,0.0,0.0,0.0,0.0,0.0,0.0,0.0,0.0,0.0,0.0,0.0,0.0,0.0,0.0,0.0,0.0,0.0,0.0,0,0,0.0,0.0,0.0,0.0,0.0,0.0,0.0,0.0,0.0
238,0.0,0.0,6.14,0,0,7,0.0,0.0,0.0,1.0,0,0,630,0.0,0.0,90.0,0.0,0.0,0.0,0.0,0.0,0.0,0.0,0.0,0.0,0.0,0.0,0.0,0.0,0.0,0.0,0.0,0.0,0.0,0.0,0,0,0.0,0.0,0.0,0.0,0.0,0.0,0.0,0.0,0.0
239,0.0,0.0,5.0,0,0,1,0.0,0.0,0.0,0.0,0,0,45,0.0,0.0,45.0,0.0,0.0,0.0,0.0,0.0,0.0,0.0,0.0,0.0,0.0,0.0,0.0,0.0,0.0,0.0,0.0,0.0,0.0,0.0,0,0,0.0,0.0,0.0,0.0,0.0,0.0,0.0,0.0,0.0
240,0.0,0.0,8.5,0,0,1,0.0,0.0,0.0,1.0,0,0,90,0.0,0.0,90.0,0.0,0.0,0.0,0.0,0.0,0.0,0.0,0.0,0.0,0.0,0.0,0.0,0.0,0.0,0.0,0.0,0.0,0.0,0.0,0,0,0.0,0.0,0.0,0.0,0.0,0.0,0.0,0.0,0.0
241,0.0,0.0,0.0,0,0,0,0.0,0.0,0.0,0.0,0,0,0,0.0,0.0,0.0,0.0,0.0,0.0,0.0,0.0,0.0,0.0,0.0,0.0,0.0,0.0,0.0,0.0,0.0,0.0,0.0,0.0,0.0,0.0,0,0,0.0,0.0,0.0,0.0,0.0,0.0,0.0,0.0,0.0
242,0.0,0.0,0.0,0,0,0,0.0,0.0,0.0,0.0,0,0,0,0.0,0.0,0.0,0.0,0.0,0.0,0.0,0.0,0.0,0.0,0.0,0.0,0.0,0.0,0.0,0.0,0.0,0.0,0.0,0.0,0.0,0.0,0,0,0.0,0.0,0.0,0.0,0.0,0.0,0.0,0.0,0.0
243,0.0,0.0,0.0,0,0,0,0.0,0.0,0.0,0.0,0,0,0,0.0,0.0,0.0,0.0,0.0,0.0,0.0,0.0,0.0,0.0,0.0,0.0,0.0,0.0,0.0,0.0,0.0,0.0,0.0,0.0,0.0,0.0,0,0,0.0,0.0,0.0,0.0,0.0,0.0,0.0,0.0,0.0
244,0.0,0.0,0.0,0,0,0,0.0,0.0,0.0,0.0,0,0,0,0.0,0.0,0.0,0.0,0.0,0.0,0.0,0.0,0.0,0.0,0.0,0.0,0.0,0.0,0.0,0.0,0.0,0.0,0.0,0.0,0.0,0.0,0,0,0.0,0.0,0.0,0.0,0.0,0.0,0.0,0.0,0.0
245,0.0,0.0,0.0,0,0,0,0.0,0.0,0.0,0.0,0,0,0,0.0,0.0,0.0,0.0,0.0,0.0,0.0,0.0,0.0,0.0,0.0,0.0,0.0,0.0,0.0,0.0,0.0,0.0,0.0,0.0,0.0,0.0,0,0,0.0,0.0,0.0,0.0,0.0,0.0,0.0,0.0,0.0
246,0.0,0.0,0.0,0,0,0,0.0,0.0,0.0,0.0,0,0,0,0.0,0.0,0.0,0.0,0.0,0.0,0.0,0.0,0.0,0.0,0.0,0.0,0.0,0.0,0.0,0.0,0.0,0.0,0.0,0.0,0.0,0.0,0,0,0.0,0.0,0.0,0.0,0.0,0.0,0.0,0.0,0.0
247,0.0,0.0,0.0,0,0,0,0.0,0.0,0.0,0.0,0,0,0,0.0,0.0,0.0,0.0,0.0,0.0,0.0,0.0,0.0,0.0,0.0,0.0,0.0,0.0,0.0,0.0,0.0,0.0,0.0,0.0,0.0,0.0,0,0,0.0,0.0,0.0,0.0,0.0,0.0,0.0,0.0,0.0
248,0.0,0.0,0.0,0,0,0,0.0,0.0,0.0,0.0,0,0,0,0.0,0.0,0.0,0.0,0.0,0.0,0.0,0.0,0.0,0.0,0.0,0.0,0.0,0.0,0.0,0.0,0.0,0.0,0.0,0.0,0.0,0.0,0,0,0.0,0.0,0.0,0.0,0.0,0.0,0.0,0.0,0.0
249,0.0,0.0,0.0,0,0,0,0.0,0.0,0.0,0.0,0,0,0,0.0,0.0,0.0,0.0,0.0,0.0,0.0,0.0,0.0,0.0,0.0,0.0,0.0,0.0,0.0,0.0,0.0,0.0,0.0,0.0,0.0,0.0,0,0,0.0,0.0,0.0,0.0,0.0,0.0,0.0,0.0,0.0
250,0.0,0.0,0.0,0,0,0,0.0,0.0,0.0,0.0,0,0,0,0.0,0.0,0.0,0.0,0.0,0.0,0.0,0.0,0.0,0.0,0.0,0.0,0.0,0.0,0.0,0.0,0.0,0.0,0.0,0.0,0.0,0.0,0,0,0.0,0.0,0.0,0.0,0.0,0.0,0.0,0.0,0.0
251,0.0,0.0,0.0,0,0,0,0.0,0.0,0.0,0.0,0,0,0,0.0,0.0,0.0,0.0,0.0,0.0,0.0,0.0,0.0,0.0,0.0,0.0,0.0,0.0,0.0,0.0,0.0,0.0,0.0,0.0,0.0,0.0,0,0,0.0,0.0,0.0,0.0,0.0,0.0,0.0,0.0,0.0
252,0.0,0.0,0.0,0,0,0,0.0,0.0,0.0,0.0,0,0,0,0.0,0.0,0.0,0.0,0.0,0.0,0.0,0.0,0.0,0.0,0.0,0.0,0.0,0.0,0.0,0.0,0.0,0.0,0.0,0.0,0.0,0.0,0,0,0.0,0.0,0.0,0.0,0.0,0.0,0.0,0.0,0.0
253,0.0,0.0,0.0,0,0,0,0.0,0.0,0.0,0.0,0,0,0,0.0,0.0,0.0,0.0,0.0,0.0,0.0,0.0,0.0,0.0,0.0,0.0,0.0,0.0,0.0,0.0,0.0,0.0,0.0,0.0,0.0,0.0,0,0,0.0,0.0,0.0,0.0,0.0,0.0,0.0,0.0,0.0
254,0.0,0.0,0.0,0,0,0,0.0,0.0,0.0,0.0,0,0,0,0.0,0.0,0.0,0.0,0.0,0.0,0.0,0.0,0.0,0.0,0.0,0.0,0.0,0.0,0.0,0.0,0.0,0.0,0.0,0.0,0.0,0.0,0,0,0.0,0.0,0.0,0.0,0.0,0.0,0.0,0.0,0.0
